customer_id,profile,subscription_months,successful_payments,failed_payments,avg_delay_days,reminder_success_rate,monthly_amount
C00001,reliable,34,34,0,0.78,0.88,499
C00002,reliable,16,16,0,0.6,0.91,499
C00003,churn_risk,6,4,2,14.92,0.2,499
C00004,reliable,30,30,0,0.61,0.74,499
C00005,reliable,35,32,3,0.62,0.81,499
C00006,reliable,10,8,2,0.17,0.72,499
C00007,churn_risk,2,2,0,5.16,0.11,499
C00008,occasionally_late,15,14,1,1.1,0.77,499
C00009,occasionally_late,5,5,0,1.62,0.65,499
C00010,frequent_failure,14,6,8,7.47,0.36,499
C00011,reliable,28,26,2,0.96,0.95,499
C00012,occasionally_late,16,11,5,3.41,0.48,499
C00013,frequent_failure,14,10,4,3.07,0.22,499
C00014,frequent_failure,7,3,4,6.26,0.47,499
C00015,reliable,6,6,0,0.31,0.8,499
C00016,occasionally_late,6,5,1,1.36,0.7,499
C00017,occasionally_late,17,17,0,2.57,0.6,499
C00018,reliable,36,33,3,0.48,0.87,499
C00019,reliable,12,12,0,0.76,0.77,499
C00020,reliable,27,27,0,0.62,0.79,499
C00021,reliable,17,16,1,0.89,0.86,499
C00022,frequent_failure,9,9,0,4.36,0.38,499
C00023,reliable,8,8,0,0.51,0.83,499
C00024,reliable,17,17,0,0.17,0.77,499
C00025,reliable,35,32,3,0.96,0.78,499
C00026,reliable,22,21,1,0.27,0.99,499
C00027,reliable,6,6,0,0.68,0.86,499
C00028,occasionally_late,7,6,1,2.11,0.53,499
C00029,reliable,7,6,1,0.54,0.73,499
C00030,reliable,11,11,0,0.86,0.8,499
C00031,occasionally_late,22,20,2,1.29,0.78,499
C00032,occasionally_late,11,8,3,2.02,0.49,499
C00033,frequent_failure,5,4,1,3.87,0.49,499
C00034,reliable,6,6,0,0.9,0.97,499
C00035,reliable,8,8,0,0.85,0.96,499
C00036,frequent_failure,13,8,5,6.93,0.38,499
C00037,reliable,30,28,2,0.01,0.75,499
C00038,occasionally_late,19,15,4,1.53,0.46,499
C00039,reliable,29,27,2,0.85,0.9,499
C00040,reliable,24,20,4,0.25,0.88,499
C00041,reliable,13,12,1,0.79,0.85,499
C00042,reliable,10,9,1,0.5,0.87,499
C00043,reliable,17,16,1,0.95,0.97,499
C00044,reliable,29,26,3,0.55,0.87,499
C00045,reliable,34,34,0,0.85,0.8,499
C00046,occasionally_late,6,3,3,1.29,0.67,499
C00047,reliable,32,32,0,0.32,0.95,499
C00048,occasionally_late,10,8,2,3.43,0.73,499
C00049,churn_risk,10,9,1,11.28,0.1,499
C00050,reliable,19,19,0,0.34,0.81,499
C00051,occasionally_late,22,19,3,2.63,0.55,499
C00052,reliable,25,25,0,0.3,0.86,499
C00053,frequent_failure,14,10,4,5.29,0.44,499
C00054,reliable,8,8,0,0.73,0.99,499
C00055,reliable,22,22,0,0.43,0.92,499
C00056,reliable,35,34,1,0.7,0.82,499
C00057,reliable,7,6,1,0.09,0.75,499
C00058,occasionally_late,10,10,0,2.31,0.71,499
C00059,occasionally_late,22,21,1,1.04,0.49,499
C00060,reliable,19,17,2,0.18,0.71,499
C00061,frequent_failure,6,4,2,5.17,0.29,499
C00062,occasionally_late,5,5,0,1.05,0.78,499
C00063,occasionally_late,16,16,0,1.21,0.67,499
C00064,occasionally_late,23,20,3,2.16,0.68,499
C00065,occasionally_late,8,8,0,3.46,0.68,499
C00066,reliable,17,17,0,0.02,0.73,499
C00067,reliable,13,13,0,0.68,0.8,499
C00068,reliable,31,28,3,0.63,0.96,499
C00069,frequent_failure,6,2,4,6.75,0.43,499
C00070,reliable,23,22,1,0.58,0.96,499
C00071,reliable,28,25,3,0.75,0.73,499
C00072,occasionally_late,19,19,0,1.89,0.48,499
C00073,churn_risk,3,0,3,8.19,0.29,499
C00074,occasionally_late,18,16,2,1.28,0.66,499
C00075,reliable,26,24,2,0.79,0.73,499
C00076,reliable,36,35,1,0.74,0.86,499
C00077,churn_risk,9,2,7,11.18,0.08,499
C00078,occasionally_late,13,11,2,3.68,0.5,499
C00079,reliable,13,11,2,0.37,0.94,499
C00080,churn_risk,4,3,1,12.08,0.17,499
C00081,occasionally_late,13,13,0,1.33,0.62,499
C00082,reliable,31,28,3,0.77,0.95,499
C00083,occasionally_late,20,17,3,2.59,0.6,499
C00084,churn_risk,5,4,1,14.25,0.28,499
C00085,occasionally_late,21,15,6,1.65,0.55,499
C00086,occasionally_late,6,3,3,1.14,0.55,499
C00087,frequent_failure,14,10,4,4.68,0.21,499
C00088,reliable,33,28,5,0.08,0.99,499
C00089,occasionally_late,20,19,1,2.23,0.66,499
C00090,reliable,8,7,1,0.95,0.92,499
C00091,reliable,29,27,2,0.55,0.75,499
C00092,frequent_failure,17,10,7,5.97,0.28,499
C00093,frequent_failure,15,15,0,3.18,0.2,499
C00094,reliable,33,31,2,1.0,1.0,499
C00095,frequent_failure,7,6,1,4.89,0.23,499
C00096,reliable,18,17,1,0.23,0.9,499
C00097,reliable,13,13,0,0.5,0.84,499
C00098,reliable,6,6,0,0.56,0.96,499
C00099,reliable,20,19,1,0.78,0.89,499
C00100,churn_risk,2,1,1,10.9,0.15,499
C00101,churn_risk,4,3,1,9.51,0.28,499
C00102,occasionally_late,20,16,4,1.44,0.77,499
C00103,reliable,29,29,0,0.62,0.8,499
C00104,occasionally_late,14,14,0,1.39,0.49,499
C00105,reliable,13,12,1,0.7,0.82,499
C00106,occasionally_late,21,19,2,1.67,0.74,499
C00107,reliable,27,27,0,0.12,0.84,499
C00108,reliable,19,19,0,0.32,0.73,499
C00109,occasionally_late,14,10,4,1.18,0.55,499
C00110,occasionally_late,23,20,3,2.11,0.62,499
C00111,reliable,29,29,0,0.06,0.74,499
C00112,occasionally_late,17,15,2,1.09,0.75,499
C00113,reliable,30,27,3,0.18,0.87,499
C00114,reliable,35,34,1,0.89,0.88,499
C00115,frequent_failure,15,10,5,5.92,0.41,499
C00116,occasionally_late,15,13,2,1.85,0.58,499
C00117,occasionally_late,16,15,1,3.8,0.45,499
C00118,reliable,21,21,0,0.19,0.79,499
C00119,frequent_failure,5,5,0,5.05,0.49,499
C00120,reliable,33,31,2,0.01,0.99,499
C00121,occasionally_late,5,4,1,2.71,0.55,499
C00122,reliable,27,25,2,0.2,0.92,499
C00123,occasionally_late,17,15,2,2.74,0.5,499
C00124,occasionally_late,4,4,0,2.36,0.64,499
C00125,reliable,13,12,1,0.25,0.9,499
C00126,occasionally_late,9,7,2,2.05,0.78,499
C00127,churn_risk,5,1,4,14.38,0.1,499
C00128,occasionally_late,11,8,3,3.25,0.73,499
C00129,reliable,24,21,3,0.52,0.81,499
C00130,reliable,13,12,1,0.71,0.97,499
C00131,occasionally_late,18,15,3,2.07,0.59,499
C00132,reliable,13,12,1,0.12,0.98,499
C00133,reliable,25,22,3,0.62,0.86,499
C00134,frequent_failure,8,7,1,6.53,0.42,499
C00135,reliable,7,6,1,0.88,0.8,499
C00136,reliable,9,9,0,0.6,0.85,499
C00137,reliable,9,8,1,0.72,0.89,499
C00138,occasionally_late,14,13,1,3.48,0.79,499
C00139,reliable,28,27,1,0.95,0.75,499
C00140,occasionally_late,4,4,0,3.62,0.78,499
C00141,occasionally_late,8,7,1,1.46,0.65,499
C00142,reliable,34,34,0,0.84,0.97,499
C00143,reliable,31,27,4,0.12,0.98,499
C00144,occasionally_late,11,10,1,2.14,0.71,499
C00145,frequent_failure,11,7,4,5.07,0.45,499
C00146,reliable,32,30,2,0.45,0.77,499
C00147,reliable,29,28,1,0.17,0.71,499
C00148,frequent_failure,13,10,3,3.07,0.38,499
C00149,churn_risk,1,1,0,13.61,0.18,499
C00150,reliable,18,18,0,0.43,0.94,499
C00151,reliable,22,22,0,0.47,0.87,499
C00152,frequent_failure,17,12,5,5.67,0.32,499
C00153,frequent_failure,6,5,1,7.31,0.48,499
C00154,reliable,19,17,2,0.8,0.99,499
C00155,frequent_failure,10,7,3,4.11,0.23,499
C00156,reliable,27,26,1,0.57,0.97,499
C00157,occasionally_late,6,5,1,3.17,0.75,499
C00158,reliable,10,10,0,0.41,0.8,499
C00159,occasionally_late,4,4,0,1.08,0.51,499
C00160,reliable,7,6,1,0.62,0.8,499
C00161,reliable,28,27,1,0.62,0.82,499
C00162,reliable,17,17,0,0.97,0.93,499
C00163,occasionally_late,17,15,2,1.55,0.62,499
C00164,occasionally_late,5,3,2,1.77,0.5,499
C00165,churn_risk,10,6,4,11.91,0.22,499
C00166,occasionally_late,13,11,2,1.82,0.64,499
C00167,frequent_failure,12,8,4,4.32,0.24,499
C00168,reliable,18,17,1,0.18,0.97,499
C00169,reliable,31,31,0,0.35,0.99,499
C00170,reliable,24,24,0,0.39,0.79,499
C00171,occasionally_late,10,6,4,3.85,0.59,499
C00172,reliable,29,28,1,0.03,0.78,499
C00173,reliable,35,33,2,0.15,0.89,499
C00174,reliable,13,13,0,0.5,0.91,499
C00175,reliable,8,8,0,0.0,0.99,499
C00176,reliable,10,9,1,0.92,0.74,499
C00177,reliable,20,20,0,0.96,0.93,499
C00178,frequent_failure,7,5,2,7.25,0.24,499
C00179,reliable,31,31,0,0.67,0.71,499
C00180,churn_risk,10,4,6,14.15,0.06,499
C00181,reliable,21,20,1,0.42,0.94,499
C00182,reliable,8,8,0,0.83,0.71,499
C00183,reliable,33,32,1,0.88,0.86,499
C00184,reliable,12,12,0,0.54,0.94,499
C00185,occasionally_late,19,17,2,3.63,0.6,499
C00186,churn_risk,11,6,5,10.29,0.28,499
C00187,churn_risk,4,3,1,5.89,0.06,499
C00188,occasionally_late,15,12,3,3.3,0.6,499
C00189,occasionally_late,20,19,1,2.06,0.55,499
C00190,reliable,30,30,0,0.91,0.71,499
C00191,reliable,9,9,0,0.95,0.94,499
C00192,reliable,29,23,6,0.6,0.97,499
C00193,occasionally_late,7,6,1,3.83,0.68,499
C00194,occasionally_late,13,10,3,2.15,0.46,499
C00195,frequent_failure,7,4,3,7.85,0.46,499
C00196,churn_risk,11,8,3,12.58,0.22,499
C00197,frequent_failure,8,4,4,6.74,0.16,499
C00198,frequent_failure,13,6,7,4.33,0.2,499
C00199,churn_risk,10,2,8,11.55,0.19,499
C00200,reliable,20,20,0,0.7,0.71,499
C00201,churn_risk,5,2,3,5.62,0.27,499
C00202,churn_risk,3,2,1,11.78,0.19,499
C00203,frequent_failure,18,11,7,7.25,0.45,499
C00204,frequent_failure,12,8,4,6.49,0.22,499
C00205,churn_risk,9,6,3,13.26,0.08,499
C00206,occasionally_late,21,21,0,3.5,0.63,499
C00207,reliable,19,19,0,0.56,0.73,499
C00208,reliable,18,17,1,0.11,0.93,499
C00209,churn_risk,5,5,0,14.37,0.22,499
C00210,reliable,22,22,0,0.71,0.84,499
C00211,reliable,23,21,2,0.97,0.99,499
C00212,reliable,34,33,1,0.07,0.95,499
C00213,frequent_failure,13,4,9,5.23,0.25,499
C00214,reliable,18,17,1,0.53,0.95,499
C00215,frequent_failure,17,8,9,6.27,0.25,499
C00216,reliable,33,28,5,0.91,0.96,499
C00217,frequent_failure,7,5,2,5.05,0.46,499
C00218,reliable,22,21,1,0.37,0.96,499
C00219,churn_risk,9,5,4,12.77,0.24,499
C00220,frequent_failure,5,1,4,4.47,0.47,499
C00221,reliable,20,19,1,0.12,0.74,499
C00222,reliable,11,11,0,0.16,0.9,499
C00223,occasionally_late,11,11,0,2.37,0.45,499
C00224,reliable,19,17,2,0.72,0.9,499
C00225,churn_risk,9,7,2,9.81,0.08,499
C00226,churn_risk,6,0,6,12.02,0.19,499
C00227,reliable,7,6,1,0.88,0.72,499
C00228,reliable,12,11,1,0.57,0.91,499
C00229,reliable,28,25,3,0.95,0.74,499
C00230,occasionally_late,12,10,2,2.62,0.7,499
C00231,occasionally_late,23,18,5,3.44,0.48,499
C00232,occasionally_late,6,5,1,1.49,0.6,499
C00233,occasionally_late,15,11,4,3.62,0.53,499
C00234,reliable,13,13,0,0.43,0.71,499
C00235,reliable,24,23,1,1.0,0.99,499
C00236,reliable,8,7,1,0.42,0.76,499
C00237,reliable,26,25,1,0.74,0.83,499
C00238,reliable,25,24,1,0.54,0.85,499
C00239,reliable,7,7,0,0.87,0.97,499
C00240,reliable,24,24,0,0.36,0.82,499
C00241,frequent_failure,3,3,0,6.58,0.47,499
C00242,reliable,19,18,1,0.41,0.72,499
C00243,reliable,34,32,2,0.51,0.81,499
C00244,reliable,32,32,0,0.4,0.96,499
C00245,occasionally_late,15,14,1,3.91,0.61,499
C00246,reliable,19,19,0,0.45,0.9,499
C00247,reliable,13,13,0,0.71,0.75,499
C00248,reliable,10,9,1,0.53,0.93,499
C00249,reliable,20,19,1,0.21,0.73,499
C00250,reliable,36,36,0,0.05,0.89,499
C00251,reliable,32,32,0,0.51,0.71,499
C00252,churn_risk,8,6,2,5.17,0.13,499
C00253,occasionally_late,18,17,1,2.03,0.64,499
C00254,reliable,25,21,4,0.2,0.9,499
C00255,reliable,13,13,0,0.23,0.99,499
C00256,occasionally_late,14,10,4,2.49,0.67,499
C00257,occasionally_late,15,13,2,3.39,0.77,499
C00258,churn_risk,5,1,4,10.77,0.14,499
C00259,occasionally_late,12,11,1,3.98,0.71,499
C00260,reliable,16,15,1,0.4,0.8,499
C00261,frequent_failure,15,12,3,5.18,0.44,499
C00262,occasionally_late,24,20,4,2.1,0.59,499
C00263,reliable,30,30,0,0.55,0.83,499
C00264,occasionally_late,11,10,1,2.86,0.61,499
C00265,frequent_failure,18,14,4,7.57,0.43,499
C00266,reliable,21,19,2,0.53,0.88,499
C00267,frequent_failure,14,13,1,3.09,0.22,499
C00268,occasionally_late,18,14,4,3.78,0.47,499
C00269,reliable,7,7,0,0.62,0.86,499
C00270,churn_risk,3,2,1,5.9,0.23,499
C00271,churn_risk,10,8,2,6.81,0.22,499
C00272,occasionally_late,10,7,3,3.38,0.51,499
C00273,reliable,27,25,2,0.55,0.71,499
C00274,churn_risk,7,5,2,10.15,0.2,499
C00275,occasionally_late,13,10,3,2.06,0.53,499
C00276,reliable,24,22,2,0.67,0.94,499
C00277,reliable,28,25,3,0.17,0.92,499
C00278,reliable,22,22,0,0.31,0.77,499
C00279,occasionally_late,12,8,4,2.78,0.62,499
C00280,reliable,26,24,2,0.44,0.83,499
C00281,reliable,29,28,1,0.1,0.92,499
C00282,reliable,19,19,0,0.65,0.88,499
C00283,reliable,11,11,0,0.07,0.86,499
C00284,frequent_failure,10,7,3,6.25,0.34,499
C00285,reliable,11,9,2,0.38,0.81,499
C00286,reliable,25,25,0,0.56,0.99,499
C00287,occasionally_late,19,19,0,2.27,0.74,499
C00288,reliable,13,13,0,0.93,0.77,499
C00289,reliable,10,9,1,0.77,0.77,499
C00290,reliable,27,26,1,0.76,0.74,499
C00291,frequent_failure,4,4,0,3.59,0.23,499
C00292,reliable,7,7,0,0.55,0.79,499
C00293,reliable,9,8,1,0.16,0.94,499
C00294,occasionally_late,23,19,4,3.79,0.49,499
C00295,reliable,29,29,0,0.72,0.74,499
C00296,frequent_failure,17,13,4,3.87,0.39,499
C00297,churn_risk,10,7,3,6.33,0.27,499
C00298,reliable,19,16,3,0.83,0.8,499
C00299,frequent_failure,15,13,2,3.34,0.16,499
C00300,churn_risk,4,3,1,6.06,0.21,499
C00301,occasionally_late,22,21,1,2.69,0.52,499
C00302,reliable,23,23,0,0.7,1.0,499
C00303,reliable,14,13,1,0.27,0.75,499
C00304,occasionally_late,7,6,1,3.44,0.67,499
C00305,occasionally_late,9,8,1,1.39,0.76,499
C00306,reliable,12,12,0,0.48,0.75,499
C00307,churn_risk,7,5,2,9.81,0.05,499
C00308,frequent_failure,9,6,3,4.62,0.44,499
C00309,reliable,10,9,1,0.49,0.73,499
C00310,reliable,25,23,2,0.15,0.74,499
C00311,reliable,23,22,1,0.38,0.82,499
C00312,frequent_failure,15,9,6,3.51,0.38,499
C00313,frequent_failure,18,11,7,7.2,0.16,499
C00314,reliable,16,16,0,0.39,0.84,499
C00315,frequent_failure,15,11,4,6.69,0.33,499
C00316,reliable,30,30,0,0.66,0.94,499
C00317,reliable,25,24,1,0.35,0.79,499
C00318,frequent_failure,9,6,3,4.77,0.29,499
C00319,frequent_failure,10,5,5,3.1,0.18,499
C00320,reliable,13,13,0,0.38,0.76,499
C00321,occasionally_late,17,14,3,3.88,0.62,499
C00322,reliable,9,9,0,0.98,0.88,499
C00323,occasionally_late,5,5,0,2.01,0.77,499
C00324,reliable,32,31,1,0.39,0.75,499
C00325,churn_risk,3,2,1,11.46,0.12,499
C00326,frequent_failure,19,16,3,5.72,0.37,499
C00327,churn_risk,8,5,3,6.81,0.06,499
C00328,frequent_failure,15,10,5,3.66,0.4,499
C00329,reliable,24,23,1,0.34,0.82,499
C00330,occasionally_late,6,4,2,2.7,0.69,499
C00331,occasionally_late,8,8,0,2.38,0.45,499
C00332,occasionally_late,4,3,1,1.58,0.76,499
C00333,reliable,26,25,1,0.62,0.76,499
C00334,frequent_failure,6,4,2,6.8,0.16,499
C00335,reliable,7,6,1,0.68,0.93,499
C00336,reliable,24,21,3,0.37,0.83,499
C00337,frequent_failure,5,5,0,6.32,0.15,499
C00338,reliable,19,18,1,0.79,0.73,499
C00339,reliable,19,17,2,0.1,0.77,499
C00340,reliable,29,26,3,0.8,0.78,499
C00341,reliable,19,17,2,0.7,0.92,499
C00342,reliable,9,9,0,0.44,0.74,499
C00343,reliable,23,22,1,0.06,0.94,499
C00344,occasionally_late,16,16,0,2.91,0.62,499
C00345,occasionally_late,18,14,4,2.15,0.65,499
C00346,reliable,34,31,3,0.17,0.91,499
C00347,occasionally_late,9,8,1,1.9,0.78,499
C00348,reliable,24,23,1,0.46,0.84,499
C00349,churn_risk,4,3,1,5.81,0.23,499
C00350,reliable,30,30,0,0.06,0.77,499
C00351,reliable,25,25,0,0.96,0.72,499
C00352,reliable,33,30,3,0.28,0.94,499
C00353,reliable,36,35,1,0.78,0.72,499
C00354,reliable,25,24,1,0.56,0.8,499
C00355,frequent_failure,8,2,6,3.11,0.38,499
C00356,occasionally_late,10,9,1,3.48,0.73,499
C00357,reliable,26,25,1,0.65,0.76,499
C00358,reliable,30,30,0,0.97,0.75,499
C00359,occasionally_late,13,9,4,3.05,0.64,499
C00360,reliable,33,31,2,0.07,0.91,499
C00361,reliable,11,10,1,0.43,0.74,499
C00362,reliable,15,14,1,0.41,0.9,499
C00363,reliable,13,12,1,0.36,0.99,499
C00364,reliable,12,11,1,0.54,0.93,499
C00365,reliable,13,13,0,0.88,0.96,499
C00366,reliable,31,31,0,0.56,0.87,499
C00367,reliable,17,16,1,0.5,0.73,499
C00368,frequent_failure,13,8,5,7.82,0.22,499
C00369,reliable,33,31,2,0.28,0.79,499
C00370,reliable,19,17,2,0.16,0.91,499
C00371,reliable,8,8,0,0.9,0.75,499
C00372,occasionally_late,11,9,2,2.96,0.5,499
C00373,occasionally_late,22,14,8,3.41,0.63,499
C00374,reliable,28,25,3,0.73,0.8,499
C00375,churn_risk,11,7,4,5.13,0.19,499
C00376,occasionally_late,5,5,0,2.14,0.79,499
C00377,reliable,11,11,0,0.71,0.79,499
C00378,frequent_failure,14,8,6,4.27,0.44,499
C00379,occasionally_late,19,17,2,3.48,0.49,499
C00380,reliable,14,13,1,0.19,0.88,499
C00381,occasionally_late,20,16,4,2.41,0.79,499
C00382,reliable,21,21,0,0.31,0.7,499
C00383,reliable,25,24,1,0.84,0.78,499
C00384,occasionally_late,18,17,1,1.64,0.46,499
C00385,occasionally_late,17,16,1,1.7,0.73,499
C00386,frequent_failure,3,2,1,3.0,0.21,499
C00387,reliable,19,15,4,0.55,0.81,499
C00388,reliable,25,24,1,0.42,0.71,499
C00389,reliable,30,28,2,0.91,0.93,499
C00390,reliable,12,11,1,0.56,0.89,499
C00391,occasionally_late,23,23,0,3.11,0.64,499
C00392,reliable,6,6,0,0.3,0.88,499
C00393,reliable,35,32,3,0.06,0.96,499
C00394,reliable,27,26,1,0.19,0.72,499
C00395,frequent_failure,14,10,4,7.98,0.45,499
C00396,reliable,25,25,0,0.49,0.92,499
C00397,reliable,8,8,0,0.88,0.87,499
C00398,reliable,17,16,1,0.46,0.74,499
C00399,reliable,27,25,2,0.63,0.88,499
C00400,reliable,12,11,1,0.23,0.94,499
C00401,reliable,29,27,2,0.74,0.85,499
C00402,reliable,30,29,1,0.04,0.88,499
C00403,reliable,15,15,0,0.33,0.84,499
C00404,occasionally_late,16,12,4,2.77,0.64,499
C00405,reliable,13,13,0,0.11,0.8,499
C00406,occasionally_late,13,13,0,3.8,0.59,499
C00407,occasionally_late,24,21,3,2.52,0.76,499
C00408,occasionally_late,22,20,2,3.79,0.51,499
C00409,occasionally_late,11,10,1,3.14,0.66,499
C00410,frequent_failure,9,9,0,6.61,0.45,499
C00411,occasionally_late,18,18,0,2.81,0.69,499
C00412,reliable,36,34,2,0.09,0.88,499
C00413,churn_risk,10,5,5,12.5,0.15,499
C00414,occasionally_late,22,16,6,1.03,0.67,499
C00415,occasionally_late,6,6,0,1.36,0.77,499
C00416,occasionally_late,11,9,2,3.08,0.64,499
C00417,reliable,20,20,0,0.12,0.87,499
C00418,occasionally_late,9,7,2,3.08,0.6,499
C00419,reliable,26,25,1,0.59,0.77,499
C00420,reliable,17,16,1,0.43,0.8,499
C00421,reliable,30,30,0,0.39,0.86,499
C00422,reliable,12,12,0,0.89,0.8,499
C00423,reliable,33,31,2,0.01,0.82,499
C00424,occasionally_late,20,18,2,2.82,0.58,499
C00425,churn_risk,1,1,0,6.67,0.29,499
C00426,churn_risk,3,0,3,8.84,0.06,499
C00427,reliable,15,15,0,0.31,0.74,499
C00428,reliable,31,30,1,0.96,0.79,499
C00429,occasionally_late,12,10,2,1.87,0.79,499
C00430,reliable,21,20,1,0.98,0.84,499
C00431,reliable,26,25,1,0.44,0.79,499
C00432,reliable,22,20,2,0.68,0.77,499
C00433,occasionally_late,4,3,1,1.42,0.61,499
C00434,reliable,24,23,1,0.73,0.79,499
C00435,frequent_failure,7,4,3,3.74,0.45,499
C00436,churn_risk,11,6,5,12.22,0.18,499
C00437,reliable,16,15,1,0.06,0.9,499
C00438,reliable,11,11,0,0.46,0.99,499
C00439,frequent_failure,6,5,1,4.02,0.42,499
C00440,occasionally_late,22,19,3,3.6,0.79,499
C00441,frequent_failure,17,14,3,7.78,0.22,499
C00442,frequent_failure,19,14,5,4.49,0.23,499
C00443,reliable,10,10,0,0.63,0.98,499
C00444,reliable,34,34,0,0.87,0.86,499
C00445,occasionally_late,15,10,5,1.84,0.52,499
C00446,reliable,24,24,0,0.99,0.73,499
C00447,reliable,9,8,1,0.74,0.74,499
C00448,frequent_failure,11,9,2,7.23,0.36,499
C00449,reliable,19,19,0,0.69,0.71,499
C00450,occasionally_late,17,11,6,3.84,0.48,499
C00451,occasionally_late,19,17,2,1.34,0.74,499
C00452,reliable,7,7,0,0.4,0.79,499
C00453,reliable,13,13,0,0.15,0.78,499
C00454,occasionally_late,10,9,1,2.92,0.79,499
C00455,reliable,30,27,3,0.19,0.92,499
C00456,reliable,9,9,0,0.07,0.9,499
C00457,occasionally_late,23,22,1,1.87,0.65,499
C00458,churn_risk,8,6,2,9.97,0.12,499
C00459,occasionally_late,14,13,1,2.21,0.49,499
C00460,frequent_failure,8,6,2,5.92,0.31,499
C00461,churn_risk,11,7,4,6.3,0.19,499
C00462,occasionally_late,21,18,3,2.3,0.77,499
C00463,churn_risk,5,1,4,5.42,0.19,499
C00464,frequent_failure,12,11,1,4.27,0.46,499
C00465,reliable,16,16,0,0.7,0.79,499
C00466,frequent_failure,14,9,5,3.52,0.32,499
C00467,frequent_failure,5,4,1,4.04,0.28,499
C00468,reliable,14,14,0,0.55,0.82,499
C00469,reliable,11,10,1,0.88,0.76,499
C00470,occasionally_late,5,4,1,3.79,0.49,499
C00471,churn_risk,5,1,4,9.68,0.19,499
C00472,reliable,18,18,0,0.11,0.85,499
C00473,frequent_failure,16,11,5,7.56,0.44,499
C00474,churn_risk,3,1,2,9.04,0.18,499
C00475,reliable,16,14,2,0.04,0.82,499
C00476,reliable,21,21,0,0.52,0.99,499
C00477,reliable,32,31,1,0.37,0.75,499
C00478,reliable,30,29,1,0.52,0.8,499
C00479,reliable,16,15,1,0.55,0.96,499
C00480,occasionally_late,11,10,1,3.34,0.61,499
C00481,reliable,8,8,0,0.94,0.88,499
C00482,reliable,17,17,0,0.96,0.98,499
C00483,churn_risk,2,0,2,10.61,0.24,499
C00484,occasionally_late,10,9,1,2.87,0.72,499
C00485,reliable,26,25,1,0.91,0.75,499
C00486,frequent_failure,17,8,9,4.45,0.31,499
C00487,occasionally_late,21,19,2,3.79,0.62,499
C00488,reliable,6,6,0,0.53,0.77,499
C00489,occasionally_late,8,7,1,3.79,0.72,499
C00490,reliable,36,36,0,0.17,0.83,499
C00491,reliable,6,6,0,0.99,0.86,499
C00492,occasionally_late,12,10,2,3.85,0.8,499
C00493,churn_risk,9,7,2,9.59,0.28,499
C00494,reliable,23,19,4,0.19,0.94,499
C00495,churn_risk,11,7,4,14.53,0.29,499
C00496,frequent_failure,6,6,0,6.2,0.38,499
C00497,occasionally_late,15,12,3,1.03,0.57,499
C00498,reliable,16,16,0,0.81,0.75,499
C00499,frequent_failure,7,7,0,5.01,0.46,499
C00500,churn_risk,6,5,1,14.2,0.3,499
C00501,frequent_failure,19,16,3,3.45,0.16,499
C00502,reliable,31,30,1,0.79,0.78,499
C00503,reliable,9,7,2,0.9,0.96,499
C00504,reliable,32,32,0,0.04,0.71,499
C00505,frequent_failure,15,11,4,5.16,0.4,499
C00506,reliable,17,15,2,0.28,0.81,499
C00507,churn_risk,8,3,5,12.63,0.26,499
C00508,occasionally_late,16,12,4,1.56,0.57,499
C00509,reliable,30,29,1,0.3,0.96,499
C00510,reliable,32,29,3,0.33,0.91,499
C00511,occasionally_late,6,6,0,2.39,0.47,499
C00512,churn_risk,5,2,3,5.0,0.15,499
C00513,reliable,15,15,0,0.2,0.7,499
C00514,frequent_failure,17,12,5,4.55,0.41,499
C00515,reliable,18,17,1,0.3,0.8,499
C00516,frequent_failure,16,13,3,4.68,0.5,499
C00517,reliable,27,27,0,0.59,0.9,499
C00518,occasionally_late,13,13,0,1.81,0.63,499
C00519,occasionally_late,20,16,4,1.89,0.7,499
C00520,reliable,6,6,0,0.17,0.99,499
C00521,reliable,20,18,2,0.46,0.98,499
C00522,occasionally_late,20,19,1,1.16,0.5,499
C00523,occasionally_late,24,19,5,3.1,0.7,499
C00524,churn_risk,1,1,0,9.83,0.18,499
C00525,churn_risk,1,0,1,13.39,0.05,499
C00526,churn_risk,7,4,3,12.05,0.25,499
C00527,churn_risk,3,3,0,8.09,0.17,499
C00528,churn_risk,3,2,1,7.27,0.27,499
C00529,occasionally_late,15,12,3,3.61,0.69,499
C00530,reliable,29,26,3,0.85,0.99,499
C00531,reliable,13,13,0,0.55,0.79,499
C00532,reliable,22,20,2,0.43,0.96,499
C00533,reliable,6,6,0,0.43,0.91,499
C00534,reliable,20,19,1,0.98,0.94,499
C00535,reliable,28,28,0,0.75,0.73,499
C00536,reliable,15,12,3,0.01,0.84,499
C00537,reliable,31,30,1,0.4,0.92,499
C00538,reliable,32,31,1,0.07,0.88,499
C00539,occasionally_late,5,4,1,2.97,0.79,499
C00540,reliable,34,31,3,0.07,0.83,499
C00541,reliable,8,6,2,0.27,0.7,499
C00542,reliable,15,15,0,0.67,0.88,499
C00543,reliable,7,7,0,0.95,0.73,499
C00544,churn_risk,6,3,3,5.07,0.24,499
C00545,reliable,18,18,0,0.02,0.87,499
C00546,reliable,6,6,0,0.73,0.89,499
C00547,reliable,11,11,0,0.01,0.83,499
C00548,occasionally_late,18,18,0,2.3,0.7,499
C00549,occasionally_late,20,18,2,3.01,0.7,499
C00550,occasionally_late,24,21,3,3.22,0.45,499
C00551,reliable,10,10,0,0.91,0.81,499
C00552,reliable,6,5,1,0.08,0.99,499
C00553,frequent_failure,6,3,3,5.72,0.22,499
C00554,occasionally_late,17,16,1,3.31,0.6,499
C00555,frequent_failure,9,6,3,4.84,0.46,499
C00556,frequent_failure,4,3,1,4.24,0.4,499
C00557,reliable,33,33,0,0.78,0.83,499
C00558,frequent_failure,15,11,4,5.51,0.17,499
C00559,churn_risk,1,0,1,9.1,0.21,499
C00560,reliable,21,20,1,0.79,0.98,499
C00561,occasionally_late,18,16,2,1.33,0.55,499
C00562,reliable,29,29,0,0.25,0.92,499
C00563,frequent_failure,15,12,3,7.57,0.48,499
C00564,reliable,15,14,1,0.23,0.8,499
C00565,reliable,18,17,1,0.19,0.96,499
C00566,frequent_failure,18,14,4,5.2,0.36,499
C00567,occasionally_late,16,14,2,2.15,0.62,499
C00568,occasionally_late,24,22,2,3.2,0.63,499
C00569,reliable,22,22,0,0.73,0.96,499
C00570,occasionally_late,22,21,1,2.56,0.66,499
C00571,reliable,27,26,1,0.34,0.92,499
C00572,churn_risk,9,4,5,9.29,0.19,499
C00573,occasionally_late,4,4,0,1.98,0.64,499
C00574,reliable,20,20,0,0.61,0.74,499
C00575,reliable,31,29,2,0.11,0.93,499
C00576,frequent_failure,9,8,1,3.09,0.43,499
C00577,reliable,20,17,3,0.22,0.91,499
C00578,occasionally_late,12,9,3,3.51,0.74,499
C00579,reliable,24,23,1,0.53,0.85,499
C00580,reliable,20,18,2,0.08,0.82,499
C00581,churn_risk,2,1,1,13.77,0.15,499
C00582,churn_risk,4,3,1,5.74,0.14,499
C00583,reliable,34,33,1,0.32,0.77,499
C00584,reliable,32,32,0,0.37,0.81,499
C00585,reliable,32,31,1,0.83,0.95,499
C00586,occasionally_late,5,4,1,2.65,0.47,499
C00587,occasionally_late,8,6,2,2.05,0.69,499
C00588,reliable,24,24,0,0.74,0.75,499
C00589,frequent_failure,19,13,6,6.03,0.3,499
C00590,frequent_failure,12,9,3,5.07,0.4,499
C00591,occasionally_late,11,9,2,3.58,0.75,499
C00592,occasionally_late,19,16,3,3.09,0.58,499
C00593,occasionally_late,20,15,5,3.08,0.54,499
C00594,occasionally_late,4,4,0,3.48,0.61,499
C00595,occasionally_late,10,8,2,2.99,0.74,499
C00596,frequent_failure,8,7,1,6.87,0.41,499
C00597,reliable,10,10,0,0.03,0.96,499
C00598,occasionally_late,17,12,5,1.97,0.76,499
C00599,reliable,34,32,2,0.67,0.73,499
C00600,frequent_failure,8,6,2,7.99,0.26,499
C00601,frequent_failure,12,10,2,5.33,0.35,499
C00602,reliable,8,8,0,0.36,0.94,499
C00603,reliable,21,19,2,0.02,0.71,499
C00604,occasionally_late,7,6,1,3.51,0.67,499
C00605,occasionally_late,24,20,4,2.17,0.47,499
C00606,occasionally_late,5,4,1,2.17,0.53,499
C00607,churn_risk,2,0,2,10.28,0.1,499
C00608,churn_risk,4,2,2,9.61,0.28,499
C00609,churn_risk,2,0,2,13.64,0.08,499
C00610,occasionally_late,12,10,2,3.92,0.47,499
C00611,occasionally_late,10,9,1,1.54,0.7,499
C00612,occasionally_late,17,15,2,1.06,0.72,499
C00613,occasionally_late,15,13,2,3.06,0.77,499
C00614,churn_risk,2,1,1,7.77,0.28,499
C00615,occasionally_late,11,10,1,3.11,0.47,499
C00616,churn_risk,4,1,3,13.83,0.21,499
C00617,frequent_failure,17,9,8,4.88,0.43,499
C00618,reliable,24,22,2,0.9,0.89,499
C00619,reliable,36,34,2,0.13,0.8,499
C00620,reliable,22,21,1,0.94,0.73,499
C00621,reliable,17,16,1,0.47,0.72,499
C00622,reliable,20,18,2,0.97,0.93,499
C00623,reliable,29,29,0,0.21,0.89,499
C00624,reliable,15,15,0,0.36,0.9,499
C00625,reliable,27,22,5,0.78,0.72,499
C00626,reliable,27,25,2,0.3,0.87,499
C00627,reliable,11,11,0,0.3,0.79,499
C00628,reliable,28,27,1,0.46,0.79,499
C00629,reliable,29,28,1,0.19,0.8,499
C00630,churn_risk,1,1,0,8.14,0.18,499
C00631,churn_risk,9,4,5,5.16,0.18,499
C00632,occasionally_late,15,11,4,3.51,0.58,499
C00633,reliable,28,25,3,0.42,0.85,499
C00634,frequent_failure,19,15,4,5.84,0.35,499
C00635,occasionally_late,7,6,1,3.8,0.71,499
C00636,reliable,29,29,0,0.28,0.77,499
C00637,frequent_failure,8,5,3,5.86,0.2,499
C00638,frequent_failure,5,3,2,4.69,0.41,499
C00639,reliable,25,22,3,0.22,0.77,499
C00640,reliable,27,27,0,0.62,0.88,499
C00641,reliable,22,22,0,0.46,0.81,499
C00642,reliable,23,19,4,0.94,0.88,499
C00643,frequent_failure,15,12,3,5.33,0.42,499
C00644,reliable,23,22,1,0.7,0.98,499
C00645,occasionally_late,21,20,1,1.09,0.52,499
C00646,occasionally_late,23,21,2,2.4,0.72,499
C00647,occasionally_late,4,3,1,3.79,0.8,499
C00648,frequent_failure,18,16,2,3.25,0.4,499
C00649,occasionally_late,11,10,1,3.09,0.66,499
C00650,reliable,12,12,0,0.77,0.77,499
C00651,occasionally_late,9,8,1,1.95,0.71,499
C00652,reliable,22,20,2,0.35,0.71,499
C00653,occasionally_late,22,20,2,2.79,0.68,499
C00654,reliable,11,11,0,0.88,0.92,499
C00655,reliable,31,30,1,0.68,0.86,499
C00656,reliable,24,24,0,0.34,0.72,499
C00657,reliable,23,19,4,0.54,1.0,499
C00658,reliable,11,11,0,0.09,0.75,499
C00659,reliable,19,19,0,0.91,0.76,499
C00660,reliable,14,12,2,0.75,0.87,499
C00661,frequent_failure,18,13,5,5.31,0.45,499
C00662,occasionally_late,21,16,5,3.73,0.56,499
C00663,reliable,30,27,3,0.94,0.88,499
C00664,frequent_failure,3,3,0,6.41,0.48,499
C00665,occasionally_late,24,23,1,2.17,0.57,499
C00666,reliable,28,26,2,0.93,0.95,499
C00667,occasionally_late,6,6,0,2.68,0.78,499
C00668,reliable,10,10,0,0.08,0.81,499
C00669,occasionally_late,8,8,0,2.78,0.71,499
C00670,occasionally_late,15,14,1,1.52,0.65,499
C00671,churn_risk,6,2,4,12.94,0.06,499
C00672,reliable,7,7,0,0.05,0.91,499
C00673,reliable,20,18,2,0.14,0.91,499
C00674,occasionally_late,9,9,0,3.38,0.51,499
C00675,occasionally_late,16,13,3,2.4,0.62,499
C00676,reliable,20,19,1,0.58,0.93,499
C00677,reliable,29,26,3,0.12,0.98,499
C00678,occasionally_late,18,15,3,2.22,0.51,499
C00679,churn_risk,1,0,1,13.45,0.11,499
C00680,occasionally_late,14,14,0,3.08,0.68,499
C00681,occasionally_late,19,16,3,1.96,0.6,499
C00682,churn_risk,3,1,2,9.13,0.22,499
C00683,reliable,20,18,2,0.56,0.71,499
C00684,reliable,31,31,0,0.88,0.87,499
C00685,occasionally_late,14,14,0,1.94,0.74,499
C00686,reliable,12,11,1,0.63,0.82,499
C00687,occasionally_late,8,5,3,2.19,0.61,499
C00688,occasionally_late,9,6,3,1.71,0.49,499
C00689,occasionally_late,13,11,2,2.45,0.63,499
C00690,occasionally_late,19,15,4,2.68,0.74,499
C00691,occasionally_late,7,6,1,1.63,0.75,499
C00692,reliable,6,4,2,0.78,0.78,499
C00693,reliable,33,33,0,0.46,0.83,499
C00694,reliable,15,14,1,0.22,0.79,499
C00695,reliable,33,32,1,0.57,0.83,499
C00696,occasionally_late,17,14,3,1.3,0.46,499
C00697,occasionally_late,5,3,2,1.7,0.74,499
C00698,reliable,22,22,0,0.87,0.98,499
C00699,reliable,16,15,1,0.01,0.96,499
C00700,churn_risk,9,4,5,8.06,0.06,499
C00701,reliable,12,12,0,0.06,0.86,499
C00702,frequent_failure,17,12,5,3.97,0.18,499
C00703,reliable,36,34,2,0.23,0.95,499
C00704,reliable,33,33,0,0.63,0.79,499
C00705,reliable,12,12,0,0.49,0.83,499
C00706,reliable,19,19,0,0.22,0.76,499
C00707,churn_risk,4,1,3,8.47,0.15,499
C00708,reliable,27,27,0,0.39,0.91,499
C00709,occasionally_late,7,7,0,3.69,0.55,499
C00710,reliable,11,10,1,0.79,0.74,499
C00711,reliable,10,10,0,0.74,0.81,499
C00712,reliable,7,7,0,0.44,0.85,499
C00713,reliable,36,35,1,0.58,0.96,499
C00714,reliable,7,7,0,0.45,0.89,499
C00715,occasionally_late,19,16,3,3.8,0.69,499
C00716,occasionally_late,7,6,1,2.57,0.54,499
C00717,reliable,6,6,0,0.78,0.94,499
C00718,occasionally_late,22,19,3,3.94,0.69,499
C00719,reliable,15,15,0,0.94,0.93,499
C00720,reliable,25,24,1,0.77,0.77,499
C00721,reliable,18,17,1,0.65,0.78,499
C00722,reliable,30,29,1,0.04,0.92,499
C00723,reliable,7,7,0,0.13,0.71,499
C00724,frequent_failure,18,14,4,6.16,0.3,499
C00725,reliable,32,29,3,0.81,0.82,499
C00726,occasionally_late,23,22,1,2.5,0.47,499
C00727,occasionally_late,17,12,5,3.59,0.5,499
C00728,churn_risk,6,2,4,11.98,0.28,499
C00729,occasionally_late,7,5,2,2.74,0.54,499
C00730,reliable,10,10,0,0.63,0.88,499
C00731,occasionally_late,19,17,2,3.51,0.49,499
C00732,frequent_failure,19,15,4,7.59,0.38,499
C00733,reliable,13,13,0,0.3,0.97,499
C00734,reliable,33,31,2,0.01,0.86,499
C00735,churn_risk,3,1,2,10.53,0.25,499
C00736,occasionally_late,8,8,0,1.72,0.48,499
C00737,reliable,16,16,0,0.98,0.82,499
C00738,reliable,25,24,1,0.81,0.8,499
C00739,reliable,34,32,2,0.59,0.91,499
C00740,occasionally_late,8,6,2,3.08,0.7,499
C00741,frequent_failure,8,5,3,6.9,0.39,499
C00742,reliable,20,20,0,0.85,0.76,499
C00743,churn_risk,3,3,0,10.86,0.19,499
C00744,reliable,12,12,0,0.47,0.72,499
C00745,reliable,16,16,0,0.5,0.91,499
C00746,reliable,15,15,0,0.98,0.86,499
C00747,frequent_failure,9,5,4,5.33,0.22,499
C00748,occasionally_late,14,9,5,2.59,0.71,499
C00749,churn_risk,6,2,4,14.67,0.21,499
C00750,occasionally_late,14,13,1,2.65,0.73,499
C00751,occasionally_late,22,20,2,1.5,0.47,499
C00752,reliable,19,17,2,0.4,0.73,499
C00753,reliable,15,15,0,0.62,0.84,499
C00754,reliable,30,29,1,0.65,0.99,499
C00755,reliable,12,12,0,0.11,0.96,499
C00756,reliable,33,33,0,0.73,0.76,499
C00757,occasionally_late,21,16,5,2.73,0.57,499
C00758,occasionally_late,14,13,1,3.72,0.59,499
C00759,reliable,20,19,1,0.37,0.88,499
C00760,reliable,21,20,1,0.83,0.72,499
C00761,occasionally_late,7,7,0,1.83,0.78,499
C00762,frequent_failure,15,11,4,6.02,0.43,499
C00763,reliable,35,31,4,0.67,0.84,499
C00764,churn_risk,11,7,4,13.74,0.05,499
C00765,occasionally_late,24,23,1,2.93,0.58,499
C00766,occasionally_late,14,11,3,3.26,0.77,499
C00767,reliable,16,14,2,0.59,0.81,499
C00768,occasionally_late,15,15,0,2.4,0.61,499
C00769,reliable,36,34,2,0.61,0.77,499
C00770,occasionally_late,16,14,2,3.47,0.73,499
C00771,frequent_failure,9,8,1,6.13,0.15,499
C00772,occasionally_late,18,13,5,2.16,0.75,499
C00773,frequent_failure,10,9,1,3.73,0.33,499
C00774,reliable,28,28,0,0.99,0.76,499
C00775,reliable,12,12,0,0.04,0.76,499
C00776,occasionally_late,4,4,0,2.77,0.61,499
C00777,churn_risk,9,7,2,6.23,0.18,499
C00778,reliable,16,14,2,0.73,0.71,499
C00779,reliable,33,32,1,0.0,0.9,499
C00780,reliable,20,20,0,0.65,0.87,499
C00781,churn_risk,3,0,3,10.5,0.29,499
C00782,reliable,10,10,0,0.18,0.94,499
C00783,occasionally_late,21,18,3,3.34,0.6,499
C00784,occasionally_late,22,16,6,1.72,0.76,499
C00785,reliable,14,14,0,0.74,0.88,499
C00786,reliable,17,15,2,0.42,0.87,499
C00787,frequent_failure,19,12,7,7.45,0.38,499
C00788,occasionally_late,19,19,0,3.31,0.8,499
C00789,occasionally_late,24,22,2,1.38,0.59,499
C00790,reliable,28,27,1,0.42,0.81,499
C00791,occasionally_late,4,4,0,1.6,0.56,499
C00792,reliable,20,20,0,0.35,0.93,499
C00793,reliable,14,13,1,0.41,0.76,499
C00794,reliable,22,22,0,0.26,0.83,499
C00795,occasionally_late,21,20,1,3.72,0.53,499
C00796,reliable,7,7,0,0.17,0.84,499
C00797,occasionally_late,20,17,3,1.38,0.54,499
C00798,reliable,22,20,2,0.58,0.97,499
C00799,frequent_failure,18,15,3,4.28,0.26,499
C00800,reliable,13,13,0,0.31,0.87,499
C00801,reliable,14,14,0,0.09,0.75,499
C00802,reliable,33,33,0,0.36,0.88,499
C00803,frequent_failure,15,11,4,7.66,0.16,499
C00804,frequent_failure,7,3,4,6.32,0.39,499
C00805,churn_risk,10,7,3,6.33,0.21,499
C00806,reliable,35,33,2,0.22,0.74,499
C00807,occasionally_late,15,13,2,3.74,0.46,499
C00808,occasionally_late,10,9,1,2.94,0.78,499
C00809,frequent_failure,14,11,3,3.91,0.49,499
C00810,occasionally_late,9,8,1,1.44,0.52,499
C00811,occasionally_late,22,17,5,3.76,0.73,499
C00812,frequent_failure,14,6,8,7.23,0.21,499
C00813,reliable,24,21,3,0.9,0.78,499
C00814,reliable,21,18,3,0.88,0.79,499
C00815,frequent_failure,4,2,2,7.56,0.18,499
C00816,reliable,28,28,0,0.65,0.85,499
C00817,reliable,8,8,0,0.01,0.83,499
C00818,occasionally_late,10,9,1,3.44,0.78,499
C00819,frequent_failure,11,6,5,5.99,0.18,499
C00820,occasionally_late,6,6,0,1.16,0.7,499
C00821,frequent_failure,14,10,4,7.1,0.39,499
C00822,reliable,10,9,1,0.6,0.84,499
C00823,frequent_failure,17,12,5,7.19,0.38,499
C00824,reliable,22,22,0,0.14,0.88,499
C00825,reliable,20,19,1,0.68,0.89,499
C00826,reliable,20,19,1,0.13,0.99,499
C00827,churn_risk,4,2,2,14.76,0.14,499
C00828,reliable,7,7,0,0.46,0.71,499
C00829,reliable,19,17,2,0.25,0.72,499
C00830,occasionally_late,23,19,4,3.36,0.52,499
C00831,occasionally_late,20,16,4,1.83,0.47,499
C00832,occasionally_late,9,9,0,3.54,0.54,499
C00833,reliable,10,10,0,0.42,0.77,499
C00834,churn_risk,6,1,5,6.68,0.08,499
C00835,occasionally_late,4,4,0,3.12,0.56,499
C00836,reliable,32,32,0,0.72,0.73,499
C00837,churn_risk,2,2,0,6.9,0.06,499
C00838,frequent_failure,15,8,7,6.43,0.44,499
C00839,frequent_failure,4,1,3,7.94,0.32,499
C00840,frequent_failure,3,2,1,4.99,0.45,499
C00841,occasionally_late,12,10,2,2.21,0.53,499
C00842,reliable,29,29,0,0.99,0.99,499
C00843,occasionally_late,10,9,1,2.67,0.55,499
C00844,reliable,27,25,2,0.81,0.92,499
C00845,frequent_failure,18,11,7,7.97,0.26,499
C00846,frequent_failure,5,2,3,3.62,0.17,499
C00847,reliable,25,23,2,0.12,0.75,499
C00848,occasionally_late,19,17,2,3.56,0.45,499
C00849,frequent_failure,12,5,7,3.07,0.43,499
C00850,occasionally_late,15,13,2,2.13,0.59,499
C00851,reliable,24,22,2,0.19,0.83,499
C00852,occasionally_late,12,12,0,1.47,0.64,499
C00853,reliable,18,18,0,0.95,0.76,499
C00854,churn_risk,1,0,1,6.79,0.15,499
C00855,reliable,28,26,2,0.51,0.89,499
C00856,reliable,8,6,2,0.19,0.74,499
C00857,churn_risk,3,2,1,11.97,0.28,499
C00858,occasionally_late,23,19,4,2.07,0.5,499
C00859,frequent_failure,19,13,6,7.84,0.38,499
C00860,churn_risk,9,6,3,12.59,0.23,499
C00861,reliable,31,31,0,0.11,0.97,499
C00862,occasionally_late,4,4,0,3.18,0.58,499
C00863,reliable,29,27,2,0.3,0.73,499
C00864,reliable,30,30,0,0.81,0.8,499
C00865,occasionally_late,11,10,1,1.72,0.61,499
C00866,reliable,22,22,0,0.17,0.97,499
C00867,reliable,22,22,0,0.0,0.85,499
C00868,occasionally_late,15,15,0,1.77,0.61,499
C00869,occasionally_late,23,19,4,3.07,0.54,499
C00870,frequent_failure,5,3,2,7.55,0.35,499
C00871,frequent_failure,5,3,2,7.24,0.28,499
C00872,churn_risk,7,3,4,10.45,0.06,499
C00873,reliable,30,28,2,0.67,0.84,499
C00874,reliable,21,21,0,0.66,0.77,499
C00875,occasionally_late,4,2,2,2.45,0.53,499
C00876,occasionally_late,14,9,5,3.42,0.55,499
C00877,occasionally_late,17,16,1,2.34,0.49,499
C00878,reliable,7,7,0,0.36,0.8,499
C00879,reliable,7,7,0,0.73,0.88,499
C00880,frequent_failure,6,4,2,4.55,0.48,499
C00881,reliable,9,9,0,0.33,0.94,499
C00882,reliable,12,11,1,0.58,0.76,499
C00883,reliable,12,12,0,0.18,0.83,499
C00884,occasionally_late,8,7,1,1.42,0.55,499
C00885,occasionally_late,14,12,2,3.79,0.71,499
C00886,reliable,15,15,0,0.53,0.78,499
C00887,occasionally_late,20,19,1,3.43,0.62,499
C00888,reliable,7,7,0,0.62,0.99,499
C00889,churn_risk,1,0,1,6.84,0.13,499
C00890,reliable,17,16,1,0.53,0.8,499
C00891,reliable,25,24,1,0.77,0.82,499
C00892,frequent_failure,14,10,4,7.66,0.47,499
C00893,reliable,11,9,2,0.86,0.79,499
C00894,reliable,11,11,0,0.74,0.85,499
C00895,churn_risk,8,5,3,7.81,0.16,499
C00896,frequent_failure,14,9,5,3.97,0.33,499
C00897,reliable,31,30,1,0.79,0.82,499
C00898,reliable,36,36,0,0.44,0.95,499
C00899,reliable,7,7,0,0.86,0.8,499
C00900,reliable,13,13,0,0.37,0.73,499
C00901,churn_risk,10,5,5,10.17,0.12,499
C00902,frequent_failure,7,6,1,4.01,0.24,499
C00903,reliable,7,7,0,0.49,0.97,499
C00904,occasionally_late,16,16,0,1.66,0.63,499
C00905,frequent_failure,4,3,1,7.82,0.28,499
C00906,reliable,10,10,0,0.85,0.8,499
C00907,occasionally_late,12,9,3,3.64,0.68,499
C00908,occasionally_late,24,21,3,3.53,0.62,499
C00909,reliable,8,8,0,0.18,0.93,499
C00910,reliable,31,30,1,1.0,0.84,499
C00911,reliable,12,11,1,0.13,0.76,499
C00912,reliable,21,20,1,0.32,0.7,499
C00913,reliable,6,6,0,0.54,0.97,499
C00914,frequent_failure,7,4,3,3.93,0.31,499
C00915,frequent_failure,13,7,6,4.38,0.27,499
C00916,frequent_failure,12,10,2,4.18,0.26,499
C00917,reliable,15,14,1,0.98,0.89,499
C00918,churn_risk,2,0,2,9.35,0.27,499
C00919,churn_risk,9,5,4,12.56,0.15,499
C00920,reliable,20,20,0,0.92,0.77,499
C00921,reliable,31,30,1,0.95,0.96,499
C00922,occasionally_late,20,19,1,3.39,0.48,499
C00923,occasionally_late,5,4,1,1.39,0.73,499
C00924,frequent_failure,18,12,6,5.51,0.47,499
C00925,occasionally_late,18,16,2,2.33,0.78,499
C00926,reliable,8,8,0,0.08,0.96,499
C00927,reliable,28,28,0,0.73,0.96,499
C00928,reliable,25,25,0,0.97,0.85,499
C00929,reliable,18,17,1,0.62,0.75,499
C00930,occasionally_late,22,20,2,1.68,0.51,499
C00931,churn_risk,5,5,0,9.57,0.13,499
C00932,reliable,15,15,0,0.98,0.72,499
C00933,occasionally_late,10,10,0,3.3,0.48,499
C00934,reliable,35,35,0,0.61,0.83,499
C00935,frequent_failure,3,2,1,6.05,0.35,499
C00936,churn_risk,10,5,5,14.09,0.25,499
C00937,churn_risk,8,5,3,5.51,0.19,499
C00938,reliable,26,25,1,0.28,0.78,499
C00939,churn_risk,3,2,1,8.92,0.16,499
C00940,reliable,18,18,0,0.32,0.73,499
C00941,churn_risk,7,3,4,7.59,0.14,499
C00942,occasionally_late,22,14,8,1.27,0.51,499
C00943,occasionally_late,20,18,2,2.6,0.69,499
C00944,reliable,23,23,0,0.54,0.86,499
C00945,reliable,11,11,0,0.06,0.95,499
C00946,reliable,29,27,2,0.52,1.0,499
C00947,reliable,29,29,0,0.01,0.97,499
C00948,reliable,33,32,1,0.79,0.87,499
C00949,frequent_failure,3,3,0,6.75,0.23,499
C00950,reliable,12,11,1,0.45,0.99,499
C00951,frequent_failure,9,4,5,4.22,0.31,499
C00952,occasionally_late,7,6,1,2.37,0.59,499
C00953,reliable,36,34,2,0.55,0.85,499
C00954,frequent_failure,14,13,1,3.87,0.24,499
C00955,reliable,28,28,0,0.39,0.81,499
C00956,reliable,10,10,0,0.01,0.93,499
C00957,frequent_failure,17,11,6,7.92,0.23,499
C00958,occasionally_late,10,8,2,1.19,0.66,499
C00959,reliable,17,17,0,0.81,0.83,499
C00960,churn_risk,6,2,4,5.73,0.1,499
C00961,occasionally_late,5,5,0,1.87,0.53,499
C00962,reliable,15,14,1,0.51,0.74,499
C00963,frequent_failure,5,4,1,4.21,0.17,499
C00964,reliable,17,17,0,0.09,0.92,499
C00965,occasionally_late,7,7,0,1.18,0.7,499
C00966,reliable,25,25,0,0.87,0.83,499
C00967,frequent_failure,14,11,3,6.46,0.5,499
C00968,occasionally_late,15,13,2,2.37,0.59,499
C00969,occasionally_late,6,4,2,2.0,0.65,499
C00970,occasionally_late,13,11,2,2.33,0.46,499
C00971,reliable,11,11,0,0.5,0.8,499
C00972,reliable,12,12,0,0.46,0.75,499
C00973,occasionally_late,9,7,2,3.3,0.49,499
C00974,frequent_failure,7,5,2,4.33,0.43,499
C00975,frequent_failure,7,6,1,4.46,0.34,499
C00976,occasionally_late,21,19,2,1.31,0.65,499
C00977,occasionally_late,16,12,4,1.32,0.68,499
C00978,frequent_failure,15,13,2,4.29,0.2,499
C00979,reliable,28,26,2,0.97,0.84,499
C00980,occasionally_late,22,19,3,2.39,0.73,499
C00981,occasionally_late,9,5,4,3.18,0.74,499
C00982,churn_risk,11,7,4,11.81,0.27,499
C00983,occasionally_late,10,9,1,3.26,0.66,499
C00984,reliable,35,33,2,0.46,0.72,499
C00985,reliable,34,29,5,0.28,0.82,499
C00986,reliable,21,20,1,0.48,0.81,499
C00987,occasionally_late,9,8,1,1.17,0.57,499
C00988,reliable,21,20,1,0.87,0.97,499
C00989,reliable,26,24,2,0.74,0.85,499
C00990,reliable,30,29,1,0.24,0.87,499
C00991,reliable,24,23,1,0.02,0.92,499
C00992,occasionally_late,21,17,4,2.64,0.48,499
C00993,occasionally_late,19,13,6,1.57,0.59,499
C00994,reliable,34,33,1,0.05,0.87,499
C00995,reliable,14,14,0,0.99,0.99,499
C00996,reliable,33,32,1,0.74,0.9,499
C00997,reliable,32,30,2,0.31,0.93,499
C00998,reliable,15,15,0,0.11,0.94,499
C00999,occasionally_late,5,4,1,2.98,0.73,499
C01000,reliable,29,26,3,0.64,0.79,499
C01001,reliable,35,35,0,0.79,0.93,499
C01002,occasionally_late,16,12,4,1.64,0.5,499
C01003,occasionally_late,19,15,4,3.26,0.54,499
C01004,occasionally_late,5,4,1,3.26,0.56,499
C01005,reliable,15,15,0,0.98,0.97,499
C01006,frequent_failure,9,7,2,4.33,0.46,499
C01007,occasionally_late,12,10,2,1.67,0.64,499
C01008,reliable,18,18,0,0.19,0.79,499
C01009,reliable,30,29,1,0.51,0.73,499
C01010,reliable,18,17,1,0.1,0.75,499
C01011,frequent_failure,18,11,7,5.69,0.39,499
C01012,occasionally_late,10,9,1,1.52,0.6,499
C01013,reliable,36,33,3,0.16,0.91,499
C01014,churn_risk,3,2,1,6.32,0.27,499
C01015,reliable,32,30,2,0.38,0.89,499
C01016,reliable,8,7,1,0.1,0.83,499
C01017,churn_risk,10,4,6,7.53,0.07,499
C01018,churn_risk,2,0,2,7.57,0.23,499
C01019,reliable,23,20,3,0.1,0.97,499
C01020,churn_risk,2,0,2,6.07,0.05,499
C01021,reliable,31,31,0,0.81,0.72,499
C01022,occasionally_late,23,21,2,2.51,0.73,499
C01023,churn_risk,9,7,2,12.34,0.18,499
C01024,frequent_failure,11,8,3,7.91,0.37,499
C01025,reliable,17,17,0,0.05,0.71,499
C01026,occasionally_late,15,13,2,1.73,0.56,499
C01027,reliable,15,14,1,0.17,0.81,499
C01028,reliable,11,10,1,0.3,0.71,499
C01029,frequent_failure,8,5,3,5.98,0.46,499
C01030,occasionally_late,10,10,0,1.46,0.67,499
C01031,occasionally_late,24,22,2,1.63,0.71,499
C01032,occasionally_late,18,15,3,3.55,0.75,499
C01033,frequent_failure,10,7,3,7.73,0.37,499
C01034,occasionally_late,21,20,1,2.27,0.7,499
C01035,occasionally_late,18,15,3,2.15,0.51,499
C01036,reliable,26,23,3,0.42,0.78,499
C01037,occasionally_late,4,4,0,1.61,0.67,499
C01038,churn_risk,10,4,6,6.31,0.12,499
C01039,churn_risk,10,3,7,10.86,0.17,499
C01040,reliable,34,33,1,0.83,0.84,499
C01041,churn_risk,6,4,2,9.57,0.09,499
C01042,reliable,15,14,1,0.22,0.75,499
C01043,churn_risk,3,0,3,6.25,0.15,499
C01044,frequent_failure,18,13,5,6.57,0.3,499
C01045,churn_risk,3,1,2,12.18,0.24,499
C01046,occasionally_late,21,20,1,2.53,0.46,499
C01047,reliable,27,26,1,0.68,0.76,499
C01048,reliable,33,33,0,0.93,0.81,499
C01049,occasionally_late,22,18,4,1.02,0.69,499
C01050,reliable,8,8,0,0.74,0.71,499
C01051,occasionally_late,21,19,2,3.31,0.73,499
C01052,churn_risk,6,3,3,5.37,0.07,499
C01053,occasionally_late,23,21,2,3.44,0.53,499
C01054,churn_risk,5,4,1,14.52,0.06,499
C01055,occasionally_late,4,4,0,2.2,0.79,499
C01056,occasionally_late,5,4,1,1.04,0.47,499
C01057,reliable,25,25,0,0.46,0.85,499
C01058,occasionally_late,5,3,2,1.63,0.56,499
C01059,occasionally_late,8,4,4,2.84,0.51,499
C01060,occasionally_late,8,8,0,1.8,0.46,499
C01061,occasionally_late,23,22,1,2.36,0.71,499
C01062,occasionally_late,19,16,3,2.25,0.75,499
C01063,reliable,35,34,1,0.87,0.74,499
C01064,reliable,18,18,0,0.9,0.91,499
C01065,reliable,21,19,2,0.87,0.74,499
C01066,occasionally_late,19,15,4,1.35,0.61,499
C01067,occasionally_late,4,2,2,3.81,0.63,499
C01068,occasionally_late,23,18,5,3.39,0.57,499
C01069,reliable,6,6,0,0.4,0.8,499
C01070,occasionally_late,9,9,0,2.46,0.57,499
C01071,reliable,26,26,0,0.78,0.75,499
C01072,reliable,12,12,0,0.54,0.87,499
C01073,reliable,23,22,1,0.28,0.76,499
C01074,reliable,30,30,0,0.71,0.71,499
C01075,frequent_failure,3,2,1,7.73,0.47,499
C01076,reliable,30,29,1,0.87,0.81,499
C01077,reliable,36,36,0,0.27,0.86,499
C01078,reliable,29,25,4,0.98,0.81,499
C01079,occasionally_late,21,20,1,2.48,0.61,499
C01080,occasionally_late,22,18,4,1.33,0.58,499
C01081,frequent_failure,9,7,2,4.5,0.2,499
C01082,reliable,20,18,2,0.19,0.79,499
C01083,occasionally_late,21,19,2,3.55,0.64,499
C01084,churn_risk,8,3,5,12.83,0.09,499
C01085,reliable,8,8,0,0.17,0.9,499
C01086,occasionally_late,14,14,0,3.23,0.7,499
C01087,frequent_failure,14,13,1,6.65,0.46,499
C01088,reliable,30,30,0,0.06,0.74,499
C01089,occasionally_late,20,16,4,2.54,0.63,499
C01090,reliable,18,18,0,0.72,0.85,499
C01091,reliable,19,19,0,0.8,0.94,499
C01092,reliable,23,19,4,0.1,0.76,499
C01093,reliable,27,27,0,0.24,0.95,499
C01094,reliable,33,33,0,0.89,0.86,499
C01095,frequent_failure,12,11,1,4.69,0.29,499
C01096,reliable,18,18,0,0.24,0.98,499
C01097,reliable,13,12,1,0.37,0.75,499
C01098,occasionally_late,10,10,0,1.32,0.67,499
C01099,churn_risk,2,2,0,10.03,0.17,499
C01100,occasionally_late,18,15,3,3.53,0.68,499
C01101,frequent_failure,9,5,4,4.08,0.23,499
C01102,occasionally_late,22,18,4,1.5,0.73,499
C01103,reliable,24,24,0,0.29,0.8,499
C01104,reliable,24,24,0,0.66,0.95,499
C01105,reliable,35,32,3,0.19,0.84,499
C01106,reliable,11,11,0,0.3,0.89,499
C01107,churn_risk,2,1,1,13.36,0.29,499
C01108,occasionally_late,4,3,1,1.58,0.74,499
C01109,frequent_failure,13,11,2,5.22,0.2,499
C01110,occasionally_late,13,9,4,1.43,0.59,499
C01111,reliable,25,23,2,0.29,0.9,499
C01112,reliable,27,24,3,0.44,0.85,499
C01113,reliable,27,26,1,0.01,0.81,499
C01114,frequent_failure,3,3,0,6.35,0.24,499
C01115,churn_risk,5,2,3,5.84,0.22,499
C01116,reliable,25,22,3,0.08,0.76,499
C01117,reliable,17,16,1,0.24,0.99,499
C01118,reliable,26,26,0,0.74,0.75,499
C01119,reliable,35,33,2,0.11,0.9,499
C01120,frequent_failure,18,13,5,5.07,0.39,499
C01121,churn_risk,7,2,5,5.38,0.19,499
C01122,churn_risk,8,2,6,14.2,0.13,499
C01123,frequent_failure,14,10,4,5.35,0.31,499
C01124,reliable,36,34,2,0.06,0.97,499
C01125,reliable,21,20,1,0.53,0.92,499
C01126,churn_risk,10,1,9,11.01,0.18,499
C01127,reliable,12,12,0,0.51,1.0,499
C01128,frequent_failure,10,4,6,6.75,0.39,499
C01129,reliable,35,33,2,0.44,0.98,499
C01130,occasionally_late,21,18,3,1.18,0.76,499
C01131,reliable,26,26,0,0.75,0.76,499
C01132,reliable,20,19,1,0.42,0.82,499
C01133,frequent_failure,8,6,2,5.33,0.17,499
C01134,reliable,35,33,2,0.39,0.94,499
C01135,reliable,36,32,4,0.88,0.85,499
C01136,occasionally_late,8,7,1,3.86,0.76,499
C01137,occasionally_late,11,9,2,1.1,0.66,499
C01138,churn_risk,8,7,1,7.88,0.2,499
C01139,reliable,27,26,1,0.91,0.76,499
C01140,reliable,11,9,2,0.98,0.91,499
C01141,churn_risk,3,0,3,5.55,0.18,499
C01142,churn_risk,4,3,1,7.2,0.16,499
C01143,occasionally_late,18,15,3,2.55,0.49,499
C01144,reliable,24,20,4,0.36,0.82,499
C01145,reliable,21,19,2,0.38,0.83,499
C01146,occasionally_late,13,11,2,1.71,0.59,499
C01147,frequent_failure,9,9,0,6.9,0.22,499
C01148,reliable,16,16,0,0.66,0.79,499
C01149,reliable,24,21,3,0.05,0.93,499
C01150,frequent_failure,15,9,6,4.05,0.34,499
C01151,occasionally_late,5,4,1,3.03,0.77,499
C01152,occasionally_late,10,7,3,3.52,0.64,499
C01153,churn_risk,10,4,6,7.5,0.22,499
C01154,reliable,24,23,1,0.97,0.87,499
C01155,occasionally_late,12,12,0,2.68,0.63,499
C01156,reliable,6,6,0,0.48,0.79,499
C01157,reliable,36,33,3,0.05,0.93,499
C01158,reliable,27,27,0,0.4,0.9,499
C01159,frequent_failure,15,10,5,4.71,0.41,499
C01160,reliable,29,25,4,0.08,0.91,499
C01161,reliable,33,28,5,0.5,0.9,499
C01162,frequent_failure,12,11,1,5.05,0.31,499
C01163,reliable,32,31,1,0.18,0.91,499
C01164,reliable,8,7,1,0.12,0.78,499
C01165,occasionally_late,20,17,3,3.83,0.52,499
C01166,reliable,15,15,0,0.54,0.98,499
C01167,frequent_failure,15,11,4,6.36,0.34,499
C01168,occasionally_late,18,16,2,3.18,0.49,499
C01169,reliable,15,15,0,0.97,0.79,499
C01170,reliable,23,21,2,0.41,0.74,499
C01171,occasionally_late,12,10,2,2.76,0.48,499
C01172,frequent_failure,5,3,2,6.49,0.18,499
C01173,reliable,33,32,1,0.69,0.96,499
C01174,frequent_failure,11,9,2,4.2,0.3,499
C01175,reliable,15,13,2,0.56,0.81,499
C01176,reliable,34,31,3,0.76,0.8,499
C01177,reliable,35,35,0,0.65,0.96,499
C01178,frequent_failure,15,13,2,5.62,0.46,499
C01179,reliable,6,6,0,0.86,0.79,499
C01180,reliable,12,11,1,0.68,0.76,499
C01181,frequent_failure,14,8,6,7.02,0.35,499
C01182,occasionally_late,13,12,1,2.71,0.71,499
C01183,reliable,7,7,0,0.8,0.78,499
C01184,reliable,18,17,1,0.23,0.91,499
C01185,frequent_failure,11,9,2,6.53,0.24,499
C01186,occasionally_late,22,20,2,3.48,0.6,499
C01187,reliable,35,35,0,0.55,0.96,499
C01188,reliable,16,15,1,0.34,0.75,499
C01189,churn_risk,2,1,1,9.42,0.09,499
C01190,frequent_failure,5,3,2,5.39,0.5,499
C01191,reliable,20,18,2,0.72,0.73,499
C01192,occasionally_late,15,8,7,3.51,0.65,499
C01193,reliable,22,19,3,0.6,0.72,499
C01194,occasionally_late,17,15,2,2.83,0.54,499
C01195,occasionally_late,7,7,0,1.49,0.6,499
C01196,occasionally_late,21,18,3,1.41,0.6,499
C01197,occasionally_late,23,17,6,3.82,0.73,499
C01198,occasionally_late,13,12,1,2.2,0.56,499
C01199,reliable,36,35,1,0.19,0.74,499
C01200,occasionally_late,13,10,3,2.61,0.73,499
C01201,churn_risk,8,7,1,8.16,0.24,499
C01202,reliable,25,23,2,0.51,0.72,499
C01203,churn_risk,3,3,0,9.82,0.18,499
C01204,churn_risk,6,5,1,5.6,0.18,499
C01205,churn_risk,8,5,3,5.89,0.18,499
C01206,churn_risk,2,2,0,6.06,0.22,499
C01207,occasionally_late,21,17,4,1.36,0.48,499
C01208,reliable,15,14,1,0.51,0.82,499
C01209,reliable,12,12,0,0.78,0.71,499
C01210,occasionally_late,11,8,3,2.11,0.53,499
C01211,frequent_failure,12,10,2,4.52,0.29,499
C01212,occasionally_late,16,14,2,1.25,0.67,499
C01213,frequent_failure,11,7,4,3.9,0.32,499
C01214,reliable,6,5,1,0.32,0.84,499
C01215,churn_risk,6,3,3,13.42,0.17,499
C01216,occasionally_late,21,19,2,3.27,0.62,499
C01217,reliable,31,31,0,0.42,0.77,499
C01218,reliable,36,35,1,0.77,0.81,499
C01219,frequent_failure,11,9,2,5.08,0.49,499
C01220,reliable,20,19,1,0.76,0.9,499
C01221,reliable,35,32,3,0.05,0.76,499
C01222,occasionally_late,16,13,3,2.15,0.55,499
C01223,frequent_failure,12,7,5,5.14,0.2,499
C01224,reliable,31,30,1,0.38,0.93,499
C01225,occasionally_late,17,13,4,1.14,0.65,499
C01226,reliable,18,18,0,0.97,0.94,499
C01227,churn_risk,4,3,1,13.19,0.14,499
C01228,occasionally_late,14,10,4,1.96,0.79,499
C01229,frequent_failure,16,12,4,7.25,0.3,499
C01230,reliable,11,11,0,0.85,0.79,499
C01231,reliable,25,23,2,0.04,0.76,499
C01232,churn_risk,9,4,5,8.03,0.16,499
C01233,reliable,21,19,2,0.8,0.8,499
C01234,reliable,9,9,0,0.67,0.97,499
C01235,occasionally_late,14,12,2,3.3,0.57,499
C01236,occasionally_late,8,8,0,3.03,0.54,499
C01237,reliable,31,31,0,0.5,0.96,499
C01238,reliable,24,23,1,0.23,0.92,499
C01239,frequent_failure,15,6,9,5.47,0.16,499
C01240,reliable,9,9,0,0.81,0.78,499
C01241,reliable,16,15,1,0.26,0.83,499
C01242,occasionally_late,15,11,4,2.52,0.46,499
C01243,reliable,8,8,0,0.02,0.76,499
C01244,frequent_failure,7,5,2,5.34,0.25,499
C01245,frequent_failure,4,2,2,7.5,0.47,499
C01246,occasionally_late,15,14,1,2.9,0.61,499
C01247,reliable,7,7,0,0.18,0.81,499
C01248,occasionally_late,24,20,4,1.55,0.65,499
C01249,occasionally_late,20,19,1,1.77,0.59,499
C01250,reliable,24,24,0,0.65,0.89,499
C01251,reliable,33,33,0,0.76,0.84,499
C01252,reliable,10,8,2,0.04,0.77,499
C01253,reliable,26,25,1,1.0,0.76,499
C01254,reliable,14,13,1,0.88,0.82,499
C01255,churn_risk,2,1,1,6.58,0.25,499
C01256,reliable,12,12,0,0.57,0.97,499
C01257,occasionally_late,22,20,2,2.45,0.47,499
C01258,reliable,16,15,1,0.91,0.87,499
C01259,frequent_failure,12,6,6,3.99,0.49,499
C01260,frequent_failure,5,2,3,6.87,0.24,499
C01261,occasionally_late,9,7,2,1.23,0.56,499
C01262,reliable,26,24,2,0.27,0.95,499
C01263,reliable,25,23,2,0.74,0.72,499
C01264,reliable,24,23,1,0.05,0.96,499
C01265,reliable,29,26,3,0.82,0.8,499
C01266,reliable,29,29,0,0.99,0.93,499
C01267,occasionally_late,20,16,4,1.4,0.56,499
C01268,reliable,8,8,0,0.38,0.85,499
C01269,occasionally_late,21,18,3,1.53,0.73,499
C01270,reliable,24,23,1,0.27,0.92,499
C01271,frequent_failure,8,7,1,7.67,0.21,499
C01272,reliable,36,33,3,0.94,0.97,499
C01273,reliable,11,11,0,0.61,0.87,499
C01274,churn_risk,11,5,6,14.73,0.16,499
C01275,churn_risk,8,3,5,10.46,0.19,499
C01276,occasionally_late,4,4,0,1.14,0.64,499
C01277,reliable,8,6,2,0.16,0.93,499
C01278,frequent_failure,18,17,1,5.66,0.25,499
C01279,occasionally_late,18,14,4,3.44,0.75,499
C01280,reliable,27,23,4,0.39,0.78,499
C01281,churn_risk,5,2,3,7.56,0.1,499
C01282,reliable,29,28,1,0.08,0.71,499
C01283,reliable,31,31,0,0.96,0.89,499
C01284,reliable,23,18,5,0.43,0.93,499
C01285,occasionally_late,16,15,1,2.87,0.52,499
C01286,occasionally_late,11,6,5,2.66,0.57,499
C01287,occasionally_late,4,4,0,1.48,0.79,499
C01288,reliable,34,32,2,0.8,0.89,499
C01289,reliable,22,22,0,0.91,0.95,499
C01290,frequent_failure,7,5,2,5.63,0.26,499
C01291,reliable,34,32,2,0.61,0.74,499
C01292,frequent_failure,14,12,2,5.41,0.4,499
C01293,reliable,15,14,1,0.24,0.73,499
C01294,occasionally_late,16,14,2,1.24,0.8,499
C01295,churn_risk,4,2,2,10.34,0.29,499
C01296,occasionally_late,20,17,3,1.8,0.61,499
C01297,occasionally_late,22,20,2,2.94,0.45,499
C01298,churn_risk,9,3,6,14.85,0.29,499
C01299,frequent_failure,3,2,1,4.95,0.22,499
C01300,reliable,14,13,1,0.19,0.97,499
C01301,occasionally_late,14,13,1,1.9,0.54,499
C01302,reliable,18,18,0,0.09,0.83,499
C01303,churn_risk,7,2,5,11.19,0.12,499
C01304,reliable,35,33,2,0.65,0.71,499
C01305,occasionally_late,24,21,3,1.49,0.76,499
C01306,reliable,23,22,1,0.15,0.84,499
C01307,occasionally_late,7,7,0,2.0,0.47,499
C01308,reliable,18,18,0,0.83,0.85,499
C01309,reliable,34,34,0,0.12,0.88,499
C01310,reliable,33,33,0,0.47,0.81,499
C01311,reliable,20,20,0,0.7,0.76,499
C01312,reliable,32,32,0,0.9,0.76,499
C01313,reliable,34,31,3,0.78,0.84,499
C01314,churn_risk,3,2,1,12.61,0.09,499
C01315,reliable,31,28,3,0.27,0.88,499
C01316,churn_risk,3,2,1,7.25,0.11,499
C01317,reliable,30,29,1,0.9,0.87,499
C01318,frequent_failure,8,6,2,4.46,0.27,499
C01319,reliable,21,21,0,0.5,0.9,499
C01320,frequent_failure,5,5,0,3.27,0.4,499
C01321,occasionally_late,16,13,3,2.26,0.79,499
C01322,frequent_failure,15,13,2,5.85,0.45,499
C01323,reliable,10,9,1,0.95,0.82,499
C01324,churn_risk,9,6,3,10.57,0.29,499
C01325,reliable,31,30,1,0.19,0.77,499
C01326,churn_risk,10,4,6,13.21,0.12,499
C01327,frequent_failure,5,2,3,6.61,0.38,499
C01328,churn_risk,3,1,2,7.74,0.26,499
C01329,reliable,26,25,1,0.22,0.85,499
C01330,occasionally_late,10,10,0,3.48,0.74,499
C01331,frequent_failure,16,12,4,6.74,0.49,499
C01332,reliable,9,9,0,0.7,0.98,499
C01333,occasionally_late,11,9,2,1.77,0.69,499
C01334,reliable,31,30,1,0.03,0.89,499
C01335,reliable,34,30,4,0.92,0.72,499
C01336,reliable,24,23,1,0.62,0.91,499
C01337,reliable,9,8,1,0.71,0.97,499
C01338,occasionally_late,24,20,4,3.03,0.7,499
C01339,reliable,21,21,0,0.52,0.72,499
C01340,frequent_failure,18,13,5,3.59,0.5,499
C01341,reliable,30,27,3,0.3,0.75,499
C01342,reliable,20,19,1,0.67,0.76,499
C01343,reliable,12,11,1,0.3,0.97,499
C01344,reliable,21,18,3,0.32,0.92,499
C01345,reliable,13,13,0,0.09,0.92,499
C01346,occasionally_late,15,13,2,2.22,0.49,499
C01347,reliable,29,29,0,0.98,0.9,499
C01348,reliable,18,16,2,0.56,0.97,499
C01349,reliable,28,27,1,0.16,0.91,499
C01350,reliable,14,12,2,0.78,0.71,499
C01351,occasionally_late,11,9,2,3.26,0.7,499
C01352,reliable,32,31,1,0.73,0.95,499
C01353,reliable,11,10,1,0.64,0.91,499
C01354,reliable,18,16,2,0.32,0.99,499
C01355,occasionally_late,13,13,0,3.89,0.48,499
C01356,churn_risk,7,4,3,10.56,0.23,499
C01357,reliable,16,16,0,0.31,0.95,499
C01358,frequent_failure,5,4,1,7.68,0.39,499
C01359,occasionally_late,7,7,0,3.13,0.48,499
C01360,occasionally_late,11,9,2,1.09,0.64,499
C01361,occasionally_late,12,11,1,2.1,0.53,499
C01362,reliable,10,10,0,0.7,0.74,499
C01363,reliable,33,28,5,0.01,0.92,499
C01364,reliable,21,19,2,0.71,0.84,499
C01365,reliable,16,16,0,0.81,0.73,499
C01366,churn_risk,11,6,5,10.8,0.09,499
C01367,reliable,36,36,0,0.46,0.88,499
C01368,occasionally_late,5,3,2,1.39,0.61,499
C01369,frequent_failure,8,5,3,6.74,0.24,499
C01370,frequent_failure,18,11,7,3.44,0.29,499
C01371,occasionally_late,20,17,3,3.36,0.74,499
C01372,reliable,27,26,1,0.25,0.8,499
C01373,reliable,24,21,3,0.75,0.83,499
C01374,occasionally_late,7,6,1,1.04,0.78,499
C01375,reliable,27,27,0,0.68,0.82,499
C01376,churn_risk,10,7,3,12.27,0.05,499
C01377,reliable,17,17,0,0.27,0.94,499
C01378,occasionally_late,18,15,3,1.32,0.7,499
C01379,reliable,8,8,0,0.42,0.88,499
C01380,reliable,36,33,3,0.25,0.98,499
C01381,occasionally_late,21,19,2,2.24,0.7,499
C01382,frequent_failure,5,4,1,5.18,0.29,499
C01383,reliable,36,35,1,0.88,0.75,499
C01384,occasionally_late,20,16,4,2.23,0.53,499
C01385,reliable,29,27,2,0.61,0.95,499
C01386,reliable,9,9,0,0.65,0.78,499
C01387,occasionally_late,8,8,0,2.23,0.53,499
C01388,reliable,31,30,1,0.01,0.87,499
C01389,reliable,17,17,0,0.35,0.81,499
C01390,frequent_failure,13,6,7,4.64,0.36,499
C01391,reliable,21,21,0,0.65,0.71,499
C01392,reliable,22,21,1,0.56,0.85,499
C01393,reliable,23,22,1,0.4,0.75,499
C01394,frequent_failure,15,11,4,7.24,0.4,499
C01395,reliable,25,23,2,0.32,0.93,499
C01396,reliable,6,6,0,0.13,0.94,499
C01397,reliable,16,15,1,0.73,0.83,499
C01398,occasionally_late,12,10,2,1.36,0.49,499
C01399,occasionally_late,15,13,2,1.11,0.56,499
C01400,occasionally_late,21,16,5,3.32,0.51,499
C01401,frequent_failure,15,11,4,3.19,0.31,499
C01402,reliable,34,33,1,0.48,0.81,499
C01403,churn_risk,1,0,1,14.04,0.29,499
C01404,frequent_failure,4,4,0,3.32,0.36,499
C01405,frequent_failure,18,15,3,7.16,0.2,499
C01406,frequent_failure,9,7,2,5.99,0.16,499
C01407,reliable,31,30,1,0.23,0.73,499
C01408,reliable,31,29,2,0.15,0.98,499
C01409,occasionally_late,18,15,3,2.85,0.71,499
C01410,reliable,15,14,1,0.84,0.79,499
C01411,reliable,35,35,0,0.27,0.79,499
C01412,reliable,21,20,1,0.29,0.91,499
C01413,reliable,16,16,0,0.92,0.87,499
C01414,frequent_failure,15,11,4,6.37,0.17,499
C01415,frequent_failure,6,5,1,6.39,0.42,499
C01416,occasionally_late,13,11,2,1.62,0.54,499
C01417,occasionally_late,12,12,0,2.22,0.74,499
C01418,occasionally_late,9,8,1,2.83,0.58,499
C01419,frequent_failure,16,10,6,4.35,0.43,499
C01420,reliable,6,6,0,0.04,0.91,499
C01421,reliable,20,20,0,0.47,0.91,499
C01422,reliable,30,28,2,0.69,0.94,499
C01423,reliable,9,9,0,0.33,0.96,499
C01424,reliable,20,20,0,0.97,0.7,499
C01425,reliable,22,21,1,0.24,0.74,499
C01426,reliable,36,33,3,0.25,0.88,499
C01427,reliable,34,30,4,0.36,0.93,499
C01428,frequent_failure,6,6,0,7.75,0.41,499
C01429,frequent_failure,15,11,4,5.93,0.49,499
C01430,churn_risk,4,3,1,12.48,0.08,499
C01431,frequent_failure,14,10,4,3.24,0.43,499
C01432,reliable,31,31,0,0.63,0.91,499
C01433,frequent_failure,12,7,5,5.04,0.25,499
C01434,reliable,21,20,1,0.79,1.0,499
C01435,churn_risk,4,1,3,5.0,0.08,499
C01436,frequent_failure,4,3,1,6.04,0.49,499
C01437,occasionally_late,8,7,1,2.85,0.69,499
C01438,frequent_failure,12,8,4,3.18,0.34,499
C01439,reliable,32,30,2,0.32,0.78,499
C01440,frequent_failure,10,6,4,3.53,0.4,499
C01441,frequent_failure,8,7,1,6.92,0.49,499
C01442,reliable,14,12,2,0.09,0.71,499
C01443,reliable,34,33,1,0.82,0.94,499
C01444,reliable,33,32,1,0.98,0.76,499
C01445,reliable,20,18,2,0.15,0.72,499
C01446,reliable,6,6,0,0.2,0.8,499
C01447,reliable,11,11,0,0.34,0.76,499
C01448,reliable,29,27,2,0.69,0.87,499
C01449,reliable,6,6,0,0.38,0.9,499
C01450,reliable,36,32,4,0.87,0.94,499
C01451,churn_risk,1,0,1,6.06,0.22,499
C01452,occasionally_late,5,5,0,3.69,0.57,499
C01453,reliable,32,31,1,0.42,0.7,499
C01454,occasionally_late,24,22,2,3.38,0.67,499
C01455,occasionally_late,21,17,4,3.19,0.61,499
C01456,reliable,10,8,2,0.91,0.94,499
C01457,churn_risk,2,2,0,7.47,0.3,499
C01458,reliable,12,12,0,0.79,0.73,499
C01459,frequent_failure,18,14,4,4.6,0.36,499
C01460,reliable,14,14,0,0.34,0.73,499
C01461,occasionally_late,12,11,1,1.49,0.46,499
C01462,occasionally_late,5,5,0,3.93,0.76,499
C01463,occasionally_late,14,11,3,3.71,0.69,499
C01464,reliable,25,23,2,0.07,0.76,499
C01465,frequent_failure,5,5,0,6.49,0.22,499
C01466,reliable,35,34,1,0.21,0.71,499
C01467,reliable,24,19,5,0.79,0.88,499
C01468,occasionally_late,21,19,2,3.79,0.58,499
C01469,reliable,36,35,1,0.13,0.91,499
C01470,reliable,35,34,1,0.67,0.91,499
C01471,churn_risk,6,4,2,6.27,0.19,499
C01472,reliable,29,27,2,0.46,0.94,499
C01473,occasionally_late,19,15,4,3.9,0.71,499
C01474,reliable,12,11,1,0.44,0.99,499
C01475,reliable,22,22,0,0.32,0.78,499
C01476,reliable,30,30,0,0.84,0.81,499
C01477,occasionally_late,7,6,1,2.34,0.73,499
C01478,reliable,6,6,0,0.69,0.88,499
C01479,reliable,7,7,0,0.23,0.87,499
C01480,occasionally_late,16,13,3,1.2,0.74,499
C01481,occasionally_late,16,15,1,1.27,0.66,499
C01482,churn_risk,4,3,1,5.65,0.19,499
C01483,reliable,21,19,2,0.5,0.98,499
C01484,occasionally_late,10,10,0,3.55,0.6,499
C01485,reliable,32,31,1,0.98,0.81,499
C01486,reliable,25,22,3,0.32,0.75,499
C01487,reliable,25,25,0,0.23,0.7,499
C01488,reliable,24,24,0,0.0,0.96,499
C01489,occasionally_late,24,23,1,3.59,0.79,499
C01490,reliable,36,35,1,0.41,0.78,499
C01491,occasionally_late,13,11,2,3.07,0.65,499
C01492,reliable,21,20,1,0.9,0.89,499
C01493,churn_risk,8,3,5,11.43,0.15,499
C01494,reliable,28,26,2,0.76,0.86,499
C01495,churn_risk,5,5,0,10.2,0.12,499
C01496,reliable,23,23,0,0.05,0.97,499
C01497,occasionally_late,4,3,1,1.47,0.59,499
C01498,reliable,29,29,0,0.72,0.93,499
C01499,occasionally_late,17,12,5,1.26,0.73,499
C01500,churn_risk,11,8,3,8.33,0.16,499
C01501,reliable,8,6,2,0.31,0.78,499
C01502,reliable,32,27,5,0.12,0.81,499
C01503,churn_risk,3,1,2,12.13,0.22,499
C01504,reliable,30,30,0,0.26,0.81,499
C01505,reliable,28,28,0,0.43,0.86,499
C01506,reliable,9,9,0,0.62,0.99,499
C01507,reliable,16,16,0,0.54,0.8,499
C01508,frequent_failure,4,2,2,5.93,0.39,499
C01509,occasionally_late,10,8,2,3.45,0.73,499
C01510,reliable,21,20,1,0.09,0.89,499
C01511,reliable,17,17,0,0.36,0.79,499
C01512,occasionally_late,23,19,4,2.97,0.76,499
C01513,occasionally_late,13,9,4,1.94,0.52,499
C01514,reliable,35,35,0,0.27,0.96,499
C01515,occasionally_late,21,19,2,1.88,0.53,499
C01516,reliable,9,8,1,0.46,0.84,499
C01517,frequent_failure,7,4,3,4.55,0.2,499
C01518,occasionally_late,16,14,2,2.63,0.64,499
C01519,occasionally_late,6,5,1,2.49,0.71,499
C01520,frequent_failure,17,14,3,5.44,0.2,499
C01521,reliable,26,21,5,0.11,0.77,499
C01522,churn_risk,11,4,7,11.44,0.08,499
C01523,occasionally_late,6,6,0,1.06,0.66,499
C01524,frequent_failure,9,5,4,5.34,0.23,499
C01525,occasionally_late,16,14,2,3.43,0.73,499
C01526,occasionally_late,18,16,2,2.14,0.6,499
C01527,occasionally_late,20,17,3,2.32,0.48,499
C01528,reliable,16,16,0,0.96,0.85,499
C01529,reliable,9,8,1,0.2,0.75,499
C01530,reliable,11,10,1,0.9,0.98,499
C01531,reliable,34,32,2,0.25,0.94,499
C01532,reliable,9,9,0,0.03,0.75,499
C01533,occasionally_late,20,16,4,1.43,0.45,499
C01534,reliable,20,19,1,0.69,0.82,499
C01535,reliable,12,12,0,0.43,0.9,499
C01536,reliable,15,14,1,0.38,0.72,499
C01537,reliable,22,21,1,0.83,0.8,499
C01538,reliable,10,10,0,0.86,0.9,499
C01539,occasionally_late,15,12,3,2.99,0.6,499
C01540,frequent_failure,3,2,1,4.29,0.47,499
C01541,occasionally_late,5,4,1,2.17,0.75,499
C01542,reliable,25,25,0,0.66,0.83,499
C01543,frequent_failure,10,8,2,4.93,0.49,499
C01544,reliable,13,13,0,0.29,0.75,499
C01545,reliable,34,34,0,0.5,0.74,499
C01546,reliable,20,18,2,0.75,0.76,499
C01547,frequent_failure,12,9,3,4.93,0.41,499
C01548,occasionally_late,24,19,5,1.76,0.54,499
C01549,reliable,10,10,0,0.4,0.75,499
C01550,reliable,27,27,0,0.54,0.91,499
C01551,reliable,19,17,2,0.34,0.74,499
C01552,reliable,18,18,0,0.45,0.7,499
C01553,reliable,8,8,0,0.9,0.72,499
C01554,occasionally_late,23,20,3,1.07,0.63,499
C01555,reliable,34,28,6,0.26,0.84,499
C01556,occasionally_late,23,22,1,3.3,0.46,499
C01557,reliable,21,21,0,0.04,0.89,499
C01558,reliable,20,20,0,0.58,0.8,499
C01559,churn_risk,8,5,3,13.79,0.13,499
C01560,reliable,11,10,1,0.58,0.72,499
C01561,reliable,23,21,2,0.04,0.85,499
C01562,churn_risk,1,1,0,7.99,0.19,499
C01563,reliable,9,9,0,0.93,0.9,499
C01564,reliable,10,9,1,0.5,0.74,499
C01565,reliable,13,13,0,0.06,0.87,499
C01566,occasionally_late,11,8,3,3.47,0.7,499
C01567,reliable,33,33,0,0.35,0.98,499
C01568,occasionally_late,8,6,2,2.68,0.5,499
C01569,churn_risk,1,0,1,14.38,0.28,499
C01570,reliable,29,29,0,0.7,0.79,499
C01571,reliable,7,7,0,0.85,0.79,499
C01572,occasionally_late,11,10,1,1.23,0.78,499
C01573,churn_risk,11,5,6,8.64,0.18,499
C01574,occasionally_late,15,12,3,3.96,0.71,499
C01575,frequent_failure,12,7,5,7.15,0.2,499
C01576,occasionally_late,16,13,3,2.58,0.46,499
C01577,frequent_failure,8,4,4,3.03,0.36,499
C01578,reliable,16,15,1,0.23,0.75,499
C01579,occasionally_late,23,22,1,3.68,0.59,499
C01580,reliable,33,33,0,0.31,0.94,499
C01581,reliable,10,10,0,0.25,0.87,499
C01582,frequent_failure,4,2,2,4.7,0.26,499
C01583,frequent_failure,12,8,4,4.32,0.33,499
C01584,reliable,30,29,1,0.8,0.86,499
C01585,reliable,28,28,0,0.6,0.78,499
C01586,reliable,14,14,0,0.65,0.91,499
C01587,reliable,14,14,0,0.64,0.87,499
C01588,occasionally_late,17,14,3,3.06,0.63,499
C01589,occasionally_late,7,7,0,1.89,0.63,499
C01590,churn_risk,4,2,2,14.14,0.18,499
C01591,reliable,7,7,0,0.53,0.82,499
C01592,reliable,6,6,0,0.37,0.73,499
C01593,reliable,32,31,1,0.62,0.88,499
C01594,occasionally_late,22,18,4,2.45,0.56,499
C01595,reliable,9,9,0,0.37,0.74,499
C01596,reliable,31,29,2,0.83,0.84,499
C01597,reliable,22,22,0,0.63,1.0,499
C01598,reliable,23,23,0,0.46,0.71,499
C01599,occasionally_late,7,7,0,3.78,0.56,499
C01600,frequent_failure,10,8,2,7.75,0.45,499
C01601,reliable,28,26,2,0.94,0.94,499
C01602,occasionally_late,11,11,0,1.76,0.63,499
C01603,reliable,7,7,0,0.51,0.73,499
C01604,frequent_failure,4,3,1,6.82,0.4,499
C01605,reliable,18,18,0,0.75,0.8,499
C01606,reliable,10,10,0,0.04,0.81,499
C01607,reliable,15,15,0,0.51,0.96,499
C01608,reliable,28,28,0,0.77,0.86,499
C01609,reliable,28,27,1,0.29,0.74,499
C01610,reliable,18,18,0,0.7,0.94,499
C01611,reliable,32,29,3,0.6,1.0,499
C01612,frequent_failure,4,1,3,5.14,0.46,499
C01613,frequent_failure,13,7,6,6.01,0.4,499
C01614,reliable,10,9,1,0.68,0.78,499
C01615,frequent_failure,18,14,4,6.09,0.29,499
C01616,churn_risk,2,1,1,11.33,0.15,499
C01617,reliable,7,7,0,0.54,0.85,499
C01618,reliable,18,18,0,0.66,0.76,499
C01619,reliable,7,7,0,0.64,0.93,499
C01620,churn_risk,10,3,7,6.72,0.12,499
C01621,reliable,10,10,0,0.77,0.89,499
C01622,occasionally_late,18,15,3,2.69,0.45,499
C01623,reliable,27,24,3,0.67,0.84,499
C01624,reliable,14,14,0,0.81,0.97,499
C01625,churn_risk,9,7,2,5.93,0.23,499
C01626,occasionally_late,4,3,1,3.63,0.49,499
C01627,occasionally_late,20,17,3,2.5,0.69,499
C01628,occasionally_late,8,7,1,3.39,0.45,499
C01629,occasionally_late,9,9,0,3.73,0.75,499
C01630,reliable,8,8,0,0.29,0.95,499
C01631,occasionally_late,14,12,2,2.15,0.71,499
C01632,reliable,33,33,0,0.06,0.94,499
C01633,occasionally_late,24,21,3,1.04,0.74,499
C01634,reliable,19,19,0,0.49,0.84,499
C01635,reliable,13,13,0,0.72,0.96,499
C01636,frequent_failure,8,6,2,6.87,0.2,499
C01637,occasionally_late,6,5,1,1.54,0.72,499
C01638,occasionally_late,8,7,1,1.87,0.56,499
C01639,occasionally_late,17,14,3,2.01,0.55,499
C01640,reliable,11,9,2,0.51,0.95,499
C01641,churn_risk,9,4,5,11.11,0.26,499
C01642,reliable,18,17,1,0.47,0.87,499
C01643,occasionally_late,8,8,0,3.4,0.78,499
C01644,reliable,36,36,0,0.34,0.72,499
C01645,frequent_failure,4,3,1,3.82,0.27,499
C01646,reliable,16,15,1,0.9,0.88,499
C01647,frequent_failure,10,5,5,6.63,0.22,499
C01648,occasionally_late,21,17,4,1.22,0.79,499
C01649,reliable,11,11,0,0.7,0.93,499
C01650,occasionally_late,8,8,0,2.9,0.79,499
C01651,reliable,9,9,0,0.88,0.84,499
C01652,reliable,32,29,3,0.86,0.9,499
C01653,reliable,31,30,1,0.82,0.79,499
C01654,occasionally_late,15,15,0,3.21,0.52,499
C01655,occasionally_late,24,22,2,1.85,0.63,499
C01656,frequent_failure,12,11,1,6.9,0.22,499
C01657,frequent_failure,10,5,5,5.82,0.38,499
C01658,reliable,36,36,0,0.3,0.87,499
C01659,occasionally_late,23,20,3,3.44,0.68,499
C01660,reliable,35,33,2,0.24,0.92,499
C01661,reliable,32,31,1,0.13,0.86,499
C01662,reliable,8,8,0,0.3,0.75,499
C01663,reliable,26,25,1,0.6,0.73,499
C01664,reliable,22,22,0,0.47,0.72,499
C01665,reliable,11,10,1,0.01,0.76,499
C01666,reliable,18,16,2,0.78,0.79,499
C01667,reliable,7,7,0,0.92,0.81,499
C01668,churn_risk,6,4,2,7.3,0.05,499
C01669,reliable,7,7,0,0.07,0.99,499
C01670,occasionally_late,21,18,3,1.96,0.61,499
C01671,reliable,32,30,2,0.07,0.9,499
C01672,reliable,6,6,0,0.68,0.71,499
C01673,reliable,9,9,0,0.72,0.92,499
C01674,frequent_failure,18,14,4,6.45,0.46,499
C01675,churn_risk,5,1,4,13.8,0.12,499
C01676,reliable,29,29,0,0.01,0.93,499
C01677,reliable,19,19,0,0.1,0.81,499
C01678,reliable,10,10,0,0.83,0.87,499
C01679,reliable,16,14,2,0.21,0.85,499
C01680,occasionally_late,15,15,0,3.85,0.51,499
C01681,reliable,8,8,0,0.54,0.86,499
C01682,occasionally_late,20,19,1,1.73,0.67,499
C01683,reliable,25,24,1,0.61,0.98,499
C01684,reliable,33,32,1,0.98,0.75,499
C01685,occasionally_late,23,21,2,3.53,0.6,499
C01686,occasionally_late,12,12,0,2.78,0.52,499
C01687,reliable,17,17,0,0.04,0.82,499
C01688,reliable,17,15,2,0.12,0.98,499
C01689,occasionally_late,5,5,0,2.93,0.55,499
C01690,frequent_failure,17,10,7,5.91,0.24,499
C01691,occasionally_late,4,4,0,3.53,0.62,499
C01692,frequent_failure,4,3,1,6.44,0.27,499
C01693,reliable,35,35,0,0.22,0.78,499
C01694,reliable,26,26,0,0.42,0.72,499
C01695,reliable,29,26,3,0.51,0.74,499
C01696,reliable,18,18,0,0.91,0.72,499
C01697,reliable,17,17,0,0.77,0.75,499
C01698,occasionally_late,8,8,0,1.07,0.54,499
C01699,frequent_failure,15,8,7,7.52,0.19,499
C01700,frequent_failure,8,7,1,7.61,0.3,499
C01701,reliable,30,28,2,0.39,0.8,499
C01702,frequent_failure,6,6,0,3.79,0.39,499
C01703,occasionally_late,13,12,1,3.81,0.46,499
C01704,reliable,29,28,1,0.67,0.73,499
C01705,reliable,28,27,1,0.53,0.88,499
C01706,reliable,13,11,2,0.48,0.91,499
C01707,reliable,26,25,1,0.64,0.95,499
C01708,reliable,32,32,0,0.6,0.74,499
C01709,reliable,6,5,1,0.78,0.84,499
C01710,reliable,31,30,1,0.42,0.74,499
C01711,occasionally_late,23,21,2,2.52,0.46,499
C01712,frequent_failure,15,10,5,5.31,0.29,499
C01713,reliable,29,25,4,0.44,0.82,499
C01714,reliable,8,8,0,0.52,0.73,499
C01715,reliable,12,12,0,0.72,0.94,499
C01716,reliable,19,19,0,0.87,0.85,499
C01717,reliable,22,22,0,0.23,0.84,499
C01718,reliable,9,9,0,0.63,0.94,499
C01719,occasionally_late,19,14,5,1.41,0.79,499
C01720,reliable,11,10,1,0.46,0.78,499
C01721,reliable,10,10,0,0.6,0.91,499
C01722,reliable,35,33,2,0.43,0.84,499
C01723,frequent_failure,12,6,6,6.35,0.37,499
C01724,frequent_failure,6,2,4,6.9,0.35,499
C01725,reliable,35,30,5,0.2,0.87,499
C01726,reliable,17,15,2,0.73,0.81,499
C01727,reliable,26,25,1,0.18,0.93,499
C01728,reliable,32,31,1,0.53,0.85,499
C01729,reliable,33,31,2,0.37,0.82,499
C01730,churn_risk,2,1,1,5.89,0.1,499
C01731,reliable,14,13,1,0.58,0.71,499
C01732,occasionally_late,4,4,0,1.98,0.5,499
C01733,frequent_failure,6,5,1,4.53,0.3,499
C01734,reliable,18,16,2,0.53,0.73,499
C01735,reliable,32,32,0,0.88,0.93,499
C01736,occasionally_late,13,11,2,2.91,0.71,499
C01737,reliable,24,23,1,0.88,0.87,499
C01738,reliable,7,5,2,0.9,0.75,499
C01739,reliable,19,19,0,0.79,0.81,499
C01740,churn_risk,10,4,6,13.23,0.22,499
C01741,frequent_failure,11,8,3,5.96,0.33,499
C01742,churn_risk,5,4,1,13.39,0.29,499
C01743,reliable,36,35,1,0.15,0.95,499
C01744,churn_risk,4,1,3,12.28,0.21,499
C01745,reliable,18,18,0,0.29,0.86,499
C01746,reliable,7,7,0,0.5,0.83,499
C01747,occasionally_late,20,18,2,2.69,0.79,499
C01748,occasionally_late,16,14,2,3.41,0.51,499
C01749,occasionally_late,17,12,5,3.41,0.71,499
C01750,churn_risk,9,6,3,13.62,0.24,499
C01751,reliable,17,15,2,0.92,0.82,499
C01752,reliable,21,21,0,0.37,0.71,499
C01753,frequent_failure,4,2,2,7.74,0.28,499
C01754,reliable,18,17,1,0.6,0.88,499
C01755,reliable,33,32,1,0.69,0.93,499
C01756,occasionally_late,10,10,0,1.01,0.56,499
C01757,reliable,18,18,0,0.82,0.9,499
C01758,reliable,29,28,1,0.29,0.78,499
C01759,reliable,33,32,1,0.57,0.98,499
C01760,reliable,15,14,1,0.35,0.92,499
C01761,occasionally_late,23,16,7,3.36,0.72,499
C01762,reliable,33,31,2,0.72,0.73,499
C01763,reliable,16,15,1,0.83,0.98,499
C01764,frequent_failure,4,3,1,7.15,0.48,499
C01765,reliable,25,23,2,0.44,0.99,499
C01766,reliable,20,20,0,0.03,0.94,499
C01767,reliable,15,15,0,0.91,0.95,499
C01768,occasionally_late,8,8,0,3.06,0.71,499
C01769,churn_risk,11,5,6,13.66,0.06,499
C01770,frequent_failure,18,12,6,6.52,0.36,499
C01771,reliable,36,36,0,0.01,0.77,499
C01772,reliable,31,31,0,0.94,0.88,499
C01773,reliable,21,19,2,0.89,0.9,499
C01774,reliable,22,18,4,0.62,0.98,499
C01775,reliable,10,9,1,0.56,0.73,499
C01776,reliable,8,8,0,0.62,0.84,499
C01777,reliable,12,11,1,0.99,0.94,499
C01778,churn_risk,5,4,1,6.37,0.14,499
C01779,frequent_failure,19,13,6,6.64,0.19,499
C01780,occasionally_late,16,14,2,3.04,0.71,499
C01781,frequent_failure,15,6,9,6.18,0.26,499
C01782,reliable,9,8,1,0.58,0.78,499
C01783,reliable,33,31,2,0.5,0.71,499
C01784,occasionally_late,21,20,1,1.32,0.68,499
C01785,reliable,17,16,1,0.83,0.81,499
C01786,occasionally_late,20,18,2,2.6,0.66,499
C01787,reliable,35,33,2,0.22,0.78,499
C01788,reliable,6,6,0,0.56,0.79,499
C01789,occasionally_late,5,5,0,1.31,0.66,499
C01790,frequent_failure,4,4,0,7.45,0.4,499
C01791,frequent_failure,4,0,4,6.0,0.39,499
C01792,reliable,14,13,1,0.12,0.85,499
C01793,frequent_failure,16,11,5,5.77,0.16,499
C01794,churn_risk,4,3,1,12.84,0.18,499
C01795,reliable,23,23,0,0.48,0.85,499
C01796,occasionally_late,19,16,3,1.7,0.77,499
C01797,occasionally_late,10,10,0,2.23,0.63,499
C01798,occasionally_late,18,16,2,2.49,0.61,499
C01799,reliable,14,13,1,0.42,0.96,499
C01800,occasionally_late,14,12,2,3.18,0.69,499
C01801,reliable,12,12,0,0.33,0.74,499
C01802,reliable,30,30,0,0.63,0.79,499
C01803,frequent_failure,18,12,6,6.72,0.5,499
C01804,reliable,23,23,0,0.17,0.79,499
C01805,reliable,14,13,1,0.64,0.92,499
C01806,occasionally_late,20,16,4,1.36,0.65,499
C01807,frequent_failure,8,6,2,3.83,0.4,499
C01808,reliable,10,9,1,0.26,0.71,499
C01809,occasionally_late,21,20,1,1.79,0.63,499
C01810,frequent_failure,5,4,1,5.9,0.42,499
C01811,frequent_failure,9,7,2,4.07,0.32,499
C01812,reliable,36,35,1,0.75,0.73,499
C01813,churn_risk,5,1,4,5.4,0.15,499
C01814,reliable,29,28,1,0.18,0.76,499
C01815,reliable,21,21,0,0.94,0.95,499
C01816,reliable,14,14,0,0.36,0.94,499
C01817,frequent_failure,7,7,0,3.21,0.35,499
C01818,occasionally_late,19,15,4,2.12,0.77,499
C01819,reliable,30,28,2,0.16,0.99,499
C01820,reliable,36,36,0,0.32,0.9,499
C01821,churn_risk,4,1,3,6.54,0.11,499
C01822,frequent_failure,5,5,0,3.39,0.4,499
C01823,reliable,36,34,2,0.31,0.99,499
C01824,churn_risk,1,0,1,14.4,0.16,499
C01825,reliable,6,5,1,0.55,0.78,499
C01826,reliable,31,29,2,0.06,0.94,499
C01827,occasionally_late,21,17,4,2.74,0.48,499
C01828,reliable,20,19,1,1.0,0.93,499
C01829,reliable,31,28,3,0.14,0.91,499
C01830,reliable,29,28,1,0.01,0.85,499
C01831,reliable,25,25,0,0.82,0.83,499
C01832,frequent_failure,10,6,4,6.17,0.46,499
C01833,churn_risk,8,5,3,8.3,0.16,499
C01834,reliable,21,20,1,0.37,0.97,499
C01835,reliable,8,8,0,0.63,0.72,499
C01836,frequent_failure,4,2,2,6.54,0.24,499
C01837,frequent_failure,5,3,2,3.71,0.26,499
C01838,reliable,12,12,0,0.65,0.86,499
C01839,occasionally_late,12,11,1,2.27,0.67,499
C01840,churn_risk,9,7,2,6.96,0.29,499
C01841,reliable,27,27,0,0.18,0.96,499
C01842,churn_risk,1,0,1,14.38,0.26,499
C01843,reliable,20,19,1,0.54,0.78,499
C01844,occasionally_late,24,18,6,3.52,0.56,499
C01845,reliable,10,10,0,0.89,1.0,499
C01846,churn_risk,6,4,2,7.87,0.18,499
C01847,reliable,21,21,0,0.62,0.8,499
C01848,reliable,12,9,3,0.68,0.84,499
C01849,occasionally_late,22,18,4,3.71,0.74,499
C01850,reliable,34,33,1,0.17,0.83,499
C01851,reliable,13,12,1,0.16,0.81,499
C01852,reliable,12,12,0,0.44,0.89,499
C01853,occasionally_late,22,19,3,3.73,0.56,499
C01854,churn_risk,9,6,3,11.95,0.24,499
C01855,reliable,16,16,0,0.84,0.94,499
C01856,reliable,24,24,0,0.24,0.74,499
C01857,reliable,7,7,0,0.3,0.71,499
C01858,reliable,30,28,2,0.06,0.93,499
C01859,frequent_failure,18,16,2,4.27,0.43,499
C01860,occasionally_late,18,15,3,2.48,0.67,499
C01861,occasionally_late,11,11,0,3.98,0.48,499
C01862,frequent_failure,5,5,0,3.36,0.46,499
C01863,occasionally_late,9,6,3,2.19,0.56,499
C01864,reliable,14,14,0,0.56,0.84,499
C01865,occasionally_late,23,20,3,1.93,0.56,499
C01866,occasionally_late,12,11,1,1.48,0.6,499
C01867,occasionally_late,10,10,0,2.13,0.7,499
C01868,occasionally_late,21,20,1,3.87,0.48,499
C01869,reliable,14,14,0,0.54,0.82,499
C01870,reliable,31,27,4,0.3,0.81,499
C01871,churn_risk,8,3,5,13.56,0.12,499
C01872,reliable,13,13,0,0.55,0.86,499
C01873,reliable,11,11,0,0.88,0.84,499
C01874,occasionally_late,12,10,2,3.1,0.64,499
C01875,reliable,9,9,0,0.21,0.98,499
C01876,reliable,7,7,0,0.96,0.71,499
C01877,occasionally_late,18,15,3,1.42,0.57,499
C01878,occasionally_late,7,7,0,3.8,0.62,499
C01879,reliable,29,26,3,0.96,0.9,499
C01880,occasionally_late,15,14,1,2.67,0.71,499
C01881,reliable,25,22,3,0.44,0.93,499
C01882,reliable,6,6,0,0.49,0.78,499
C01883,reliable,27,25,2,0.85,1.0,499
C01884,churn_risk,11,6,5,13.95,0.17,499
C01885,reliable,20,19,1,0.45,0.87,499
C01886,reliable,26,25,1,0.71,0.83,499
C01887,reliable,27,26,1,0.1,0.97,499
C01888,reliable,25,24,1,0.75,0.83,499
C01889,occasionally_late,11,11,0,2.43,0.78,499
C01890,occasionally_late,20,17,3,2.16,0.53,499
C01891,reliable,33,32,1,0.07,0.99,499
C01892,frequent_failure,14,13,1,6.72,0.2,499
C01893,reliable,8,8,0,0.98,0.73,499
C01894,occasionally_late,5,5,0,1.28,0.68,499
C01895,occasionally_late,21,18,3,3.92,0.46,499
C01896,reliable,20,20,0,0.95,0.8,499
C01897,churn_risk,10,5,5,8.95,0.14,499
C01898,reliable,9,9,0,0.03,0.88,499
C01899,frequent_failure,15,11,4,5.43,0.23,499
C01900,reliable,25,25,0,0.75,0.72,499
C01901,reliable,33,31,2,0.45,0.7,499
C01902,occasionally_late,13,13,0,1.85,0.71,499
C01903,reliable,24,24,0,0.71,0.71,499
C01904,occasionally_late,16,16,0,1.78,0.68,499
C01905,churn_risk,2,1,1,9.72,0.22,499
C01906,reliable,35,35,0,0.67,0.94,499
C01907,reliable,19,17,2,0.5,0.98,499
C01908,occasionally_late,13,10,3,1.7,0.76,499
C01909,occasionally_late,12,12,0,3.46,0.5,499
C01910,reliable,35,34,1,0.02,0.91,499
C01911,reliable,21,21,0,0.6,0.9,499
C01912,reliable,21,19,2,0.6,0.89,499
C01913,reliable,27,27,0,0.95,0.89,499
C01914,occasionally_late,23,21,2,1.4,0.59,499
C01915,frequent_failure,8,7,1,4.72,0.21,499
C01916,churn_risk,5,2,3,14.62,0.19,499
C01917,reliable,12,10,2,0.65,0.84,499
C01918,reliable,31,31,0,0.55,0.73,499
C01919,occasionally_late,21,18,3,1.16,0.63,499
C01920,occasionally_late,11,9,2,1.86,0.49,499
C01921,occasionally_late,22,21,1,3.85,0.57,499
C01922,occasionally_late,21,20,1,3.26,0.63,499
C01923,reliable,21,19,2,0.99,0.92,499
C01924,reliable,18,18,0,0.1,0.98,499
C01925,reliable,25,23,2,0.21,0.88,499
C01926,occasionally_late,4,4,0,1.24,0.75,499
C01927,frequent_failure,18,15,3,4.51,0.32,499
C01928,churn_risk,3,1,2,10.89,0.25,499
C01929,occasionally_late,8,8,0,2.94,0.78,499
C01930,reliable,18,16,2,0.2,0.97,499
C01931,reliable,23,23,0,0.08,0.89,499
C01932,churn_risk,2,2,0,9.81,0.15,499
C01933,churn_risk,1,1,0,13.73,0.27,499
C01934,reliable,32,31,1,0.97,0.72,499
C01935,frequent_failure,6,5,1,6.11,0.38,499
C01936,reliable,22,19,3,0.83,0.81,499
C01937,churn_risk,9,3,6,5.33,0.29,499
C01938,reliable,15,14,1,0.85,0.79,499
C01939,reliable,36,31,5,0.38,0.75,499
C01940,reliable,33,33,0,0.39,0.98,499
C01941,occasionally_late,17,15,2,1.95,0.7,499
C01942,frequent_failure,14,13,1,4.5,0.22,499
C01943,reliable,30,29,1,0.8,0.72,499
C01944,reliable,30,27,3,0.36,0.98,499
C01945,reliable,11,11,0,0.92,0.86,499
C01946,reliable,16,14,2,0.64,0.96,499
C01947,reliable,25,25,0,0.88,0.82,499
C01948,frequent_failure,12,9,3,7.48,0.17,499
C01949,reliable,8,8,0,0.57,0.74,499
C01950,frequent_failure,14,9,5,3.01,0.3,499
C01951,frequent_failure,16,9,7,4.27,0.47,499
C01952,occasionally_late,23,21,2,1.37,0.78,499
C01953,reliable,10,10,0,0.41,0.75,499
C01954,reliable,6,6,0,0.13,0.88,499
C01955,reliable,13,13,0,0.72,0.93,499
C01956,frequent_failure,17,14,3,3.46,0.17,499
C01957,occasionally_late,20,20,0,3.73,0.58,499
C01958,reliable,25,25,0,0.55,0.92,499
C01959,reliable,8,8,0,0.38,0.89,499
C01960,reliable,13,12,1,0.11,0.93,499
C01961,occasionally_late,15,14,1,2.0,0.61,499
C01962,occasionally_late,11,11,0,1.18,0.8,499
C01963,reliable,28,26,2,0.73,0.73,499
C01964,occasionally_late,13,9,4,2.56,0.61,499
C01965,churn_risk,9,3,6,13.16,0.15,499
C01966,churn_risk,8,4,4,7.05,0.14,499
C01967,reliable,35,33,2,0.64,0.97,499
C01968,reliable,7,7,0,0.32,0.9,499
C01969,reliable,7,7,0,0.66,0.81,499
C01970,reliable,33,32,1,0.77,0.71,499
C01971,reliable,17,17,0,0.78,0.94,499
C01972,occasionally_late,18,13,5,3.5,0.56,499
C01973,reliable,18,15,3,0.07,0.87,499
C01974,reliable,15,15,0,0.53,0.72,499
C01975,reliable,31,28,3,0.72,0.98,499
C01976,churn_risk,4,3,1,7.8,0.12,499
C01977,reliable,36,33,3,0.8,0.88,499
C01978,churn_risk,10,7,3,11.4,0.2,499
C01979,reliable,10,9,1,0.19,0.87,499
C01980,frequent_failure,17,11,6,6.1,0.44,499
C01981,churn_risk,5,0,5,12.77,0.11,499
C01982,reliable,26,25,1,0.04,0.78,499
C01983,reliable,22,21,1,0.67,0.83,499
C01984,reliable,23,23,0,0.49,0.91,499
C01985,reliable,13,11,2,0.27,0.83,499
C01986,occasionally_late,10,8,2,2.68,0.46,499
C01987,reliable,27,25,2,0.28,0.77,499
C01988,reliable,24,20,4,0.23,0.8,499
C01989,reliable,19,16,3,0.55,0.92,499
C01990,churn_risk,7,4,3,10.7,0.14,499
C01991,reliable,35,34,1,0.3,0.88,499
C01992,occasionally_late,15,14,1,1.61,0.78,499
C01993,reliable,31,28,3,0.66,0.77,499
C01994,reliable,8,8,0,0.82,0.93,499
C01995,reliable,25,25,0,0.63,0.77,499
C01996,occasionally_late,21,19,2,3.12,0.66,499
C01997,occasionally_late,14,10,4,1.76,0.56,499
C01998,reliable,27,26,1,0.43,0.76,499
C01999,reliable,19,19,0,0.95,0.74,499
C02000,reliable,13,11,2,0.46,0.99,499
C02001,frequent_failure,19,11,8,3.65,0.37,499
C02002,frequent_failure,7,7,0,6.53,0.37,499
C02003,frequent_failure,16,11,5,7.17,0.2,499
C02004,occasionally_late,20,17,3,2.39,0.51,499
C02005,occasionally_late,19,15,4,1.51,0.58,499
C02006,reliable,6,6,0,0.44,0.95,499
C02007,occasionally_late,13,11,2,1.82,0.66,499
C02008,reliable,20,20,0,0.97,0.8,499
C02009,reliable,9,8,1,0.37,0.77,499
C02010,reliable,21,20,1,0.14,0.77,499
C02011,reliable,10,9,1,0.92,0.84,499
C02012,reliable,25,24,1,0.38,0.79,499
C02013,reliable,31,29,2,0.48,0.71,499
C02014,churn_risk,2,1,1,6.7,0.21,499
C02015,frequent_failure,17,9,8,4.35,0.31,499
C02016,churn_risk,8,4,4,9.21,0.26,499
C02017,reliable,35,31,4,0.85,0.79,499
C02018,reliable,19,18,1,0.42,0.79,499
C02019,reliable,31,31,0,0.27,0.93,499
C02020,reliable,11,10,1,0.37,0.73,499
C02021,reliable,10,10,0,0.33,0.94,499
C02022,churn_risk,1,0,1,9.96,0.28,499
C02023,frequent_failure,7,4,3,5.22,0.32,499
C02024,frequent_failure,5,4,1,7.13,0.24,499
C02025,occasionally_late,23,19,4,1.3,0.6,499
C02026,churn_risk,1,1,0,5.81,0.21,499
C02027,occasionally_late,20,15,5,1.79,0.68,499
C02028,reliable,25,24,1,1.0,0.83,499
C02029,reliable,18,18,0,0.78,0.87,499
C02030,reliable,20,19,1,0.58,0.75,499
C02031,reliable,15,14,1,0.94,0.92,499
C02032,churn_risk,5,1,4,10.46,0.19,499
C02033,reliable,19,19,0,0.7,1.0,499
C02034,occasionally_late,18,17,1,3.52,0.76,499
C02035,reliable,12,12,0,0.0,0.98,499
C02036,reliable,19,18,1,0.38,0.74,499
C02037,frequent_failure,6,3,3,5.54,0.43,499
C02038,reliable,35,34,1,0.84,0.87,499
C02039,churn_risk,4,3,1,12.83,0.14,499
C02040,reliable,17,15,2,0.59,0.91,499
C02041,reliable,15,15,0,0.46,0.79,499
C02042,reliable,9,8,1,0.95,0.75,499
C02043,frequent_failure,16,11,5,5.62,0.23,499
C02044,reliable,20,20,0,0.34,0.74,499
C02045,reliable,16,16,0,0.0,0.85,499
C02046,frequent_failure,9,4,5,4.83,0.16,499
C02047,reliable,34,33,1,0.68,0.94,499
C02048,reliable,12,12,0,0.74,0.85,499
C02049,reliable,34,30,4,0.68,0.84,499
C02050,reliable,22,22,0,0.76,0.78,499
C02051,occasionally_late,9,6,3,2.16,0.74,499
C02052,frequent_failure,15,11,4,6.18,0.48,499
C02053,reliable,8,6,2,0.24,0.76,499
C02054,reliable,29,26,3,0.31,0.82,499
C02055,reliable,6,6,0,0.07,0.71,499
C02056,reliable,28,27,1,0.46,0.84,499
C02057,reliable,21,20,1,0.88,0.8,499
C02058,occasionally_late,9,6,3,3.51,0.49,499
C02059,occasionally_late,14,11,3,1.07,0.58,499
C02060,occasionally_late,21,20,1,2.08,0.65,499
C02061,reliable,9,9,0,0.05,0.75,499
C02062,frequent_failure,14,11,3,7.46,0.47,499
C02063,reliable,11,11,0,0.83,0.91,499
C02064,reliable,14,13,1,0.99,0.82,499
C02065,reliable,32,32,0,0.53,0.77,499
C02066,reliable,14,14,0,0.28,0.94,499
C02067,frequent_failure,11,8,3,6.27,0.25,499
C02068,frequent_failure,11,10,1,3.84,0.19,499
C02069,churn_risk,5,4,1,9.96,0.08,499
C02070,reliable,7,7,0,0.59,0.72,499
C02071,reliable,8,8,0,0.69,0.82,499
C02072,reliable,28,28,0,0.52,0.93,499
C02073,frequent_failure,5,5,0,3.09,0.49,499
C02074,frequent_failure,12,9,3,3.65,0.32,499
C02075,occasionally_late,21,18,3,3.13,0.67,499
C02076,occasionally_late,22,21,1,1.93,0.8,499
C02077,reliable,20,20,0,0.24,0.73,499
C02078,frequent_failure,6,3,3,5.92,0.48,499
C02079,reliable,20,20,0,0.51,0.91,499
C02080,occasionally_late,22,18,4,2.34,0.68,499
C02081,frequent_failure,19,15,4,6.99,0.49,499
C02082,reliable,20,19,1,0.13,0.86,499
C02083,occasionally_late,16,13,3,3.14,0.7,499
C02084,frequent_failure,3,2,1,6.3,0.23,499
C02085,frequent_failure,6,2,4,3.91,0.31,499
C02086,reliable,15,15,0,1.0,0.93,499
C02087,reliable,19,17,2,0.99,0.73,499
C02088,reliable,9,8,1,0.97,0.79,499
C02089,reliable,25,25,0,0.52,0.87,499
C02090,frequent_failure,6,3,3,5.15,0.36,499
C02091,reliable,18,18,0,0.34,0.98,499
C02092,reliable,31,28,3,0.46,1.0,499
C02093,occasionally_late,10,10,0,3.34,0.48,499
C02094,reliable,22,22,0,0.67,0.99,499
C02095,churn_risk,3,1,2,14.25,0.28,499
C02096,occasionally_late,16,13,3,2.69,0.49,499
C02097,reliable,11,11,0,0.63,0.95,499
C02098,reliable,6,6,0,0.13,0.72,499
C02099,occasionally_late,23,23,0,2.42,0.61,499
C02100,reliable,32,28,4,0.43,0.89,499
C02101,reliable,17,16,1,0.47,0.74,499
C02102,churn_risk,4,2,2,10.6,0.15,499
C02103,reliable,30,30,0,0.34,0.79,499
C02104,frequent_failure,9,6,3,3.33,0.49,499
C02105,reliable,12,12,0,1.0,0.92,499
C02106,reliable,19,16,3,0.6,0.76,499
C02107,churn_risk,11,6,5,14.98,0.11,499
C02108,frequent_failure,6,5,1,6.69,0.31,499
C02109,frequent_failure,5,3,2,7.08,0.39,499
C02110,reliable,10,10,0,0.42,0.73,499
C02111,reliable,32,30,2,0.86,0.98,499
C02112,reliable,18,17,1,0.14,0.75,499
C02113,reliable,19,18,1,0.83,0.95,499
C02114,churn_risk,2,1,1,6.58,0.08,499
C02115,frequent_failure,14,8,6,3.5,0.24,499
C02116,reliable,7,7,0,0.37,0.95,499
C02117,reliable,14,14,0,0.47,0.78,499
C02118,reliable,25,21,4,0.4,0.83,499
C02119,occasionally_late,12,11,1,3.84,0.49,499
C02120,churn_risk,6,2,4,5.05,0.27,499
C02121,churn_risk,9,4,5,13.92,0.22,499
C02122,reliable,13,12,1,0.43,0.96,499
C02123,churn_risk,11,6,5,13.21,0.11,499
C02124,reliable,14,14,0,0.84,0.75,499
C02125,reliable,23,22,1,0.81,0.79,499
C02126,occasionally_late,5,4,1,2.34,0.56,499
C02127,reliable,6,6,0,0.22,0.71,499
C02128,frequent_failure,4,2,2,6.21,0.31,499
C02129,reliable,19,18,1,0.4,0.99,499
C02130,reliable,20,18,2,0.52,0.97,499
C02131,occasionally_late,17,14,3,2.31,0.49,499
C02132,churn_risk,5,5,0,6.25,0.1,499
C02133,occasionally_late,6,5,1,3.59,0.56,499
C02134,reliable,24,23,1,0.48,0.98,499
C02135,occasionally_late,11,10,1,3.29,0.65,499
C02136,reliable,23,23,0,0.81,0.72,499
C02137,reliable,26,26,0,0.27,0.77,499
C02138,frequent_failure,7,5,2,7.37,0.41,499
C02139,reliable,33,32,1,0.11,0.83,499
C02140,reliable,35,35,0,0.43,0.76,499
C02141,occasionally_late,10,9,1,3.69,0.53,499
C02142,frequent_failure,12,8,4,6.8,0.27,499
C02143,occasionally_late,22,19,3,2.55,0.53,499
C02144,occasionally_late,5,3,2,1.95,0.53,499
C02145,frequent_failure,12,7,5,6.08,0.19,499
C02146,reliable,31,31,0,0.47,0.89,499
C02147,reliable,22,19,3,0.69,0.83,499
C02148,reliable,27,27,0,0.29,0.7,499
C02149,reliable,23,23,0,0.4,0.98,499
C02150,frequent_failure,6,4,2,7.3,0.41,499
C02151,reliable,11,11,0,0.35,0.88,499
C02152,reliable,17,17,0,0.61,0.85,499
C02153,reliable,35,32,3,0.6,0.83,499
C02154,churn_risk,7,4,3,10.1,0.16,499
C02155,reliable,22,21,1,0.97,0.96,499
C02156,frequent_failure,7,4,3,6.4,0.26,499
C02157,reliable,33,28,5,0.87,0.96,499
C02158,frequent_failure,19,8,11,5.55,0.5,499
C02159,occasionally_late,17,15,2,3.05,0.49,499
C02160,reliable,30,29,1,0.1,0.8,499
C02161,reliable,33,32,1,0.55,0.78,499
C02162,churn_risk,4,2,2,5.68,0.06,499
C02163,occasionally_late,20,19,1,1.12,0.78,499
C02164,occasionally_late,12,12,0,1.34,0.46,499
C02165,reliable,13,13,0,0.65,0.76,499
C02166,reliable,6,6,0,0.31,0.87,499
C02167,frequent_failure,14,8,6,4.21,0.3,499
C02168,reliable,6,6,0,0.36,0.88,499
C02169,churn_risk,10,2,8,14.61,0.06,499
C02170,frequent_failure,9,6,3,6.36,0.29,499
C02171,churn_risk,4,2,2,14.86,0.1,499
C02172,frequent_failure,16,9,7,5.14,0.29,499
C02173,reliable,8,8,0,0.7,0.85,499
C02174,churn_risk,5,2,3,10.9,0.14,499
C02175,churn_risk,2,1,1,8.28,0.16,499
C02176,reliable,27,25,2,0.35,0.79,499
C02177,reliable,8,7,1,0.46,0.97,499
C02178,churn_risk,5,2,3,10.87,0.1,499
C02179,frequent_failure,3,2,1,7.41,0.48,499
C02180,reliable,36,32,4,0.69,0.76,499
C02181,reliable,28,26,2,0.66,0.84,499
C02182,reliable,33,32,1,0.05,0.97,499
C02183,reliable,30,28,2,0.54,0.76,499
C02184,frequent_failure,11,9,2,6.92,0.3,499
C02185,reliable,14,14,0,0.15,0.95,499
C02186,reliable,13,12,1,0.85,0.99,499
C02187,reliable,30,28,2,0.06,0.91,499
C02188,churn_risk,7,3,4,5.92,0.11,499
C02189,reliable,33,32,1,0.45,0.99,499
C02190,occasionally_late,14,13,1,3.21,0.49,499
C02191,occasionally_late,11,9,2,2.61,0.53,499
C02192,occasionally_late,4,4,0,2.62,0.52,499
C02193,occasionally_late,22,15,7,3.94,0.68,499
C02194,reliable,36,33,3,0.18,0.7,499
C02195,occasionally_late,21,20,1,3.93,0.6,499
C02196,reliable,32,31,1,0.44,0.87,499
C02197,frequent_failure,9,8,1,7.43,0.35,499
C02198,churn_risk,8,2,6,8.04,0.12,499
C02199,occasionally_late,16,14,2,1.36,0.45,499
C02200,churn_risk,7,4,3,9.61,0.25,499
C02201,occasionally_late,21,19,2,1.45,0.53,499
C02202,reliable,8,7,1,0.93,0.94,499
C02203,frequent_failure,9,7,2,4.09,0.2,499
C02204,occasionally_late,21,18,3,2.64,0.59,499
C02205,reliable,13,13,0,0.83,0.96,499
C02206,reliable,21,20,1,0.57,0.85,499
C02207,occasionally_late,5,5,0,1.62,0.57,499
C02208,reliable,23,22,1,0.63,0.95,499
C02209,occasionally_late,10,7,3,3.0,0.7,499
C02210,reliable,16,15,1,0.2,0.96,499
C02211,churn_risk,9,4,5,8.6,0.3,499
C02212,reliable,26,24,2,0.6,0.72,499
C02213,occasionally_late,8,5,3,3.75,0.74,499
C02214,reliable,35,35,0,0.19,0.9,499
C02215,reliable,18,17,1,0.19,0.86,499
C02216,reliable,18,18,0,0.43,0.98,499
C02217,reliable,10,10,0,0.31,0.84,499
C02218,occasionally_late,12,11,1,1.34,0.8,499
C02219,occasionally_late,8,6,2,3.64,0.66,499
C02220,reliable,26,23,3,0.78,0.9,499
C02221,reliable,22,20,2,0.13,0.99,499
C02222,reliable,24,24,0,0.16,0.81,499
C02223,occasionally_late,24,20,4,1.26,0.58,499
C02224,churn_risk,3,0,3,7.09,0.24,499
C02225,occasionally_late,11,9,2,2.17,0.48,499
C02226,reliable,12,11,1,0.44,0.87,499
C02227,reliable,8,8,0,0.39,0.95,499
C02228,occasionally_late,4,4,0,3.33,0.5,499
C02229,reliable,27,27,0,0.91,0.89,499
C02230,reliable,12,11,1,0.72,0.89,499
C02231,occasionally_late,7,5,2,1.72,0.58,499
C02232,occasionally_late,9,9,0,1.97,0.65,499
C02233,reliable,10,10,0,0.72,0.94,499
C02234,occasionally_late,13,13,0,1.82,0.51,499
C02235,reliable,26,24,2,0.2,0.91,499
C02236,reliable,30,29,1,0.06,0.98,499
C02237,frequent_failure,15,9,6,4.24,0.29,499
C02238,frequent_failure,13,8,5,4.73,0.44,499
C02239,reliable,22,22,0,0.6,0.87,499
C02240,frequent_failure,4,2,2,4.47,0.42,499
C02241,reliable,34,34,0,0.44,0.97,499
C02242,reliable,27,26,1,0.17,0.9,499
C02243,occasionally_late,13,11,2,3.44,0.7,499
C02244,reliable,25,25,0,0.28,0.92,499
C02245,frequent_failure,3,3,0,3.7,0.46,499
C02246,frequent_failure,16,12,4,4.58,0.37,499
C02247,reliable,27,26,1,0.07,0.92,499
C02248,reliable,30,30,0,0.17,0.71,499
C02249,occasionally_late,24,21,3,3.49,0.65,499
C02250,reliable,8,7,1,0.68,0.99,499
C02251,occasionally_late,18,15,3,3.77,0.71,499
C02252,occasionally_late,4,4,0,3.68,0.54,499
C02253,frequent_failure,8,5,3,3.55,0.43,499
C02254,frequent_failure,7,3,4,7.19,0.28,499
C02255,reliable,13,13,0,0.73,0.79,499
C02256,reliable,25,24,1,0.63,0.98,499
C02257,reliable,12,12,0,0.61,0.95,499
C02258,reliable,23,23,0,0.92,0.93,499
C02259,occasionally_late,18,16,2,1.0,0.46,499
C02260,occasionally_late,17,12,5,3.07,0.63,499
C02261,reliable,27,24,3,0.41,0.99,499
C02262,reliable,12,12,0,0.24,0.83,499
C02263,occasionally_late,9,8,1,2.42,0.71,499
C02264,reliable,9,9,0,0.0,0.73,499
C02265,churn_risk,1,1,0,9.14,0.2,499
C02266,reliable,17,17,0,0.2,0.93,499
C02267,reliable,36,35,1,0.95,0.72,499
C02268,reliable,25,25,0,0.92,0.82,499
C02269,reliable,15,14,1,0.89,0.99,499
C02270,occasionally_late,24,19,5,3.65,0.48,499
C02271,reliable,20,19,1,0.13,0.8,499
C02272,occasionally_late,10,9,1,2.4,0.53,499
C02273,churn_risk,5,2,3,6.4,0.26,499
C02274,occasionally_late,24,18,6,3.0,0.7,499
C02275,reliable,31,27,4,0.53,0.87,499
C02276,occasionally_late,5,5,0,3.27,0.73,499
C02277,reliable,7,7,0,0.27,0.72,499
C02278,reliable,22,18,4,0.52,0.75,499
C02279,reliable,23,23,0,0.87,0.82,499
C02280,reliable,20,19,1,0.04,0.95,499
C02281,occasionally_late,13,11,2,3.36,0.76,499
C02282,churn_risk,10,4,6,12.65,0.11,499
C02283,reliable,16,16,0,0.51,0.96,499
C02284,reliable,7,7,0,0.61,0.82,499
C02285,reliable,25,23,2,0.45,0.95,499
C02286,reliable,33,32,1,0.56,0.72,499
C02287,reliable,33,32,1,0.8,0.9,499
C02288,reliable,24,24,0,0.22,0.97,499
C02289,reliable,11,11,0,0.31,0.83,499
C02290,reliable,22,22,0,0.34,1.0,499
C02291,reliable,10,10,0,0.06,0.77,499
C02292,occasionally_late,10,8,2,2.51,0.77,499
C02293,reliable,18,18,0,0.16,0.89,499
C02294,reliable,36,34,2,0.51,0.73,499
C02295,reliable,11,11,0,0.9,0.74,499
C02296,frequent_failure,16,12,4,3.37,0.19,499
C02297,churn_risk,8,5,3,14.9,0.17,499
C02298,occasionally_late,6,4,2,2.11,0.45,499
C02299,churn_risk,11,4,7,14.95,0.23,499
C02300,frequent_failure,15,9,6,4.61,0.42,499
C02301,reliable,25,21,4,0.58,0.96,499
C02302,occasionally_late,21,17,4,2.3,0.54,499
C02303,reliable,28,28,0,0.36,0.83,499
C02304,reliable,22,21,1,0.37,0.92,499
C02305,occasionally_late,14,12,2,3.86,0.74,499
C02306,occasionally_late,18,16,2,1.45,0.68,499
C02307,churn_risk,8,3,5,10.79,0.06,499
C02308,reliable,12,12,0,0.58,0.83,499
C02309,reliable,29,26,3,0.36,0.88,499
C02310,occasionally_late,11,10,1,2.21,0.75,499
C02311,occasionally_late,7,6,1,3.94,0.54,499
C02312,reliable,12,11,1,0.17,0.85,499
C02313,reliable,32,31,1,0.1,0.93,499
C02314,reliable,19,17,2,0.17,0.73,499
C02315,churn_risk,9,6,3,14.77,0.06,499
C02316,reliable,25,24,1,0.77,0.91,499
C02317,reliable,8,8,0,0.95,0.71,499
C02318,reliable,19,19,0,0.58,0.86,499
C02319,occasionally_late,11,9,2,3.8,0.5,499
C02320,churn_risk,1,1,0,6.71,0.27,499
C02321,churn_risk,5,2,3,6.82,0.2,499
C02322,occasionally_late,7,7,0,1.01,0.76,499
C02323,churn_risk,1,1,0,14.55,0.22,499
C02324,occasionally_late,19,19,0,1.79,0.47,499
C02325,reliable,15,15,0,0.47,0.86,499
C02326,occasionally_late,19,17,2,3.28,0.52,499
C02327,frequent_failure,17,11,6,3.94,0.35,499
C02328,occasionally_late,14,12,2,3.18,0.73,499
C02329,reliable,8,8,0,0.3,0.84,499
C02330,reliable,22,22,0,0.93,0.8,499
C02331,reliable,33,31,2,0.96,0.95,499
C02332,reliable,17,14,3,0.08,0.79,499
C02333,reliable,8,8,0,0.0,0.85,499
C02334,frequent_failure,17,13,4,6.14,0.44,499
C02335,frequent_failure,11,9,2,7.63,0.16,499
C02336,reliable,24,23,1,0.76,0.91,499
C02337,reliable,23,22,1,0.44,0.77,499
C02338,occasionally_late,15,15,0,3.55,0.66,499
C02339,occasionally_late,13,12,1,2.94,0.55,499
C02340,occasionally_late,20,17,3,1.3,0.5,499
C02341,occasionally_late,10,9,1,1.51,0.65,499
C02342,occasionally_late,11,7,4,2.29,0.75,499
C02343,frequent_failure,8,5,3,3.64,0.16,499
C02344,reliable,7,7,0,0.58,0.99,499
C02345,occasionally_late,15,9,6,2.3,0.67,499
C02346,reliable,36,33,3,0.32,0.86,499
C02347,reliable,34,34,0,0.35,0.81,499
C02348,frequent_failure,15,10,5,7.4,0.29,499
C02349,reliable,23,23,0,0.82,0.89,499
C02350,occasionally_late,11,10,1,3.18,0.57,499
C02351,occasionally_late,9,7,2,3.51,0.67,499
C02352,occasionally_late,5,4,1,1.06,0.5,499
C02353,occasionally_late,24,22,2,2.5,0.49,499
C02354,reliable,18,17,1,0.68,0.78,499
C02355,churn_risk,10,4,6,5.51,0.17,499
C02356,reliable,27,27,0,0.68,0.9,499
C02357,reliable,34,32,2,0.86,0.79,499
C02358,reliable,16,13,3,0.06,0.94,499
C02359,frequent_failure,15,10,5,3.99,0.3,499
C02360,churn_risk,11,6,5,11.44,0.06,499
C02361,reliable,12,11,1,0.59,0.77,499
C02362,reliable,23,23,0,0.32,0.89,499
C02363,frequent_failure,10,6,4,5.94,0.34,499
C02364,occasionally_late,20,14,6,2.7,0.76,499
C02365,occasionally_late,8,8,0,2.59,0.68,499
C02366,reliable,22,21,1,0.61,0.76,499
C02367,reliable,7,6,1,0.4,0.87,499
C02368,occasionally_late,12,12,0,2.44,0.47,499
C02369,churn_risk,4,2,2,9.59,0.19,499
C02370,frequent_failure,8,7,1,7.2,0.19,499
C02371,reliable,6,6,0,0.07,0.92,499
C02372,occasionally_late,12,9,3,3.8,0.53,499
C02373,occasionally_late,21,18,3,2.04,0.72,499
C02374,reliable,27,27,0,0.9,0.78,499
C02375,reliable,18,18,0,0.78,0.96,499
C02376,reliable,15,14,1,0.38,0.7,499
C02377,occasionally_late,21,17,4,3.49,0.52,499
C02378,occasionally_late,10,8,2,2.86,0.47,499
C02379,occasionally_late,11,10,1,1.84,0.79,499
C02380,reliable,19,19,0,0.35,0.76,499
C02381,reliable,7,7,0,0.16,0.88,499
C02382,reliable,29,28,1,0.19,0.96,499
C02383,reliable,19,19,0,0.01,0.89,499
C02384,frequent_failure,14,11,3,4.4,0.23,499
C02385,churn_risk,5,0,5,11.89,0.27,499
C02386,reliable,11,11,0,0.37,0.91,499
C02387,occasionally_late,11,10,1,2.94,0.64,499
C02388,churn_risk,6,4,2,6.99,0.26,499
C02389,reliable,28,27,1,0.55,0.84,499
C02390,reliable,9,8,1,0.24,0.74,499
C02391,occasionally_late,7,7,0,3.62,0.47,499
C02392,churn_risk,9,5,4,8.94,0.13,499
C02393,reliable,23,23,0,0.38,0.78,499
C02394,reliable,21,21,0,0.89,0.77,499
C02395,occasionally_late,4,3,1,1.3,0.57,499
C02396,frequent_failure,17,10,7,3.26,0.2,499
C02397,occasionally_late,13,12,1,2.07,0.66,499
C02398,reliable,12,10,2,0.23,0.78,499
C02399,reliable,21,21,0,0.93,0.86,499
C02400,frequent_failure,10,9,1,7.84,0.39,499
C02401,reliable,7,7,0,0.97,0.81,499
C02402,churn_risk,11,4,7,14.09,0.26,499
C02403,reliable,6,6,0,0.41,0.87,499
C02404,reliable,24,21,3,0.57,0.73,499
C02405,reliable,6,6,0,0.38,0.91,499
C02406,reliable,21,16,5,0.75,1.0,499
C02407,occasionally_late,4,4,0,2.27,0.46,499
C02408,reliable,32,29,3,0.59,0.96,499
C02409,occasionally_late,11,10,1,3.99,0.51,499
C02410,reliable,21,19,2,0.54,0.87,499
C02411,reliable,34,32,2,0.51,0.84,499
C02412,occasionally_late,5,5,0,2.07,0.57,499
C02413,occasionally_late,19,17,2,1.0,0.65,499
C02414,churn_risk,10,7,3,5.71,0.24,499
C02415,occasionally_late,17,16,1,2.56,0.64,499
C02416,reliable,10,10,0,0.16,0.71,499
C02417,reliable,17,17,0,0.13,0.89,499
C02418,frequent_failure,4,2,2,7.25,0.45,499
C02419,frequent_failure,18,16,2,6.97,0.32,499
C02420,frequent_failure,16,9,7,5.36,0.32,499
C02421,reliable,10,10,0,0.95,0.91,499
C02422,reliable,28,23,5,0.27,0.97,499
C02423,reliable,35,35,0,0.15,0.94,499
C02424,reliable,11,10,1,0.21,0.97,499
C02425,reliable,22,19,3,0.22,0.77,499
C02426,churn_risk,5,2,3,6.88,0.1,499
C02427,reliable,24,24,0,0.21,0.74,499
C02428,reliable,20,20,0,0.87,0.78,499
C02429,occasionally_late,4,3,1,2.92,0.58,499
C02430,frequent_failure,13,11,2,4.38,0.24,499
C02431,reliable,36,33,3,0.08,0.73,499
C02432,frequent_failure,3,1,2,3.28,0.49,499
C02433,reliable,10,10,0,0.03,0.91,499
C02434,occasionally_late,21,15,6,3.41,0.76,499
C02435,reliable,25,25,0,0.7,1.0,499
C02436,reliable,23,21,2,0.43,0.95,499
C02437,churn_risk,5,3,2,7.51,0.11,499
C02438,frequent_failure,18,11,7,4.0,0.24,499
C02439,churn_risk,2,1,1,5.12,0.29,499
C02440,frequent_failure,16,13,3,5.16,0.33,499
C02441,churn_risk,2,2,0,6.74,0.2,499
C02442,reliable,15,15,0,0.95,0.95,499
C02443,occasionally_late,19,17,2,2.8,0.53,499
C02444,reliable,27,25,2,0.01,0.95,499
C02445,occasionally_late,17,14,3,2.87,0.79,499
C02446,reliable,30,30,0,0.98,0.99,499
C02447,reliable,12,12,0,0.7,0.84,499
C02448,reliable,12,11,1,0.2,0.82,499
C02449,reliable,25,25,0,0.88,0.86,499
C02450,reliable,36,34,2,0.83,0.78,499
C02451,occasionally_late,15,14,1,1.97,0.65,499
C02452,occasionally_late,14,13,1,1.6,0.77,499
C02453,reliable,8,8,0,0.47,0.9,499
C02454,reliable,27,27,0,0.46,0.71,499
C02455,reliable,34,32,2,0.29,0.98,499
C02456,occasionally_late,14,13,1,3.89,0.49,499
C02457,frequent_failure,7,5,2,6.51,0.31,499
C02458,occasionally_late,22,20,2,1.69,0.75,499
C02459,occasionally_late,23,22,1,2.57,0.72,499
C02460,reliable,26,26,0,0.17,0.71,499
C02461,reliable,15,15,0,0.96,0.92,499
C02462,occasionally_late,17,12,5,3.68,0.47,499
C02463,occasionally_late,22,17,5,2.86,0.55,499
C02464,frequent_failure,7,6,1,3.47,0.22,499
C02465,churn_risk,7,0,7,10.32,0.27,499
C02466,frequent_failure,3,3,0,7.82,0.4,499
C02467,reliable,26,24,2,0.51,0.81,499
C02468,churn_risk,4,3,1,12.23,0.29,499
C02469,frequent_failure,7,5,2,7.5,0.27,499
C02470,frequent_failure,12,10,2,4.66,0.15,499
C02471,reliable,29,28,1,0.84,0.87,499
C02472,occasionally_late,10,10,0,1.36,0.49,499
C02473,occasionally_late,22,22,0,1.22,0.57,499
C02474,occasionally_late,13,12,1,3.73,0.63,499
C02475,occasionally_late,11,9,2,3.75,0.59,499
C02476,occasionally_late,6,4,2,3.79,0.71,499
C02477,reliable,20,18,2,0.94,0.71,499
C02478,reliable,19,18,1,0.18,0.88,499
C02479,reliable,15,15,0,0.02,0.72,499
C02480,reliable,30,30,0,0.19,0.8,499
C02481,occasionally_late,8,8,0,2.57,0.5,499
C02482,reliable,30,26,4,0.8,0.73,499
C02483,reliable,22,21,1,0.02,0.9,499
C02484,occasionally_late,4,4,0,1.06,0.65,499
C02485,occasionally_late,21,18,3,1.44,0.76,499
C02486,occasionally_late,16,12,4,3.89,0.56,499
C02487,reliable,13,13,0,0.86,0.88,499
C02488,frequent_failure,11,10,1,4.63,0.35,499
C02489,frequent_failure,17,9,8,6.65,0.24,499
C02490,occasionally_late,16,15,1,2.62,0.78,499
C02491,reliable,21,20,1,0.48,0.86,499
C02492,churn_risk,9,3,6,11.99,0.23,499
C02493,reliable,8,7,1,0.02,0.79,499
C02494,reliable,26,24,2,0.6,0.76,499
C02495,reliable,24,24,0,0.07,0.84,499
C02496,reliable,36,34,2,0.65,0.81,499
C02497,occasionally_late,20,18,2,2.48,0.71,499
C02498,reliable,22,22,0,0.7,0.79,499
C02499,reliable,27,27,0,0.89,0.92,499
C02500,reliable,14,14,0,0.64,0.9,499
C02501,reliable,14,14,0,0.01,0.77,499
C02502,frequent_failure,12,6,6,7.4,0.36,499
C02503,reliable,36,32,4,0.39,0.9,499
C02504,reliable,6,6,0,0.87,0.75,499
C02505,frequent_failure,6,5,1,6.89,0.49,499
C02506,reliable,30,30,0,0.08,0.78,499
C02507,reliable,11,10,1,0.46,0.93,499
C02508,reliable,9,9,0,0.63,0.83,499
C02509,reliable,16,15,1,0.09,0.89,499
C02510,reliable,18,17,1,0.47,0.97,499
C02511,frequent_failure,16,8,8,5.29,0.45,499
C02512,reliable,28,24,4,0.05,0.96,499
C02513,occasionally_late,9,8,1,1.47,0.54,499
C02514,occasionally_late,20,16,4,2.94,0.76,499
C02515,occasionally_late,20,18,2,1.29,0.49,499
C02516,reliable,7,7,0,0.76,0.87,499
C02517,frequent_failure,15,8,7,4.04,0.48,499
C02518,reliable,13,13,0,0.04,0.93,499
C02519,churn_risk,10,7,3,9.3,0.18,499
C02520,reliable,17,17,0,0.95,0.75,499
C02521,reliable,28,27,1,0.54,0.92,499
C02522,reliable,12,12,0,0.9,0.79,499
C02523,reliable,34,32,2,0.7,0.91,499
C02524,occasionally_late,14,11,3,2.71,0.76,499
C02525,occasionally_late,16,14,2,3.21,0.64,499
C02526,churn_risk,9,6,3,12.68,0.05,499
C02527,reliable,19,19,0,0.23,0.86,499
C02528,frequent_failure,18,11,7,5.49,0.46,499
C02529,occasionally_late,4,3,1,3.46,0.65,499
C02530,occasionally_late,14,14,0,3.8,0.7,499
C02531,reliable,25,23,2,0.63,0.87,499
C02532,frequent_failure,18,11,7,4.62,0.36,499
C02533,occasionally_late,15,11,4,1.72,0.56,499
C02534,occasionally_late,4,4,0,2.48,0.76,499
C02535,churn_risk,11,3,8,14.87,0.06,499
C02536,reliable,20,18,2,0.7,0.93,499
C02537,reliable,24,24,0,0.43,0.99,499
C02538,frequent_failure,11,9,2,6.3,0.45,499
C02539,reliable,36,32,4,0.96,0.93,499
C02540,occasionally_late,8,6,2,3.77,0.74,499
C02541,occasionally_late,23,20,3,1.56,0.68,499
C02542,reliable,15,14,1,0.84,0.94,499
C02543,reliable,27,27,0,0.81,0.87,499
C02544,frequent_failure,15,9,6,7.63,0.16,499
C02545,reliable,17,17,0,0.9,0.88,499
C02546,reliable,16,16,0,0.61,0.94,499
C02547,occasionally_late,15,15,0,2.83,0.61,499
C02548,occasionally_late,16,11,5,3.91,0.52,499
C02549,occasionally_late,16,16,0,2.9,0.51,499
C02550,reliable,11,10,1,0.09,1.0,499
C02551,reliable,24,23,1,0.04,0.75,499
C02552,reliable,16,16,0,0.32,0.83,499
C02553,frequent_failure,7,5,2,7.12,0.5,499
C02554,reliable,22,22,0,0.47,0.99,499
C02555,reliable,7,3,4,0.63,0.71,499
C02556,reliable,14,14,0,0.04,1.0,499
C02557,reliable,20,18,2,0.04,0.93,499
C02558,reliable,33,29,4,0.39,0.86,499
C02559,churn_risk,5,3,2,10.62,0.05,499
C02560,reliable,16,16,0,0.72,0.73,499
C02561,reliable,33,30,3,0.22,0.72,499
C02562,reliable,31,28,3,0.64,0.93,499
C02563,reliable,26,26,0,0.52,0.71,499
C02564,frequent_failure,9,6,3,7.95,0.26,499
C02565,reliable,35,34,1,0.39,0.75,499
C02566,reliable,10,10,0,0.01,0.92,499
C02567,reliable,14,14,0,0.35,0.82,499
C02568,frequent_failure,13,8,5,5.2,0.2,499
C02569,frequent_failure,13,8,5,6.06,0.23,499
C02570,reliable,10,9,1,0.28,0.84,499
C02571,reliable,24,23,1,0.6,0.87,499
C02572,reliable,6,6,0,0.66,1.0,499
C02573,reliable,35,33,2,0.66,0.71,499
C02574,reliable,20,19,1,0.35,0.76,499
C02575,occasionally_late,12,8,4,2.23,0.51,499
C02576,occasionally_late,9,9,0,2.3,0.5,499
C02577,reliable,32,31,1,0.48,0.71,499
C02578,reliable,27,24,3,0.05,0.83,499
C02579,reliable,30,28,2,0.99,0.95,499
C02580,reliable,13,13,0,0.12,0.82,499
C02581,reliable,6,6,0,0.09,0.78,499
C02582,frequent_failure,18,14,4,7.82,0.35,499
C02583,reliable,16,14,2,0.7,0.86,499
C02584,reliable,17,17,0,0.9,0.79,499
C02585,occasionally_late,16,14,2,2.39,0.63,499
C02586,reliable,13,12,1,0.31,0.76,499
C02587,occasionally_late,24,21,3,1.55,0.55,499
C02588,occasionally_late,17,15,2,1.05,0.54,499
C02589,frequent_failure,10,7,3,5.46,0.37,499
C02590,reliable,21,20,1,0.37,0.91,499
C02591,frequent_failure,18,15,3,5.58,0.32,499
C02592,reliable,8,8,0,0.54,0.74,499
C02593,reliable,21,18,3,0.86,0.76,499
C02594,reliable,34,33,1,0.17,0.71,499
C02595,frequent_failure,6,4,2,5.02,0.16,499
C02596,reliable,15,13,2,0.17,0.8,499
C02597,churn_risk,2,2,0,6.58,0.15,499
C02598,frequent_failure,7,6,1,3.66,0.28,499
C02599,occasionally_late,15,12,3,2.62,0.65,499
C02600,occasionally_late,23,20,3,1.81,0.47,499
C02601,reliable,16,16,0,0.62,1.0,499
C02602,reliable,16,16,0,0.34,0.88,499
C02603,reliable,21,21,0,0.27,0.91,499
C02604,reliable,8,8,0,0.97,0.74,499
C02605,occasionally_late,10,10,0,3.4,0.63,499
C02606,reliable,23,22,1,0.59,0.94,499
C02607,reliable,13,11,2,0.9,0.99,499
C02608,occasionally_late,12,11,1,2.58,0.64,499
C02609,frequent_failure,18,11,7,5.49,0.25,499
C02610,reliable,32,31,1,0.93,0.81,499
C02611,churn_risk,2,1,1,13.59,0.27,499
C02612,occasionally_late,17,13,4,3.49,0.68,499
C02613,churn_risk,2,0,2,11.26,0.15,499
C02614,reliable,17,14,3,0.54,0.73,499
C02615,reliable,18,17,1,0.4,0.76,499
C02616,reliable,14,12,2,0.41,0.92,499
C02617,frequent_failure,3,3,0,5.83,0.23,499
C02618,occasionally_late,16,15,1,3.03,0.48,499
C02619,reliable,33,32,1,0.44,0.83,499
C02620,reliable,33,31,2,0.82,0.94,499
C02621,frequent_failure,11,6,5,5.26,0.33,499
C02622,reliable,18,16,2,0.51,0.98,499
C02623,occasionally_late,6,5,1,2.08,0.53,499
C02624,frequent_failure,15,13,2,4.08,0.36,499
C02625,occasionally_late,21,18,3,3.68,0.63,499
C02626,reliable,12,11,1,0.84,0.79,499
C02627,reliable,34,32,2,0.23,0.98,499
C02628,reliable,28,27,1,0.19,0.82,499
C02629,occasionally_late,4,4,0,3.47,0.59,499
C02630,occasionally_late,4,3,1,1.6,0.65,499
C02631,reliable,20,20,0,0.87,0.78,499
C02632,reliable,19,19,0,0.09,0.94,499
C02633,reliable,15,15,0,0.59,0.98,499
C02634,reliable,27,26,1,0.21,0.91,499
C02635,reliable,9,8,1,0.55,0.73,499
C02636,reliable,23,21,2,0.39,0.74,499
C02637,reliable,34,32,2,0.67,0.88,499
C02638,reliable,28,27,1,0.27,0.98,499
C02639,reliable,21,20,1,0.58,0.97,499
C02640,churn_risk,3,1,2,12.73,0.26,499
C02641,frequent_failure,17,8,9,7.79,0.4,499
C02642,churn_risk,5,3,2,9.52,0.13,499
C02643,reliable,28,27,1,0.42,0.96,499
C02644,reliable,11,10,1,0.39,0.85,499
C02645,frequent_failure,10,8,2,6.88,0.3,499
C02646,reliable,26,25,1,0.89,0.93,499
C02647,reliable,33,31,2,0.54,0.76,499
C02648,occasionally_late,24,19,5,2.53,0.64,499
C02649,reliable,16,13,3,0.67,0.96,499
C02650,occasionally_late,14,12,2,2.64,0.8,499
C02651,reliable,15,14,1,0.25,0.85,499
C02652,occasionally_late,7,7,0,3.23,0.64,499
C02653,occasionally_late,4,2,2,1.2,0.51,499
C02654,reliable,9,9,0,0.71,0.95,499
C02655,churn_risk,8,2,6,5.84,0.24,499
C02656,frequent_failure,17,10,7,6.23,0.23,499
C02657,reliable,16,16,0,0.92,0.88,499
C02658,reliable,29,29,0,0.88,0.99,499
C02659,occasionally_late,13,12,1,3.15,0.65,499
C02660,reliable,25,23,2,0.45,0.89,499
C02661,reliable,8,8,0,0.74,0.74,499
C02662,reliable,6,6,0,0.11,0.81,499
C02663,reliable,29,29,0,0.03,0.89,499
C02664,churn_risk,4,2,2,5.77,0.22,499
C02665,reliable,12,12,0,0.34,0.72,499
C02666,occasionally_late,11,11,0,1.36,0.54,499
C02667,frequent_failure,8,6,2,5.85,0.36,499
C02668,reliable,31,30,1,0.59,0.85,499
C02669,occasionally_late,10,10,0,2.4,0.47,499
C02670,occasionally_late,16,15,1,2.58,0.49,499
C02671,occasionally_late,14,14,0,3.23,0.77,499
C02672,reliable,33,32,1,0.86,0.73,499
C02673,reliable,15,15,0,0.51,0.88,499
C02674,reliable,7,6,1,0.21,0.91,499
C02675,reliable,19,19,0,0.03,0.93,499
C02676,reliable,16,14,2,0.82,0.91,499
C02677,occasionally_late,19,15,4,4.0,0.7,499
C02678,churn_risk,5,1,4,13.51,0.29,499
C02679,occasionally_late,18,13,5,2.22,0.6,499
C02680,occasionally_late,11,9,2,1.99,0.49,499
C02681,frequent_failure,6,0,6,4.93,0.27,499
C02682,reliable,12,12,0,0.95,0.91,499
C02683,reliable,20,20,0,0.56,0.75,499
C02684,occasionally_late,12,10,2,1.26,0.5,499
C02685,occasionally_late,6,6,0,1.22,0.55,499
C02686,reliable,30,28,2,0.56,0.81,499
C02687,reliable,27,26,1,0.43,0.76,499
C02688,reliable,14,14,0,0.18,0.86,499
C02689,churn_risk,4,2,2,5.58,0.18,499
C02690,frequent_failure,6,5,1,7.17,0.37,499
C02691,churn_risk,10,7,3,5.48,0.09,499
C02692,frequent_failure,5,0,5,5.77,0.29,499
C02693,churn_risk,3,3,0,10.78,0.16,499
C02694,churn_risk,2,1,1,14.12,0.23,499
C02695,reliable,30,30,0,0.8,0.78,499
C02696,occasionally_late,16,12,4,2.92,0.77,499
C02697,reliable,14,13,1,0.13,0.85,499
C02698,frequent_failure,18,12,6,4.49,0.21,499
C02699,reliable,24,22,2,0.4,0.99,499
C02700,reliable,29,28,1,0.41,0.9,499
C02701,churn_risk,10,5,5,8.75,0.15,499
C02702,reliable,35,28,7,0.89,0.91,499
C02703,reliable,27,27,0,0.89,0.95,499
C02704,occasionally_late,23,17,6,2.88,0.59,499
C02705,reliable,30,28,2,0.88,0.75,499
C02706,reliable,31,28,3,0.07,1.0,499
C02707,reliable,16,16,0,0.29,0.92,499
C02708,reliable,16,16,0,0.78,0.92,499
C02709,frequent_failure,19,9,10,6.22,0.21,499
C02710,reliable,7,7,0,0.19,0.97,499
C02711,reliable,14,14,0,0.27,0.84,499
C02712,occasionally_late,9,6,3,1.46,0.5,499
C02713,reliable,12,12,0,0.23,0.89,499
C02714,reliable,18,18,0,0.67,0.99,499
C02715,reliable,28,28,0,0.32,0.97,499
C02716,reliable,35,31,4,0.83,0.78,499
C02717,reliable,24,23,1,0.19,0.89,499
C02718,reliable,20,17,3,0.4,0.83,499
C02719,reliable,16,14,2,0.32,0.7,499
C02720,churn_risk,11,4,7,12.17,0.06,499
C02721,occasionally_late,20,14,6,1.87,0.73,499
C02722,reliable,35,35,0,0.79,0.85,499
C02723,reliable,7,7,0,0.2,0.98,499
C02724,occasionally_late,14,12,2,1.93,0.71,499
C02725,frequent_failure,10,8,2,4.74,0.17,499
C02726,reliable,21,20,1,0.69,0.76,499
C02727,churn_risk,2,0,2,5.77,0.22,499
C02728,reliable,22,21,1,0.6,0.92,499
C02729,reliable,21,20,1,0.96,0.97,499
C02730,occasionally_late,17,15,2,2.79,0.61,499
C02731,reliable,34,27,7,0.01,0.76,499
C02732,reliable,31,28,3,0.19,0.84,499
C02733,reliable,15,14,1,0.7,0.93,499
C02734,churn_risk,9,4,5,11.39,0.27,499
C02735,occasionally_late,8,8,0,3.33,0.66,499
C02736,occasionally_late,5,4,1,2.03,0.59,499
C02737,reliable,13,12,1,0.61,0.92,499
C02738,frequent_failure,11,8,3,5.69,0.47,499
C02739,occasionally_late,23,21,2,2.17,0.73,499
C02740,reliable,26,26,0,0.89,0.77,499
C02741,occasionally_late,13,11,2,2.94,0.53,499
C02742,frequent_failure,17,14,3,5.33,0.18,499
C02743,reliable,9,9,0,0.99,0.94,499
C02744,reliable,19,18,1,0.13,0.94,499
C02745,occasionally_late,9,9,0,2.97,0.77,499
C02746,reliable,27,24,3,0.55,0.98,499
C02747,reliable,13,12,1,0.05,0.92,499
C02748,occasionally_late,12,11,1,3.26,0.53,499
C02749,reliable,6,6,0,0.06,0.8,499
C02750,churn_risk,4,1,3,12.98,0.1,499
C02751,reliable,12,12,0,0.27,0.77,499
C02752,reliable,32,28,4,0.73,0.72,499
C02753,reliable,18,18,0,0.58,0.84,499
C02754,frequent_failure,12,6,6,4.99,0.37,499
C02755,churn_risk,1,1,0,8.97,0.08,499
C02756,occasionally_late,6,6,0,1.01,0.67,499
C02757,reliable,30,29,1,0.75,0.76,499
C02758,churn_risk,10,5,5,5.44,0.18,499
C02759,reliable,18,16,2,0.55,0.87,499
C02760,reliable,14,13,1,0.98,0.86,499
C02761,reliable,15,14,1,0.43,0.95,499
C02762,occasionally_late,8,7,1,3.15,0.57,499
C02763,reliable,18,17,1,0.46,0.99,499
C02764,reliable,33,32,1,0.63,0.75,499
C02765,frequent_failure,18,12,6,4.02,0.3,499
C02766,occasionally_late,21,20,1,1.82,0.59,499
C02767,frequent_failure,9,7,2,6.65,0.24,499
C02768,churn_risk,1,1,0,8.01,0.08,499
C02769,reliable,21,19,2,0.52,0.74,499
C02770,reliable,15,13,2,0.69,0.76,499
C02771,churn_risk,8,5,3,8.02,0.12,499
C02772,reliable,21,21,0,0.0,0.93,499
C02773,frequent_failure,5,5,0,4.16,0.47,499
C02774,occasionally_late,15,12,3,1.87,0.66,499
C02775,reliable,27,27,0,0.5,0.79,499
C02776,reliable,36,32,4,0.94,0.73,499
C02777,reliable,16,16,0,0.08,0.98,499
C02778,frequent_failure,10,6,4,6.27,0.21,499
C02779,occasionally_late,22,21,1,1.21,0.77,499
C02780,reliable,22,22,0,0.05,0.82,499
C02781,reliable,28,28,0,0.51,0.81,499
C02782,frequent_failure,4,2,2,5.02,0.4,499
C02783,occasionally_late,17,15,2,1.44,0.74,499
C02784,reliable,22,22,0,0.83,0.79,499
C02785,churn_risk,3,2,1,11.55,0.16,499
C02786,occasionally_late,20,19,1,2.66,0.47,499
C02787,reliable,16,16,0,0.74,0.84,499
C02788,frequent_failure,3,3,0,7.55,0.27,499
C02789,reliable,12,12,0,1.0,0.73,499
C02790,reliable,30,28,2,0.72,0.8,499
C02791,reliable,8,8,0,0.8,0.84,499
C02792,frequent_failure,5,4,1,7.35,0.39,499
C02793,occasionally_late,20,18,2,2.71,0.61,499
C02794,reliable,17,16,1,0.17,0.79,499
C02795,occasionally_late,16,13,3,3.15,0.58,499
C02796,occasionally_late,19,16,3,1.83,0.52,499
C02797,occasionally_late,8,6,2,3.44,0.66,499
C02798,reliable,9,9,0,0.3,0.84,499
C02799,frequent_failure,17,10,7,4.74,0.32,499
C02800,reliable,19,19,0,0.32,0.81,499
C02801,occasionally_late,14,13,1,1.45,0.61,499
C02802,occasionally_late,10,10,0,2.2,0.5,499
C02803,reliable,18,16,2,0.49,0.73,499
C02804,occasionally_late,19,17,2,1.55,0.79,499
C02805,reliable,11,11,0,0.87,0.84,499
C02806,frequent_failure,14,11,3,3.84,0.15,499
C02807,reliable,22,21,1,0.38,0.79,499
C02808,reliable,18,15,3,0.35,0.85,499
C02809,reliable,19,18,1,0.49,0.92,499
C02810,reliable,36,34,2,0.04,0.72,499
C02811,reliable,9,9,0,0.49,0.74,499
C02812,occasionally_late,10,8,2,1.74,0.78,499
C02813,frequent_failure,8,7,1,3.13,0.31,499
C02814,occasionally_late,9,8,1,3.78,0.53,499
C02815,reliable,10,8,2,0.98,0.71,499
C02816,reliable,32,31,1,0.89,0.71,499
C02817,reliable,14,13,1,0.57,0.91,499
C02818,occasionally_late,24,20,4,1.43,0.54,499
C02819,reliable,11,11,0,0.92,0.72,499
C02820,reliable,32,30,2,0.15,0.94,499
C02821,reliable,23,22,1,0.92,0.91,499
C02822,reliable,34,32,2,0.36,0.86,499
C02823,reliable,32,32,0,0.58,0.82,499
C02824,reliable,15,15,0,0.47,0.95,499
C02825,reliable,11,10,1,0.24,0.99,499
C02826,occasionally_late,10,9,1,3.23,0.64,499
C02827,reliable,23,21,2,0.95,0.73,499
C02828,occasionally_late,8,7,1,3.9,0.79,499
C02829,occasionally_late,8,8,0,1.67,0.62,499
C02830,occasionally_late,23,20,3,2.82,0.69,499
C02831,reliable,6,4,2,0.99,0.94,499
C02832,churn_risk,7,7,0,9.04,0.19,499
C02833,occasionally_late,21,16,5,3.24,0.54,499
C02834,reliable,20,19,1,0.43,0.96,499
C02835,frequent_failure,6,5,1,5.92,0.29,499
C02836,frequent_failure,6,2,4,4.8,0.37,499
C02837,reliable,25,24,1,1.0,0.94,499
C02838,churn_risk,8,7,1,12.62,0.14,499
C02839,reliable,17,14,3,0.38,0.95,499
C02840,reliable,14,14,0,0.07,0.76,499
C02841,reliable,33,31,2,0.08,0.89,499
C02842,reliable,32,31,1,0.41,0.97,499
C02843,reliable,32,30,2,0.99,0.93,499
C02844,occasionally_late,9,7,2,3.84,0.55,499
C02845,occasionally_late,14,13,1,3.11,0.6,499
C02846,reliable,8,8,0,0.65,0.71,499
C02847,reliable,34,31,3,0.43,0.95,499
C02848,occasionally_late,22,14,8,1.69,0.57,499
C02849,frequent_failure,15,9,6,4.49,0.23,499
C02850,occasionally_late,9,7,2,1.68,0.7,499
C02851,occasionally_late,4,2,2,2.32,0.71,499
C02852,churn_risk,10,5,5,9.77,0.16,499
C02853,churn_risk,3,0,3,6.92,0.27,499
C02854,reliable,11,10,1,0.98,0.75,499
C02855,churn_risk,2,1,1,10.66,0.12,499
C02856,reliable,24,24,0,0.43,0.93,499
C02857,occasionally_late,15,13,2,2.26,0.74,499
C02858,churn_risk,10,4,6,10.39,0.13,499
C02859,reliable,18,17,1,0.28,0.87,499
C02860,occasionally_late,12,10,2,2.39,0.46,499
C02861,frequent_failure,7,4,3,3.62,0.28,499
C02862,reliable,34,31,3,0.93,0.89,499
C02863,occasionally_late,24,20,4,1.45,0.57,499
C02864,frequent_failure,4,4,0,7.88,0.5,499
C02865,churn_risk,3,2,1,8.99,0.2,499
C02866,reliable,16,16,0,0.33,0.89,499
C02867,occasionally_late,12,11,1,3.58,0.58,499
C02868,occasionally_late,16,15,1,1.43,0.77,499
C02869,frequent_failure,4,2,2,6.04,0.27,499
C02870,reliable,33,32,1,0.93,0.84,499
C02871,occasionally_late,18,14,4,2.99,0.72,499
C02872,reliable,20,19,1,0.69,0.71,499
C02873,reliable,15,15,0,0.36,0.91,499
C02874,reliable,13,13,0,0.72,0.83,499
C02875,churn_risk,1,1,0,9.14,0.14,499
C02876,reliable,10,9,1,0.38,0.92,499
C02877,occasionally_late,9,6,3,1.25,0.63,499
C02878,occasionally_late,11,9,2,3.15,0.69,499
C02879,occasionally_late,20,18,2,3.39,0.7,499
C02880,frequent_failure,17,12,5,7.22,0.24,499
C02881,reliable,16,15,1,0.67,0.79,499
C02882,reliable,12,12,0,0.63,0.88,499
C02883,reliable,28,26,2,0.8,0.96,499
C02884,reliable,21,20,1,0.5,0.83,499
C02885,reliable,24,23,1,0.8,0.76,499
C02886,churn_risk,7,4,3,9.47,0.27,499
C02887,reliable,32,30,2,0.75,0.98,499
C02888,churn_risk,2,2,0,10.43,0.15,499
C02889,occasionally_late,7,6,1,3.96,0.61,499
C02890,reliable,15,15,0,0.08,0.93,499
C02891,churn_risk,8,5,3,14.16,0.15,499
C02892,reliable,11,11,0,0.26,0.96,499
C02893,reliable,7,7,0,0.87,0.82,499
C02894,reliable,25,25,0,0.41,0.83,499
C02895,reliable,6,6,0,0.92,0.77,499
C02896,reliable,17,17,0,0.52,0.96,499
C02897,reliable,9,9,0,0.64,0.88,499
C02898,frequent_failure,8,6,2,5.07,0.32,499
C02899,churn_risk,4,4,0,8.86,0.23,499
C02900,reliable,13,13,0,0.9,0.77,499
C02901,reliable,11,11,0,0.25,0.79,499
C02902,reliable,23,22,1,0.97,0.88,499
C02903,reliable,36,35,1,0.5,0.82,499
C02904,frequent_failure,16,12,4,5.99,0.31,499
C02905,reliable,20,19,1,0.45,0.88,499
C02906,churn_risk,6,3,3,11.83,0.15,499
C02907,reliable,15,15,0,0.33,0.74,499
C02908,reliable,25,24,1,0.41,0.95,499
C02909,reliable,9,8,1,0.16,0.98,499
C02910,reliable,35,34,1,0.04,0.95,499
C02911,occasionally_late,17,14,3,3.62,0.65,499
C02912,frequent_failure,16,12,4,5.84,0.25,499
C02913,frequent_failure,6,4,2,5.89,0.46,499
C02914,churn_risk,3,1,2,8.01,0.05,499
C02915,occasionally_late,17,17,0,3.96,0.56,499
C02916,reliable,14,13,1,0.58,0.99,499
C02917,occasionally_late,11,9,2,3.66,0.56,499
C02918,occasionally_late,17,14,3,3.72,0.64,499
C02919,occasionally_late,21,19,2,3.64,0.6,499
C02920,reliable,8,8,0,0.26,0.87,499
C02921,reliable,18,18,0,0.79,0.95,499
C02922,occasionally_late,16,12,4,2.66,0.78,499
C02923,frequent_failure,6,4,2,4.58,0.21,499
C02924,occasionally_late,15,13,2,2.42,0.59,499
C02925,reliable,15,14,1,0.55,0.9,499
C02926,churn_risk,9,6,3,8.24,0.18,499
C02927,reliable,15,14,1,0.95,0.8,499
C02928,occasionally_late,5,5,0,3.29,0.71,499
C02929,churn_risk,2,1,1,11.08,0.3,499
C02930,reliable,11,11,0,0.16,0.77,499
C02931,reliable,10,9,1,0.05,0.85,499
C02932,occasionally_late,13,12,1,2.82,0.48,499
C02933,reliable,28,27,1,0.36,0.81,499
C02934,occasionally_late,12,7,5,2.82,0.58,499
C02935,occasionally_late,24,19,5,2.21,0.7,499
C02936,churn_risk,10,6,4,11.02,0.3,499
C02937,occasionally_late,9,9,0,2.24,0.65,499
C02938,reliable,21,19,2,0.32,0.71,499
C02939,occasionally_late,16,14,2,1.45,0.57,499
C02940,reliable,29,29,0,0.57,0.78,499
C02941,occasionally_late,18,16,2,3.86,0.6,499
C02942,reliable,9,9,0,0.82,0.89,499
C02943,frequent_failure,12,9,3,5.98,0.45,499
C02944,reliable,34,33,1,0.03,0.71,499
C02945,churn_risk,2,1,1,6.7,0.22,499
C02946,occasionally_late,14,11,3,3.51,0.67,499
C02947,occasionally_late,5,5,0,3.7,0.7,499
C02948,occasionally_late,20,15,5,3.36,0.63,499
C02949,reliable,7,6,1,0.03,0.82,499
C02950,occasionally_late,23,19,4,1.25,0.59,499
C02951,frequent_failure,13,10,3,5.46,0.4,499
C02952,frequent_failure,18,16,2,3.98,0.2,499
C02953,frequent_failure,3,2,1,4.03,0.32,499
C02954,reliable,24,24,0,0.92,0.99,499
C02955,reliable,34,33,1,0.8,0.89,499
C02956,churn_risk,3,2,1,7.32,0.12,499
C02957,reliable,23,23,0,0.63,0.98,499
C02958,frequent_failure,4,2,2,4.89,0.39,499
C02959,reliable,27,25,2,0.92,0.85,499
C02960,frequent_failure,4,4,0,3.99,0.18,499
C02961,frequent_failure,18,13,5,7.37,0.46,499
C02962,reliable,24,23,1,0.47,0.9,499
C02963,reliable,21,20,1,0.73,0.84,499
C02964,occasionally_late,8,7,1,3.41,0.53,499
C02965,reliable,6,6,0,0.37,0.76,499
C02966,reliable,33,30,3,0.38,0.89,499
C02967,reliable,9,9,0,0.36,0.91,499
C02968,reliable,19,17,2,0.36,0.88,499
C02969,churn_risk,4,3,1,14.69,0.23,499
C02970,reliable,15,15,0,0.08,0.79,499
C02971,occasionally_late,4,2,2,3.37,0.76,499
C02972,reliable,6,6,0,0.55,0.98,499
C02973,frequent_failure,7,5,2,6.24,0.29,499
C02974,occasionally_late,6,6,0,1.62,0.63,499
C02975,reliable,13,12,1,0.08,0.74,499
C02976,reliable,31,28,3,0.03,0.87,499
C02977,occasionally_late,12,11,1,1.28,0.52,499
C02978,occasionally_late,24,19,5,3.47,0.71,499
C02979,occasionally_late,19,15,4,3.65,0.64,499
C02980,reliable,31,25,6,0.95,0.91,499
C02981,occasionally_late,4,4,0,2.04,0.49,499
C02982,frequent_failure,4,2,2,7.43,0.33,499
C02983,reliable,26,26,0,0.67,0.97,499
C02984,frequent_failure,5,3,2,7.05,0.2,499
C02985,occasionally_late,15,11,4,3.29,0.65,499
C02986,reliable,33,32,1,0.56,0.78,499
C02987,occasionally_late,15,12,3,2.87,0.57,499
C02988,occasionally_late,5,5,0,3.81,0.75,499
C02989,reliable,20,20,0,0.98,0.78,499
C02990,frequent_failure,9,8,1,3.16,0.47,499
C02991,occasionally_late,14,14,0,3.66,0.72,499
C02992,occasionally_late,14,13,1,3.2,0.7,499
C02993,churn_risk,11,4,7,7.36,0.09,499
C02994,reliable,14,14,0,0.04,0.75,499
C02995,reliable,16,14,2,0.62,0.74,499
C02996,reliable,28,26,2,0.19,0.74,499
C02997,churn_risk,9,5,4,11.27,0.25,499
C02998,occasionally_late,15,13,2,2.41,0.51,499
C02999,frequent_failure,7,4,3,6.83,0.41,499
C03000,frequent_failure,14,9,5,4.12,0.37,499
C03001,churn_risk,3,0,3,11.97,0.28,499
C03002,occasionally_late,16,12,4,2.04,0.56,499
C03003,reliable,33,33,0,0.85,0.79,499
C03004,reliable,12,11,1,0.62,0.77,499
C03005,reliable,12,12,0,0.38,0.8,499
C03006,occasionally_late,23,20,3,2.69,0.64,499
C03007,reliable,28,27,1,0.87,0.83,499
C03008,churn_risk,4,4,0,9.25,0.07,499
C03009,occasionally_late,13,9,4,2.09,0.71,499
C03010,reliable,27,26,1,0.47,0.71,499
C03011,reliable,34,32,2,0.61,0.75,499
C03012,frequent_failure,13,8,5,3.11,0.23,499
C03013,occasionally_late,12,10,2,2.57,0.53,499
C03014,reliable,24,24,0,0.09,0.78,499
C03015,occasionally_late,11,10,1,1.61,0.46,499
C03016,reliable,6,6,0,0.99,0.87,499
C03017,occasionally_late,15,14,1,3.44,0.65,499
C03018,churn_risk,6,3,3,8.54,0.19,499
C03019,reliable,34,32,2,0.35,0.95,499
C03020,reliable,6,5,1,0.64,0.73,499
C03021,occasionally_late,7,7,0,2.59,0.79,499
C03022,occasionally_late,22,19,3,3.58,0.78,499
C03023,reliable,15,15,0,0.14,0.71,499
C03024,reliable,21,20,1,0.75,0.92,499
C03025,occasionally_late,17,16,1,1.02,0.62,499
C03026,occasionally_late,22,19,3,1.25,0.55,499
C03027,reliable,29,28,1,0.22,1.0,499
C03028,frequent_failure,9,6,3,5.05,0.43,499
C03029,reliable,35,33,2,0.21,0.98,499
C03030,reliable,31,26,5,0.72,0.91,499
C03031,occasionally_late,9,8,1,1.44,0.55,499
C03032,reliable,35,31,4,0.51,0.84,499
C03033,occasionally_late,10,8,2,1.68,0.49,499
C03034,reliable,22,19,3,0.63,0.88,499
C03035,frequent_failure,12,8,4,5.85,0.27,499
C03036,occasionally_late,13,13,0,1.01,0.52,499
C03037,occasionally_late,22,19,3,3.1,0.58,499
C03038,reliable,11,11,0,0.31,0.77,499
C03039,reliable,27,27,0,0.33,0.84,499
C03040,reliable,9,9,0,0.15,0.82,499
C03041,occasionally_late,5,5,0,3.66,0.52,499
C03042,occasionally_late,15,14,1,2.57,0.63,499
C03043,occasionally_late,4,4,0,1.43,0.67,499
C03044,occasionally_late,6,6,0,3.62,0.61,499
C03045,reliable,17,14,3,0.92,0.88,499
C03046,reliable,12,11,1,0.6,0.97,499
C03047,frequent_failure,15,9,6,6.81,0.42,499
C03048,reliable,28,27,1,0.56,0.86,499
C03049,reliable,19,19,0,0.51,0.88,499
C03050,frequent_failure,5,4,1,4.16,0.31,499
C03051,reliable,27,23,4,0.78,0.71,499
C03052,frequent_failure,3,2,1,5.5,0.38,499
C03053,frequent_failure,5,4,1,5.76,0.26,499
C03054,reliable,8,8,0,0.59,0.81,499
C03055,reliable,33,32,1,0.12,0.77,499
C03056,reliable,17,17,0,0.26,0.85,499
C03057,reliable,12,11,1,0.55,0.83,499
C03058,reliable,21,21,0,0.56,0.78,499
C03059,frequent_failure,15,10,5,5.39,0.3,499
C03060,occasionally_late,16,16,0,1.51,0.73,499
C03061,reliable,10,10,0,0.78,0.85,499
C03062,occasionally_late,21,18,3,3.69,0.59,499
C03063,reliable,16,15,1,0.77,0.96,499
C03064,occasionally_late,4,3,1,1.81,0.71,499
C03065,reliable,21,21,0,0.26,0.92,499
C03066,reliable,30,29,1,0.73,0.91,499
C03067,reliable,17,16,1,0.37,0.83,499
C03068,reliable,15,15,0,0.72,0.9,499
C03069,reliable,11,11,0,0.23,0.94,499
C03070,occasionally_late,24,23,1,1.95,0.5,499
C03071,reliable,34,33,1,0.65,0.77,499
C03072,reliable,31,31,0,0.84,0.89,499
C03073,reliable,34,30,4,0.24,0.92,499
C03074,reliable,15,14,1,0.76,0.77,499
C03075,reliable,22,21,1,0.75,0.96,499
C03076,frequent_failure,18,13,5,4.9,0.37,499
C03077,churn_risk,9,4,5,9.49,0.22,499
C03078,reliable,30,29,1,0.49,0.73,499
C03079,reliable,10,10,0,0.39,0.87,499
C03080,reliable,26,24,2,0.54,0.89,499
C03081,reliable,23,22,1,0.73,0.8,499
C03082,reliable,34,26,8,0.28,0.98,499
C03083,occasionally_late,17,13,4,1.76,0.73,499
C03084,occasionally_late,22,15,7,2.6,0.69,499
C03085,reliable,29,28,1,0.78,0.91,499
C03086,reliable,29,28,1,0.16,0.86,499
C03087,reliable,15,15,0,0.2,1.0,499
C03088,occasionally_late,22,20,2,2.85,0.47,499
C03089,occasionally_late,14,13,1,1.98,0.79,499
C03090,reliable,19,19,0,0.52,0.74,499
C03091,reliable,19,17,2,0.15,0.88,499
C03092,occasionally_late,5,5,0,3.99,0.57,499
C03093,frequent_failure,10,10,0,3.43,0.2,499
C03094,reliable,20,19,1,0.48,0.88,499
C03095,churn_risk,1,0,1,14.21,0.07,499
C03096,occasionally_late,18,17,1,1.52,0.75,499
C03097,reliable,21,21,0,0.28,0.88,499
C03098,reliable,8,7,1,0.48,0.87,499
C03099,reliable,7,6,1,0.79,0.76,499
C03100,churn_risk,2,1,1,12.12,0.11,499
C03101,occasionally_late,23,16,7,1.42,0.75,499
C03102,reliable,21,21,0,0.13,0.87,499
C03103,reliable,25,23,2,0.49,0.96,499
C03104,reliable,23,23,0,0.38,0.84,499
C03105,frequent_failure,4,2,2,5.7,0.33,499
C03106,frequent_failure,16,12,4,6.65,0.36,499
C03107,frequent_failure,11,7,4,7.64,0.5,499
C03108,reliable,8,8,0,0.45,0.73,499
C03109,churn_risk,8,4,4,13.43,0.26,499
C03110,occasionally_late,23,19,4,3.79,0.78,499
C03111,reliable,17,16,1,0.16,0.93,499
C03112,reliable,21,21,0,0.81,0.95,499
C03113,occasionally_late,21,18,3,1.74,0.71,499
C03114,churn_risk,11,5,6,5.45,0.14,499
C03115,reliable,22,22,0,0.83,0.77,499
C03116,occasionally_late,21,16,5,2.82,0.78,499
C03117,reliable,21,20,1,0.95,0.91,499
C03118,reliable,34,33,1,0.46,0.89,499
C03119,reliable,17,17,0,0.05,0.96,499
C03120,occasionally_late,19,19,0,2.08,0.5,499
C03121,frequent_failure,18,13,5,7.03,0.25,499
C03122,reliable,6,5,1,0.71,0.72,499
C03123,reliable,23,22,1,0.91,0.73,499
C03124,reliable,30,30,0,0.51,0.86,499
C03125,occasionally_late,13,11,2,3.14,0.49,499
C03126,occasionally_late,6,6,0,2.46,0.79,499
C03127,reliable,23,23,0,0.59,0.99,499
C03128,frequent_failure,10,4,6,4.41,0.25,499
C03129,reliable,25,23,2,1.0,0.99,499
C03130,reliable,13,12,1,0.11,0.81,499
C03131,reliable,13,13,0,0.58,0.88,499
C03132,reliable,12,12,0,0.86,0.86,499
C03133,reliable,8,8,0,0.88,0.78,499
C03134,reliable,33,31,2,0.84,0.92,499
C03135,reliable,29,28,1,0.18,0.75,499
C03136,reliable,31,29,2,0.66,0.83,499
C03137,reliable,9,8,1,0.63,0.94,499
C03138,reliable,16,16,0,0.05,1.0,499
C03139,reliable,21,21,0,0.99,0.96,499
C03140,reliable,26,26,0,0.72,0.88,499
C03141,reliable,7,7,0,0.83,0.95,499
C03142,frequent_failure,10,7,3,6.84,0.29,499
C03143,occasionally_late,12,10,2,2.84,0.53,499
C03144,frequent_failure,8,8,0,4.77,0.41,499
C03145,occasionally_late,6,6,0,1.71,0.55,499
C03146,occasionally_late,23,22,1,2.46,0.75,499
C03147,churn_risk,8,4,4,5.25,0.16,499
C03148,reliable,21,21,0,0.18,0.89,499
C03149,reliable,22,22,0,0.21,0.91,499
C03150,reliable,17,16,1,0.81,0.99,499
C03151,reliable,18,18,0,0.63,0.95,499
C03152,frequent_failure,15,9,6,5.76,0.25,499
C03153,reliable,9,9,0,0.36,0.9,499
C03154,reliable,13,13,0,0.92,0.83,499
C03155,occasionally_late,18,16,2,2.64,0.59,499
C03156,churn_risk,3,1,2,7.53,0.17,499
C03157,reliable,29,26,3,0.23,0.84,499
C03158,churn_risk,8,3,5,10.52,0.23,499
C03159,occasionally_late,18,17,1,3.56,0.8,499
C03160,occasionally_late,5,5,0,1.9,0.63,499
C03161,reliable,14,14,0,0.1,0.7,499
C03162,reliable,34,34,0,0.49,0.83,499
C03163,frequent_failure,19,12,7,3.82,0.27,499
C03164,frequent_failure,11,8,3,6.47,0.48,499
C03165,reliable,7,6,1,0.39,0.89,499
C03166,occasionally_late,16,11,5,1.06,0.62,499
C03167,reliable,27,23,4,0.12,0.74,499
C03168,reliable,25,24,1,0.11,0.76,499
C03169,frequent_failure,13,9,4,3.36,0.45,499
C03170,reliable,14,13,1,0.17,0.71,499
C03171,frequent_failure,12,11,1,4.9,0.33,499
C03172,reliable,21,19,2,0.47,0.99,499
C03173,occasionally_late,13,12,1,2.73,0.59,499
C03174,reliable,22,20,2,0.13,0.99,499
C03175,frequent_failure,6,5,1,7.42,0.41,499
C03176,churn_risk,2,2,0,5.31,0.12,499
C03177,reliable,9,7,2,0.08,0.78,499
C03178,reliable,15,15,0,0.64,0.72,499
C03179,occasionally_late,10,8,2,1.55,0.6,499
C03180,reliable,29,29,0,0.14,0.85,499
C03181,reliable,16,15,1,0.09,0.82,499
C03182,reliable,16,15,1,0.73,0.89,499
C03183,occasionally_late,18,18,0,2.78,0.63,499
C03184,occasionally_late,4,4,0,2.03,0.78,499
C03185,reliable,35,35,0,0.5,0.86,499
C03186,reliable,10,10,0,0.89,0.8,499
C03187,reliable,7,7,0,0.27,0.99,499
C03188,churn_risk,5,2,3,13.43,0.23,499
C03189,occasionally_late,12,11,1,2.78,0.46,499
C03190,frequent_failure,16,11,5,5.74,0.46,499
C03191,reliable,35,30,5,0.08,0.8,499
C03192,frequent_failure,12,7,5,3.53,0.44,499
C03193,reliable,8,8,0,0.41,0.83,499
C03194,frequent_failure,5,3,2,7.6,0.4,499
C03195,frequent_failure,6,2,4,7.15,0.48,499
C03196,frequent_failure,10,9,1,6.04,0.28,499
C03197,occasionally_late,21,20,1,2.5,0.78,499
C03198,reliable,13,13,0,0.24,0.81,499
C03199,churn_risk,8,1,7,13.45,0.3,499
C03200,reliable,26,26,0,0.28,0.7,499
C03201,occasionally_late,18,16,2,3.69,0.73,499
C03202,occasionally_late,4,4,0,1.48,0.63,499
C03203,reliable,21,20,1,0.46,0.94,499
C03204,frequent_failure,11,11,0,5.91,0.37,499
C03205,churn_risk,7,4,3,11.87,0.3,499
C03206,occasionally_late,11,9,2,3.19,0.53,499
C03207,reliable,14,12,2,0.88,0.77,499
C03208,reliable,13,13,0,0.83,0.85,499
C03209,occasionally_late,19,17,2,1.41,0.46,499
C03210,churn_risk,8,7,1,14.26,0.08,499
C03211,frequent_failure,15,8,7,6.35,0.41,499
C03212,frequent_failure,6,5,1,7.92,0.35,499
C03213,reliable,13,13,0,0.43,0.91,499
C03214,reliable,15,15,0,0.38,0.9,499
C03215,frequent_failure,17,15,2,4.43,0.19,499
C03216,frequent_failure,9,6,3,5.32,0.21,499
C03217,churn_risk,11,5,6,12.69,0.24,499
C03218,reliable,9,9,0,0.46,0.9,499
C03219,reliable,34,31,3,0.72,0.87,499
C03220,reliable,23,23,0,0.8,0.77,499
C03221,reliable,11,11,0,0.1,0.91,499
C03222,occasionally_late,15,11,4,1.52,0.62,499
C03223,frequent_failure,7,7,0,6.98,0.49,499
C03224,occasionally_late,6,6,0,1.9,0.51,499
C03225,reliable,34,34,0,0.02,0.73,499
C03226,occasionally_late,22,20,2,1.19,0.52,499
C03227,churn_risk,7,2,5,9.63,0.26,499
C03228,reliable,17,14,3,0.72,0.87,499
C03229,reliable,36,33,3,0.55,0.94,499
C03230,occasionally_late,18,15,3,1.47,0.51,499
C03231,frequent_failure,5,4,1,6.36,0.2,499
C03232,reliable,12,12,0,0.14,0.85,499
C03233,reliable,6,5,1,0.05,0.99,499
C03234,reliable,22,21,1,0.13,0.8,499
C03235,churn_risk,10,5,5,14.58,0.09,499
C03236,occasionally_late,23,20,3,3.61,0.6,499
C03237,occasionally_late,8,6,2,1.86,0.58,499
C03238,reliable,13,12,1,0.76,0.82,499
C03239,frequent_failure,8,7,1,4.28,0.23,499
C03240,occasionally_late,18,15,3,1.52,0.49,499
C03241,frequent_failure,14,3,11,6.72,0.29,499
C03242,reliable,28,27,1,0.38,0.86,499
C03243,reliable,36,36,0,0.93,0.74,499
C03244,reliable,16,13,3,0.27,0.78,499
C03245,frequent_failure,15,8,7,6.44,0.38,499
C03246,reliable,30,30,0,0.01,0.89,499
C03247,reliable,30,30,0,0.94,0.8,499
C03248,frequent_failure,19,14,5,6.18,0.48,499
C03249,churn_risk,10,9,1,12.33,0.18,499
C03250,occasionally_late,9,6,3,2.6,0.58,499
C03251,occasionally_late,16,12,4,2.5,0.56,499
C03252,occasionally_late,19,17,2,1.34,0.66,499
C03253,reliable,15,15,0,0.37,0.9,499
C03254,reliable,32,31,1,0.05,0.96,499
C03255,reliable,21,19,2,0.59,0.73,499
C03256,reliable,22,20,2,0.22,0.95,499
C03257,churn_risk,1,0,1,11.16,0.27,499
C03258,churn_risk,3,2,1,8.74,0.14,499
C03259,churn_risk,2,2,0,10.4,0.18,499
C03260,reliable,30,29,1,0.45,0.93,499
C03261,reliable,35,31,4,0.92,0.8,499
C03262,occasionally_late,16,14,2,2.35,0.51,499
C03263,occasionally_late,11,9,2,1.56,0.53,499
C03264,reliable,15,12,3,0.86,0.81,499
C03265,reliable,21,20,1,0.57,0.73,499
C03266,reliable,23,20,3,0.6,0.89,499
C03267,reliable,30,28,2,0.26,0.88,499
C03268,reliable,16,16,0,0.66,0.94,499
C03269,frequent_failure,7,4,3,6.87,0.31,499
C03270,reliable,18,18,0,0.2,0.86,499
C03271,reliable,33,33,0,0.13,0.9,499
C03272,occasionally_late,10,5,5,1.64,0.59,499
C03273,reliable,30,27,3,0.55,0.84,499
C03274,churn_risk,4,3,1,12.17,0.15,499
C03275,reliable,6,5,1,0.46,0.88,499
C03276,frequent_failure,17,14,3,5.88,0.15,499
C03277,churn_risk,1,1,0,8.31,0.23,499
C03278,reliable,21,18,3,0.28,0.79,499
C03279,reliable,29,28,1,0.33,0.9,499
C03280,reliable,13,13,0,0.19,0.77,499
C03281,reliable,27,26,1,0.99,0.73,499
C03282,occasionally_late,15,13,2,2.93,0.49,499
C03283,reliable,32,28,4,0.36,0.82,499
C03284,occasionally_late,17,15,2,3.17,0.51,499
C03285,occasionally_late,16,14,2,1.94,0.56,499
C03286,reliable,26,26,0,0.48,0.78,499
C03287,reliable,16,16,0,0.16,0.77,499
C03288,frequent_failure,5,3,2,3.45,0.23,499
C03289,reliable,28,27,1,0.55,0.73,499
C03290,reliable,10,10,0,0.01,0.82,499
C03291,occasionally_late,14,12,2,2.81,0.59,499
C03292,occasionally_late,19,18,1,3.84,0.64,499
C03293,occasionally_late,19,16,3,2.46,0.79,499
C03294,reliable,13,12,1,0.36,0.73,499
C03295,reliable,35,33,2,0.29,0.87,499
C03296,reliable,19,19,0,0.51,0.71,499
C03297,reliable,23,22,1,0.49,0.77,499
C03298,reliable,6,5,1,0.21,0.91,499
C03299,reliable,26,24,2,0.84,0.93,499
C03300,churn_risk,3,0,3,9.01,0.18,499
C03301,occasionally_late,19,14,5,1.49,0.72,499
C03302,frequent_failure,14,11,3,4.4,0.42,499
C03303,frequent_failure,13,8,5,6.99,0.21,499
C03304,occasionally_late,18,17,1,3.3,0.8,499
C03305,reliable,28,27,1,0.55,0.91,499
C03306,occasionally_late,17,14,3,2.02,0.45,499
C03307,reliable,22,21,1,0.85,0.8,499
C03308,reliable,36,36,0,0.27,0.97,499
C03309,frequent_failure,4,2,2,7.06,0.18,499
C03310,occasionally_late,24,21,3,2.01,0.72,499
C03311,frequent_failure,15,13,2,3.05,0.25,499
C03312,reliable,14,14,0,0.0,0.97,499
C03313,reliable,22,22,0,0.89,0.84,499
C03314,churn_risk,9,4,5,12.55,0.28,499
C03315,reliable,30,29,1,0.0,0.81,499
C03316,frequent_failure,14,8,6,4.47,0.2,499
C03317,reliable,23,21,2,0.13,0.97,499
C03318,occasionally_late,16,13,3,2.0,0.76,499
C03319,occasionally_late,24,21,3,1.59,0.57,499
C03320,frequent_failure,18,14,4,4.56,0.41,499
C03321,frequent_failure,17,14,3,3.8,0.27,499
C03322,reliable,19,15,4,0.14,0.98,499
C03323,reliable,7,7,0,0.09,0.86,499
C03324,reliable,23,19,4,0.89,0.96,499
C03325,occasionally_late,13,11,2,1.24,0.52,499
C03326,occasionally_late,14,12,2,1.17,0.74,499
C03327,churn_risk,7,3,4,13.82,0.16,499
C03328,reliable,34,34,0,0.11,0.99,499
C03329,reliable,24,24,0,0.66,0.84,499
C03330,reliable,15,15,0,0.89,0.86,499
C03331,frequent_failure,14,13,1,4.29,0.4,499
C03332,reliable,13,12,1,0.95,0.96,499
C03333,occasionally_late,21,20,1,2.68,0.77,499
C03334,reliable,29,29,0,0.14,0.84,499
C03335,frequent_failure,7,5,2,4.26,0.48,499
C03336,reliable,35,35,0,0.15,0.92,499
C03337,reliable,29,29,0,0.18,0.87,499
C03338,reliable,11,11,0,0.89,0.97,499
C03339,churn_risk,2,2,0,7.2,0.2,499
C03340,reliable,12,11,1,0.72,0.81,499
C03341,churn_risk,10,5,5,5.64,0.27,499
C03342,occasionally_late,17,16,1,2.94,0.65,499
C03343,reliable,17,17,0,0.78,0.85,499
C03344,reliable,30,29,1,0.78,0.85,499
C03345,reliable,27,27,0,0.74,0.91,499
C03346,occasionally_late,16,12,4,1.26,0.56,499
C03347,occasionally_late,12,10,2,1.75,0.57,499
C03348,reliable,28,26,2,0.56,0.7,499
C03349,reliable,23,21,2,0.76,0.92,499
C03350,reliable,7,7,0,0.11,0.84,499
C03351,occasionally_late,22,21,1,2.92,0.68,499
C03352,reliable,11,11,0,0.9,0.91,499
C03353,churn_risk,7,4,3,8.89,0.26,499
C03354,reliable,36,34,2,0.31,0.77,499
C03355,reliable,25,25,0,0.48,0.85,499
C03356,occasionally_late,6,5,1,3.64,0.68,499
C03357,reliable,23,23,0,0.52,0.81,499
C03358,reliable,9,9,0,0.86,0.74,499
C03359,reliable,22,21,1,0.02,0.98,499
C03360,occasionally_late,9,7,2,1.78,0.59,499
C03361,reliable,15,15,0,0.08,0.96,499
C03362,frequent_failure,6,3,3,3.68,0.2,499
C03363,occasionally_late,13,13,0,1.84,0.79,499
C03364,occasionally_late,14,11,3,1.49,0.71,499
C03365,reliable,29,28,1,0.68,0.76,499
C03366,reliable,9,8,1,0.94,0.84,499
C03367,occasionally_late,16,12,4,3.12,0.65,499
C03368,reliable,15,13,2,0.96,0.78,499
C03369,occasionally_late,20,19,1,2.22,0.59,499
C03370,reliable,36,36,0,0.71,0.99,499
C03371,occasionally_late,20,20,0,1.68,0.47,499
C03372,occasionally_late,24,23,1,1.15,0.52,499
C03373,reliable,11,10,1,0.36,0.91,499
C03374,reliable,21,21,0,0.64,0.98,499
C03375,reliable,20,19,1,0.17,1.0,499
C03376,reliable,34,31,3,0.11,0.97,499
C03377,frequent_failure,15,13,2,7.49,0.22,499
C03378,reliable,17,16,1,0.61,0.73,499
C03379,churn_risk,6,4,2,14.26,0.18,499
C03380,churn_risk,6,2,4,11.25,0.18,499
C03381,occasionally_late,22,18,4,1.95,0.71,499
C03382,occasionally_late,7,4,3,1.1,0.54,499
C03383,frequent_failure,7,5,2,3.75,0.29,499
C03384,reliable,8,8,0,0.38,0.89,499
C03385,occasionally_late,8,6,2,3.74,0.76,499
C03386,occasionally_late,4,4,0,1.03,0.79,499
C03387,churn_risk,11,6,5,12.12,0.13,499
C03388,occasionally_late,14,14,0,1.55,0.66,499
C03389,reliable,13,13,0,0.46,0.87,499
C03390,frequent_failure,6,6,0,6.19,0.48,499
C03391,frequent_failure,16,12,4,6.65,0.4,499
C03392,occasionally_late,16,14,2,2.63,0.74,499
C03393,churn_risk,2,0,2,12.53,0.23,499
C03394,occasionally_late,20,17,3,3.14,0.79,499
C03395,reliable,27,23,4,0.37,0.74,499
C03396,reliable,8,8,0,0.34,0.96,499
C03397,reliable,35,35,0,0.53,0.72,499
C03398,occasionally_late,9,8,1,2.93,0.54,499
C03399,reliable,14,14,0,0.9,0.84,499
C03400,reliable,34,33,1,0.96,0.79,499
C03401,occasionally_late,7,5,2,2.79,0.71,499
C03402,frequent_failure,6,4,2,6.63,0.32,499
C03403,reliable,19,18,1,0.79,0.77,499
C03404,reliable,35,34,1,1.0,0.96,499
C03405,churn_risk,7,2,5,12.19,0.09,499
C03406,occasionally_late,18,14,4,1.94,0.46,499
C03407,occasionally_late,18,16,2,3.08,0.47,499
C03408,reliable,24,19,5,0.77,0.85,499
C03409,reliable,26,25,1,0.42,0.83,499
C03410,reliable,7,7,0,0.42,0.99,499
C03411,occasionally_late,4,2,2,2.91,0.53,499
C03412,occasionally_late,12,7,5,3.41,0.74,499
C03413,reliable,28,26,2,0.86,0.78,499
C03414,reliable,6,6,0,0.26,0.92,499
C03415,reliable,23,22,1,0.16,0.7,499
C03416,occasionally_late,17,12,5,3.92,0.45,499
C03417,churn_risk,10,4,6,10.66,0.08,499
C03418,reliable,12,12,0,0.01,0.86,499
C03419,reliable,13,13,0,0.68,0.92,499
C03420,occasionally_late,9,8,1,2.92,0.65,499
C03421,frequent_failure,15,11,4,6.04,0.48,499
C03422,reliable,29,29,0,0.68,1.0,499
C03423,reliable,18,18,0,0.77,0.77,499
C03424,churn_risk,5,2,3,5.88,0.06,499
C03425,occasionally_late,21,21,0,2.24,0.55,499
C03426,frequent_failure,16,13,3,3.2,0.41,499
C03427,occasionally_late,14,11,3,2.15,0.52,499
C03428,reliable,11,11,0,0.01,0.97,499
C03429,frequent_failure,14,9,5,6.51,0.26,499
C03430,frequent_failure,9,2,7,3.63,0.36,499
C03431,occasionally_late,15,12,3,2.05,0.58,499
C03432,reliable,18,18,0,0.46,0.84,499
C03433,frequent_failure,12,11,1,4.31,0.21,499
C03434,reliable,32,29,3,0.42,0.79,499
C03435,reliable,36,36,0,0.53,0.74,499
C03436,frequent_failure,18,13,5,3.04,0.31,499
C03437,occasionally_late,12,11,1,1.98,0.61,499
C03438,frequent_failure,9,6,3,3.85,0.23,499
C03439,churn_risk,8,5,3,7.21,0.11,499
C03440,churn_risk,8,5,3,9.93,0.14,499
C03441,occasionally_late,6,6,0,2.69,0.53,499
C03442,reliable,33,32,1,0.73,0.8,499
C03443,occasionally_late,7,6,1,3.13,0.76,499
C03444,reliable,10,10,0,0.98,0.74,499
C03445,reliable,10,9,1,0.73,0.99,499
C03446,reliable,30,30,0,0.65,1.0,499
C03447,reliable,25,23,2,0.14,0.9,499
C03448,reliable,31,30,1,0.31,0.82,499
C03449,frequent_failure,16,12,4,6.06,0.5,499
C03450,reliable,17,16,1,0.36,0.7,499
C03451,frequent_failure,9,7,2,3.6,0.26,499
C03452,reliable,7,7,0,0.68,0.95,499
C03453,reliable,34,32,2,0.03,0.77,499
C03454,reliable,25,22,3,0.61,0.79,499
C03455,occasionally_late,15,15,0,2.03,0.76,499
C03456,occasionally_late,12,8,4,1.85,0.53,499
C03457,occasionally_late,6,6,0,1.34,0.58,499
C03458,reliable,23,23,0,0.76,0.88,499
C03459,frequent_failure,10,8,2,5.48,0.39,499
C03460,occasionally_late,18,14,4,2.85,0.76,499
C03461,reliable,24,24,0,0.37,0.92,499
C03462,occasionally_late,8,7,1,3.16,0.55,499
C03463,occasionally_late,13,13,0,1.15,0.75,499
C03464,reliable,19,17,2,0.09,0.92,499
C03465,churn_risk,5,1,4,6.56,0.09,499
C03466,reliable,18,18,0,0.57,0.75,499
C03467,reliable,28,25,3,0.55,0.91,499
C03468,reliable,18,18,0,0.48,0.75,499
C03469,reliable,26,26,0,0.37,0.92,499
C03470,occasionally_late,15,13,2,1.67,0.51,499
C03471,frequent_failure,13,11,2,6.02,0.31,499
C03472,churn_risk,5,4,1,9.16,0.08,499
C03473,occasionally_late,24,17,7,2.08,0.55,499
C03474,frequent_failure,4,3,1,3.52,0.46,499
C03475,occasionally_late,14,14,0,3.5,0.65,499
C03476,reliable,20,20,0,0.99,0.88,499
C03477,reliable,8,6,2,0.87,0.84,499
C03478,reliable,28,26,2,0.49,0.97,499
C03479,reliable,35,34,1,0.85,0.96,499
C03480,occasionally_late,9,9,0,1.99,0.45,499
C03481,reliable,25,23,2,0.84,0.78,499
C03482,churn_risk,6,2,4,9.56,0.15,499
C03483,reliable,34,29,5,0.17,0.99,499
C03484,reliable,30,28,2,0.69,0.78,499
C03485,occasionally_late,22,20,2,3.0,0.64,499
C03486,reliable,21,21,0,0.08,0.87,499
C03487,reliable,23,22,1,0.99,0.92,499
C03488,reliable,12,12,0,0.21,0.86,499
C03489,reliable,8,8,0,0.33,0.99,499
C03490,reliable,29,28,1,0.5,0.84,499
C03491,reliable,18,17,1,0.42,0.85,499
C03492,reliable,22,21,1,0.37,0.86,499
C03493,frequent_failure,4,2,2,6.55,0.49,499
C03494,churn_risk,1,0,1,5.92,0.2,499
C03495,reliable,25,23,2,0.65,0.79,499
C03496,churn_risk,5,5,0,8.51,0.16,499
C03497,reliable,31,27,4,0.37,0.96,499
C03498,reliable,34,33,1,0.85,0.77,499
C03499,occasionally_late,13,12,1,2.36,0.65,499
C03500,occasionally_late,23,20,3,2.94,0.76,499
C03501,frequent_failure,3,2,1,5.49,0.17,499
C03502,frequent_failure,5,5,0,6.11,0.22,499
C03503,reliable,6,5,1,0.6,0.77,499
C03504,occasionally_late,8,6,2,1.59,0.8,499
C03505,reliable,31,30,1,0.13,0.96,499
C03506,reliable,10,10,0,0.4,0.98,499
C03507,reliable,25,24,1,0.94,0.76,499
C03508,reliable,8,8,0,0.54,0.99,499
C03509,reliable,32,30,2,0.4,0.89,499
C03510,reliable,18,18,0,0.86,0.91,499
C03511,reliable,19,17,2,0.36,0.93,499
C03512,reliable,32,32,0,0.27,0.94,499
C03513,frequent_failure,14,11,3,6.67,0.48,499
C03514,churn_risk,3,2,1,8.61,0.19,499
C03515,occasionally_late,18,17,1,3.54,0.67,499
C03516,reliable,29,29,0,0.37,0.85,499
C03517,churn_risk,3,2,1,10.02,0.28,499
C03518,frequent_failure,13,11,2,3.24,0.38,499
C03519,frequent_failure,16,12,4,6.72,0.24,499
C03520,churn_risk,3,3,0,6.07,0.08,499
C03521,reliable,15,15,0,0.34,0.76,499
C03522,reliable,13,13,0,0.71,0.81,499
C03523,frequent_failure,4,4,0,5.19,0.21,499
C03524,occasionally_late,14,9,5,1.19,0.66,499
C03525,reliable,20,17,3,0.91,0.75,499
C03526,reliable,16,14,2,0.25,0.91,499
C03527,reliable,15,15,0,0.28,1.0,499
C03528,reliable,21,20,1,0.28,0.75,499
C03529,reliable,21,20,1,0.7,0.74,499
C03530,frequent_failure,19,12,7,7.39,0.3,499
C03531,occasionally_late,9,9,0,3.91,0.64,499
C03532,reliable,17,16,1,0.32,0.94,499
C03533,frequent_failure,19,15,4,3.1,0.24,499
C03534,reliable,31,29,2,0.75,0.79,499
C03535,occasionally_late,17,12,5,3.37,0.53,499
C03536,occasionally_late,23,23,0,3.54,0.47,499
C03537,reliable,32,31,1,0.44,0.75,499
C03538,reliable,18,17,1,0.11,0.85,499
C03539,occasionally_late,22,21,1,1.69,0.6,499
C03540,reliable,28,28,0,0.79,0.97,499
C03541,reliable,6,6,0,0.33,0.8,499
C03542,occasionally_late,22,21,1,2.5,0.46,499
C03543,reliable,13,13,0,0.11,0.92,499
C03544,reliable,7,7,0,0.22,0.88,499
C03545,reliable,6,6,0,0.71,0.79,499
C03546,frequent_failure,10,10,0,5.58,0.47,499
C03547,frequent_failure,19,15,4,7.83,0.23,499
C03548,churn_risk,8,6,2,12.1,0.07,499
C03549,reliable,19,19,0,0.29,0.89,499
C03550,occasionally_late,14,12,2,2.41,0.69,499
C03551,reliable,28,28,0,0.22,0.9,499
C03552,occasionally_late,8,7,1,3.39,0.48,499
C03553,reliable,21,19,2,0.37,0.87,499
C03554,churn_risk,4,2,2,11.32,0.19,499
C03555,occasionally_late,4,4,0,3.72,0.47,499
C03556,reliable,11,10,1,0.88,0.93,499
C03557,frequent_failure,9,5,4,7.15,0.32,499
C03558,occasionally_late,23,21,2,2.39,0.48,499
C03559,occasionally_late,18,15,3,1.4,0.76,499
C03560,occasionally_late,18,17,1,1.85,0.68,499
C03561,reliable,15,15,0,0.49,0.97,499
C03562,churn_risk,5,1,4,8.22,0.25,499
C03563,reliable,17,17,0,0.08,0.89,499
C03564,reliable,24,23,1,0.08,0.72,499
C03565,occasionally_late,15,14,1,2.38,0.66,499
C03566,reliable,13,12,1,0.28,0.89,499
C03567,occasionally_late,5,4,1,2.39,0.52,499
C03568,frequent_failure,3,2,1,3.29,0.36,499
C03569,reliable,13,12,1,0.18,0.98,499
C03570,churn_risk,2,0,2,8.09,0.18,499
C03571,frequent_failure,7,5,2,6.04,0.37,499
C03572,reliable,32,26,6,0.77,0.77,499
C03573,churn_risk,3,1,2,9.88,0.09,499
C03574,reliable,22,21,1,0.88,0.86,499
C03575,reliable,7,7,0,0.35,0.95,499
C03576,frequent_failure,8,4,4,7.88,0.23,499
C03577,occasionally_late,9,8,1,2.2,0.68,499
C03578,frequent_failure,11,5,6,6.69,0.26,499
C03579,frequent_failure,13,9,4,6.12,0.47,499
C03580,reliable,15,15,0,0.78,0.88,499
C03581,occasionally_late,22,21,1,1.01,0.77,499
C03582,reliable,25,25,0,0.44,0.88,499
C03583,churn_risk,5,3,2,11.05,0.23,499
C03584,churn_risk,7,5,2,6.13,0.2,499
C03585,reliable,35,35,0,0.77,0.9,499
C03586,reliable,9,8,1,0.26,0.8,499
C03587,reliable,19,18,1,0.4,0.94,499
C03588,occasionally_late,12,11,1,3.58,0.74,499
C03589,occasionally_late,5,4,1,1.98,0.5,499
C03590,occasionally_late,15,10,5,1.07,0.63,499
C03591,frequent_failure,14,11,3,6.59,0.28,499
C03592,occasionally_late,15,13,2,1.99,0.63,499
C03593,reliable,20,20,0,0.78,0.91,499
C03594,churn_risk,7,4,3,10.03,0.22,499
C03595,reliable,32,31,1,0.76,0.88,499
C03596,reliable,28,28,0,0.67,0.84,499
C03597,reliable,8,7,1,0.55,0.99,499
C03598,reliable,11,11,0,0.72,0.72,499
C03599,reliable,19,18,1,0.53,0.78,499
C03600,reliable,19,19,0,0.26,0.96,499
C03601,occasionally_late,9,9,0,3.95,0.56,499
C03602,churn_risk,4,1,3,14.37,0.12,499
C03603,reliable,28,28,0,0.42,0.94,499
C03604,reliable,34,31,3,0.86,0.79,499
C03605,occasionally_late,15,14,1,1.3,0.46,499
C03606,reliable,12,12,0,0.92,0.71,499
C03607,reliable,13,13,0,0.23,0.96,499
C03608,reliable,21,20,1,0.62,0.92,499
C03609,churn_risk,8,2,6,6.97,0.19,499
C03610,reliable,15,14,1,0.22,0.92,499
C03611,occasionally_late,22,18,4,3.38,0.78,499
C03612,reliable,17,16,1,0.99,0.76,499
C03613,occasionally_late,22,17,5,3.56,0.61,499
C03614,reliable,18,17,1,0.85,0.88,499
C03615,reliable,17,17,0,0.62,0.85,499
C03616,reliable,31,31,0,0.22,0.9,499
C03617,reliable,16,16,0,0.07,0.95,499
C03618,reliable,24,23,1,0.62,0.74,499
C03619,reliable,21,19,2,0.3,0.84,499
C03620,churn_risk,8,4,4,5.39,0.2,499
C03621,reliable,27,27,0,0.2,0.72,499
C03622,frequent_failure,13,7,6,4.0,0.27,499
C03623,reliable,33,33,0,0.38,0.77,499
C03624,reliable,19,19,0,0.23,0.99,499
C03625,reliable,34,31,3,0.78,0.74,499
C03626,reliable,11,11,0,0.43,0.85,499
C03627,reliable,21,21,0,0.65,0.76,499
C03628,reliable,10,9,1,0.47,0.79,499
C03629,occasionally_late,5,4,1,3.08,0.79,499
C03630,reliable,19,19,0,0.77,0.95,499
C03631,churn_risk,9,5,4,7.89,0.08,499
C03632,reliable,9,9,0,0.42,0.9,499
C03633,reliable,23,22,1,0.89,0.79,499
C03634,reliable,13,13,0,0.78,0.94,499
C03635,churn_risk,8,6,2,9.06,0.22,499
C03636,reliable,26,26,0,0.4,0.91,499
C03637,reliable,35,34,1,0.15,0.88,499
C03638,churn_risk,11,6,5,10.89,0.08,499
C03639,reliable,18,18,0,0.6,0.98,499
C03640,frequent_failure,11,7,4,7.9,0.2,499
C03641,reliable,27,26,1,0.89,0.8,499
C03642,frequent_failure,7,6,1,3.96,0.42,499
C03643,frequent_failure,18,10,8,5.02,0.32,499
C03644,churn_risk,8,4,4,11.31,0.28,499
C03645,reliable,29,29,0,0.15,0.95,499
C03646,reliable,23,22,1,0.84,0.97,499
C03647,occasionally_late,7,6,1,2.31,0.62,499
C03648,frequent_failure,6,4,2,7.67,0.18,499
C03649,churn_risk,9,4,5,6.01,0.16,499
C03650,frequent_failure,15,9,6,7.86,0.27,499
C03651,reliable,32,32,0,0.88,0.73,499
C03652,frequent_failure,9,6,3,3.05,0.39,499
C03653,occasionally_late,23,21,2,2.38,0.46,499
C03654,occasionally_late,12,12,0,3.2,0.64,499
C03655,reliable,8,8,0,0.98,0.88,499
C03656,occasionally_late,19,15,4,2.78,0.55,499
C03657,reliable,31,31,0,0.39,0.77,499
C03658,occasionally_late,12,10,2,2.63,0.55,499
C03659,occasionally_late,16,13,3,1.5,0.56,499
C03660,occasionally_late,7,6,1,3.08,0.58,499
C03661,occasionally_late,16,13,3,1.46,0.57,499
C03662,reliable,27,26,1,0.98,0.93,499
C03663,occasionally_late,12,10,2,2.73,0.55,499
C03664,churn_risk,8,5,3,6.09,0.15,499
C03665,reliable,35,35,0,0.29,0.89,499
C03666,occasionally_late,5,4,1,1.53,0.72,499
C03667,reliable,32,31,1,0.33,0.86,499
C03668,reliable,12,11,1,0.02,0.92,499
C03669,occasionally_late,22,20,2,3.95,0.56,499
C03670,reliable,22,19,3,0.02,0.86,499
C03671,reliable,23,22,1,0.58,0.97,499
C03672,occasionally_late,23,16,7,2.14,0.49,499
C03673,frequent_failure,13,12,1,6.25,0.26,499
C03674,reliable,31,29,2,0.99,0.81,499
C03675,occasionally_late,12,12,0,3.72,0.59,499
C03676,occasionally_late,16,15,1,2.51,0.72,499
C03677,frequent_failure,7,6,1,3.85,0.36,499
C03678,occasionally_late,9,7,2,2.1,0.69,499
C03679,occasionally_late,19,19,0,3.12,0.73,499
C03680,reliable,9,9,0,0.48,0.94,499
C03681,occasionally_late,17,15,2,1.42,0.69,499
C03682,reliable,26,26,0,0.28,0.7,499
C03683,reliable,34,33,1,0.3,0.99,499
C03684,occasionally_late,22,21,1,1.11,0.66,499
C03685,reliable,22,21,1,0.33,0.8,499
C03686,occasionally_late,21,18,3,3.74,0.68,499
C03687,churn_risk,9,6,3,10.33,0.11,499
C03688,occasionally_late,18,15,3,1.69,0.8,499
C03689,churn_risk,8,3,5,11.89,0.12,499
C03690,reliable,14,12,2,0.1,0.84,499
C03691,reliable,14,14,0,0.66,0.87,499
C03692,occasionally_late,5,5,0,3.22,0.58,499
C03693,occasionally_late,15,13,2,2.89,0.72,499
C03694,frequent_failure,6,4,2,7.42,0.29,499
C03695,occasionally_late,7,6,1,2.01,0.47,499
C03696,frequent_failure,15,12,3,7.73,0.15,499
C03697,reliable,14,13,1,0.78,0.9,499
C03698,reliable,19,19,0,0.51,0.73,499
C03699,frequent_failure,10,8,2,5.19,0.49,499
C03700,reliable,19,18,1,0.32,0.98,499
C03701,reliable,20,18,2,0.67,0.98,499
C03702,occasionally_late,6,5,1,1.06,0.49,499
C03703,reliable,28,22,6,0.96,0.87,499
C03704,frequent_failure,8,6,2,4.36,0.5,499
C03705,reliable,22,22,0,0.81,0.72,499
C03706,occasionally_late,21,18,3,3.09,0.78,499
C03707,reliable,9,8,1,0.97,0.82,499
C03708,churn_risk,10,7,3,12.79,0.09,499
C03709,frequent_failure,5,4,1,7.55,0.25,499
C03710,reliable,24,24,0,0.71,0.83,499
C03711,reliable,14,12,2,0.91,0.72,499
C03712,occasionally_late,5,5,0,2.81,0.68,499
C03713,occasionally_late,16,15,1,1.45,0.74,499
C03714,reliable,9,9,0,0.71,0.94,499
C03715,churn_risk,11,8,3,14.47,0.07,499
C03716,reliable,32,32,0,0.76,0.91,499
C03717,reliable,8,6,2,0.69,0.74,499
C03718,reliable,21,20,1,0.04,0.97,499
C03719,reliable,11,11,0,0.26,0.91,499
C03720,frequent_failure,7,4,3,6.89,0.27,499
C03721,reliable,12,11,1,0.24,0.91,499
C03722,churn_risk,8,3,5,8.4,0.09,499
C03723,frequent_failure,11,8,3,5.79,0.31,499
C03724,occasionally_late,15,14,1,3.92,0.53,499
C03725,reliable,34,33,1,0.38,0.88,499
C03726,occasionally_late,20,19,1,2.83,0.5,499
C03727,reliable,21,21,0,0.78,0.89,499
C03728,churn_risk,9,5,4,12.97,0.28,499
C03729,reliable,16,16,0,0.99,0.96,499
C03730,occasionally_late,16,15,1,1.44,0.46,499
C03731,frequent_failure,14,10,4,5.39,0.37,499
C03732,reliable,13,13,0,0.63,0.99,499
C03733,occasionally_late,12,12,0,2.61,0.77,499
C03734,occasionally_late,8,7,1,2.74,0.51,499
C03735,occasionally_late,10,8,2,1.7,0.63,499
C03736,frequent_failure,12,10,2,4.99,0.25,499
C03737,reliable,36,35,1,0.44,0.89,499
C03738,reliable,16,14,2,0.81,0.73,499
C03739,reliable,23,22,1,0.57,0.88,499
C03740,reliable,17,17,0,0.5,0.8,499
C03741,reliable,25,24,1,0.22,0.86,499
C03742,occasionally_late,12,10,2,1.2,0.48,499
C03743,reliable,28,28,0,0.14,0.85,499
C03744,frequent_failure,19,14,5,5.87,0.19,499
C03745,churn_risk,4,2,2,10.05,0.27,499
C03746,occasionally_late,22,20,2,3.72,0.67,499
C03747,churn_risk,11,6,5,7.74,0.29,499
C03748,occasionally_late,6,5,1,3.62,0.72,499
C03749,reliable,23,23,0,0.12,0.82,499
C03750,reliable,24,24,0,0.72,0.75,499
C03751,reliable,19,19,0,0.37,0.98,499
C03752,reliable,20,19,1,0.91,0.96,499
C03753,frequent_failure,12,7,5,3.14,0.39,499
C03754,reliable,19,19,0,0.65,0.83,499
C03755,occasionally_late,10,8,2,3.46,0.61,499
C03756,reliable,9,9,0,0.84,0.82,499
C03757,reliable,22,21,1,0.33,0.77,499
C03758,reliable,9,9,0,0.01,0.74,499
C03759,reliable,28,25,3,0.17,0.93,499
C03760,reliable,33,32,1,0.93,0.96,499
C03761,occasionally_late,15,12,3,2.75,0.49,499
C03762,occasionally_late,11,11,0,2.77,0.68,499
C03763,occasionally_late,14,12,2,1.83,0.7,499
C03764,frequent_failure,7,3,4,6.9,0.28,499
C03765,reliable,35,34,1,0.31,0.8,499
C03766,frequent_failure,16,13,3,6.75,0.4,499
C03767,reliable,21,21,0,0.82,0.94,499
C03768,frequent_failure,6,5,1,7.74,0.44,499
C03769,frequent_failure,12,7,5,7.02,0.4,499
C03770,frequent_failure,11,5,6,7.8,0.27,499
C03771,occasionally_late,23,22,1,3.45,0.59,499
C03772,occasionally_late,11,10,1,1.7,0.68,499
C03773,occasionally_late,17,16,1,1.85,0.56,499
C03774,frequent_failure,16,10,6,5.93,0.26,499
C03775,frequent_failure,18,10,8,5.79,0.22,499
C03776,churn_risk,1,0,1,10.65,0.09,499
C03777,reliable,12,12,0,0.56,0.8,499
C03778,reliable,15,15,0,0.67,1.0,499
C03779,reliable,30,30,0,0.84,0.72,499
C03780,occasionally_late,8,8,0,2.94,0.54,499
C03781,frequent_failure,8,5,3,3.42,0.35,499
C03782,reliable,36,36,0,0.01,0.84,499
C03783,reliable,19,19,0,0.84,0.95,499
C03784,occasionally_late,16,11,5,2.3,0.76,499
C03785,reliable,32,29,3,0.29,0.99,499
C03786,occasionally_late,16,13,3,3.7,0.56,499
C03787,occasionally_late,7,7,0,2.13,0.5,499
C03788,occasionally_late,16,13,3,1.6,0.62,499
C03789,reliable,11,11,0,0.19,0.96,499
C03790,frequent_failure,6,4,2,5.42,0.28,499
C03791,reliable,12,11,1,0.42,0.97,499
C03792,reliable,35,34,1,0.52,0.85,499
C03793,churn_risk,2,1,1,8.77,0.27,499
C03794,reliable,22,22,0,0.71,0.81,499
C03795,occasionally_late,21,17,4,1.88,0.76,499
C03796,frequent_failure,12,6,6,3.09,0.28,499
C03797,reliable,34,33,1,0.91,0.99,499
C03798,reliable,10,10,0,0.26,0.71,499
C03799,reliable,6,5,1,0.56,0.9,499
C03800,frequent_failure,11,6,5,6.68,0.39,499
C03801,reliable,35,31,4,0.69,0.78,499
C03802,reliable,16,15,1,0.2,0.95,499
C03803,reliable,29,28,1,0.88,0.91,499
C03804,reliable,20,20,0,0.32,0.73,499
C03805,frequent_failure,14,11,3,3.5,0.49,499
C03806,frequent_failure,13,8,5,5.73,0.22,499
C03807,occasionally_late,13,10,3,1.48,0.51,499
C03808,reliable,26,22,4,0.5,0.88,499
C03809,occasionally_late,21,16,5,3.58,0.49,499
C03810,frequent_failure,5,4,1,5.54,0.42,499
C03811,reliable,21,21,0,0.26,0.83,499
C03812,reliable,12,12,0,0.71,0.77,499
C03813,churn_risk,8,6,2,11.17,0.2,499
C03814,reliable,12,12,0,0.71,0.73,499
C03815,churn_risk,7,3,4,12.38,0.24,499
C03816,churn_risk,9,3,6,6.84,0.19,499
C03817,reliable,33,31,2,0.79,0.76,499
C03818,occasionally_late,13,11,2,2.73,0.68,499
C03819,frequent_failure,11,7,4,5.67,0.4,499
C03820,reliable,10,10,0,0.84,0.85,499
C03821,reliable,28,26,2,0.87,0.7,499
C03822,reliable,20,20,0,0.36,0.71,499
C03823,reliable,13,13,0,0.76,0.9,499
C03824,reliable,30,26,4,0.87,0.86,499
C03825,frequent_failure,5,3,2,5.92,0.37,499
C03826,churn_risk,9,3,6,13.8,0.11,499
C03827,occasionally_late,20,16,4,1.66,0.79,499
C03828,reliable,9,8,1,0.44,0.84,499
C03829,occasionally_late,7,7,0,1.26,0.62,499
C03830,churn_risk,7,3,4,8.42,0.09,499
C03831,reliable,6,5,1,0.93,0.76,499
C03832,occasionally_late,21,20,1,3.14,0.77,499
C03833,reliable,34,32,2,0.78,0.72,499
C03834,frequent_failure,3,1,2,4.71,0.23,499
C03835,occasionally_late,12,11,1,3.99,0.74,499
C03836,reliable,12,12,0,0.52,0.97,499
C03837,frequent_failure,10,5,5,7.56,0.28,499
C03838,frequent_failure,14,9,5,5.33,0.45,499
C03839,reliable,19,18,1,0.47,0.99,499
C03840,reliable,10,10,0,0.52,0.86,499
C03841,reliable,10,9,1,0.98,0.79,499
C03842,reliable,33,33,0,0.84,1.0,499
C03843,churn_risk,11,7,4,12.18,0.19,499
C03844,occasionally_late,11,9,2,2.32,0.77,499
C03845,reliable,14,14,0,0.44,0.73,499
C03846,reliable,27,27,0,0.35,0.89,499
C03847,reliable,19,16,3,0.06,0.81,499
C03848,reliable,30,30,0,0.69,0.85,499
C03849,occasionally_late,15,10,5,2.48,0.57,499
C03850,occasionally_late,15,12,3,1.08,0.57,499
C03851,frequent_failure,3,0,3,4.77,0.47,499
C03852,churn_risk,11,5,6,14.11,0.18,499
C03853,reliable,36,33,3,0.12,0.78,499
C03854,churn_risk,4,2,2,11.66,0.2,499
C03855,reliable,10,10,0,0.47,0.97,499
C03856,reliable,7,7,0,0.01,0.94,499
C03857,occasionally_late,10,9,1,1.09,0.66,499
C03858,reliable,29,27,2,0.01,0.7,499
C03859,frequent_failure,12,5,7,5.36,0.23,499
C03860,reliable,25,25,0,0.32,0.79,499
C03861,churn_risk,3,2,1,5.7,0.22,499
C03862,frequent_failure,18,14,4,7.14,0.31,499
C03863,frequent_failure,15,11,4,4.3,0.48,499
C03864,reliable,32,29,3,0.3,0.92,499
C03865,reliable,25,25,0,0.18,0.71,499
C03866,occasionally_late,12,10,2,2.56,0.8,499
C03867,reliable,18,17,1,0.26,0.91,499
C03868,frequent_failure,5,3,2,3.41,0.39,499
C03869,churn_risk,4,2,2,12.76,0.06,499
C03870,occasionally_late,20,16,4,2.96,0.7,499
C03871,reliable,8,8,0,0.52,0.88,499
C03872,frequent_failure,12,6,6,7.78,0.15,499
C03873,occasionally_late,10,8,2,2.34,0.69,499
C03874,reliable,30,29,1,0.55,0.98,499
C03875,reliable,8,8,0,0.7,0.83,499
C03876,churn_risk,4,1,3,13.45,0.29,499
C03877,reliable,22,22,0,0.78,0.73,499
C03878,churn_risk,11,7,4,8.62,0.28,499
C03879,churn_risk,9,6,3,9.95,0.2,499
C03880,reliable,23,23,0,0.35,0.91,499
C03881,churn_risk,2,2,0,14.25,0.14,499
C03882,reliable,22,19,3,0.58,0.75,499
C03883,occasionally_late,8,7,1,1.23,0.6,499
C03884,occasionally_late,10,9,1,3.67,0.67,499
C03885,reliable,29,26,3,0.61,0.99,499
C03886,occasionally_late,17,13,4,1.8,0.6,499
C03887,churn_risk,7,3,4,7.57,0.18,499
C03888,reliable,34,33,1,0.7,0.9,499
C03889,reliable,25,24,1,0.84,0.75,499
C03890,reliable,20,20,0,0.76,0.7,499
C03891,frequent_failure,4,1,3,5.26,0.33,499
C03892,reliable,9,9,0,0.71,0.87,499
C03893,reliable,31,31,0,0.8,0.85,499
C03894,churn_risk,9,6,3,9.86,0.25,499
C03895,reliable,14,13,1,0.37,0.77,499
C03896,reliable,21,19,2,0.99,0.98,499
C03897,occasionally_late,18,15,3,2.76,0.7,499
C03898,occasionally_late,5,5,0,3.31,0.73,499
C03899,occasionally_late,4,4,0,3.4,0.53,499
C03900,churn_risk,6,4,2,7.84,0.28,499
C03901,occasionally_late,20,15,5,1.38,0.51,499
C03902,reliable,12,12,0,0.92,0.75,499
C03903,frequent_failure,9,6,3,6.6,0.17,499
C03904,reliable,20,18,2,0.34,0.97,499
C03905,occasionally_late,15,12,3,2.87,0.61,499
C03906,reliable,26,22,4,1.0,0.78,499
C03907,reliable,9,8,1,0.59,0.88,499
C03908,reliable,25,25,0,0.39,0.84,499
C03909,reliable,35,35,0,0.52,0.9,499
C03910,reliable,17,14,3,0.19,0.83,499
C03911,churn_risk,2,0,2,14.63,0.25,499
C03912,reliable,14,14,0,0.02,0.87,499
C03913,reliable,20,20,0,0.4,0.95,499
C03914,reliable,24,24,0,0.3,0.96,499
C03915,reliable,15,15,0,0.51,0.79,499
C03916,frequent_failure,9,7,2,3.39,0.34,499
C03917,occasionally_late,16,9,7,3.88,0.51,499
C03918,reliable,33,31,2,0.29,0.72,499
C03919,occasionally_late,12,8,4,2.57,0.52,499
C03920,reliable,10,9,1,0.57,0.86,499
C03921,reliable,15,15,0,0.78,0.89,499
C03922,reliable,6,6,0,0.79,0.97,499
C03923,frequent_failure,11,6,5,5.04,0.3,499
C03924,occasionally_late,15,14,1,1.24,0.59,499
C03925,reliable,30,30,0,0.39,0.89,499
C03926,reliable,10,10,0,0.52,0.93,499
C03927,reliable,33,32,1,0.58,0.86,499
C03928,reliable,34,31,3,0.43,0.84,499
C03929,reliable,28,26,2,0.95,0.78,499
C03930,reliable,34,31,3,0.82,0.7,499
C03931,reliable,23,23,0,0.42,0.81,499
C03932,frequent_failure,17,12,5,3.84,0.22,499
C03933,reliable,18,16,2,0.28,0.98,499
C03934,frequent_failure,15,13,2,7.11,0.45,499
C03935,churn_risk,1,1,0,15.0,0.2,499
C03936,occasionally_late,5,4,1,1.32,0.72,499
C03937,occasionally_late,9,9,0,2.61,0.74,499
C03938,frequent_failure,19,13,6,3.62,0.48,499
C03939,occasionally_late,16,15,1,3.38,0.56,499
C03940,occasionally_late,15,11,4,2.68,0.6,499
C03941,reliable,26,23,3,0.82,0.92,499
C03942,reliable,25,25,0,0.25,0.97,499
C03943,occasionally_late,22,16,6,3.13,0.52,499
C03944,reliable,24,23,1,0.37,0.73,499
C03945,reliable,32,32,0,0.97,0.89,499
C03946,occasionally_late,11,9,2,2.87,0.45,499
C03947,reliable,27,23,4,0.2,0.84,499
C03948,reliable,31,30,1,0.08,0.73,499
C03949,occasionally_late,14,12,2,3.48,0.51,499
C03950,frequent_failure,8,5,3,4.95,0.3,499
C03951,reliable,13,12,1,0.39,0.84,499
C03952,reliable,27,27,0,0.92,0.75,499
C03953,frequent_failure,11,6,5,7.48,0.47,499
C03954,reliable,19,18,1,0.45,0.88,499
C03955,reliable,18,17,1,0.76,0.9,499
C03956,occasionally_late,12,8,4,2.63,0.46,499
C03957,reliable,36,35,1,0.36,0.9,499
C03958,frequent_failure,3,3,0,5.29,0.3,499
C03959,churn_risk,11,5,6,8.87,0.1,499
C03960,occasionally_late,20,17,3,2.46,0.51,499
C03961,reliable,26,26,0,0.15,0.74,499
C03962,reliable,14,14,0,0.23,0.79,499
C03963,occasionally_late,24,19,5,3.9,0.46,499
C03964,occasionally_late,9,5,4,3.85,0.5,499
C03965,occasionally_late,7,7,0,2.3,0.53,499
C03966,churn_risk,9,5,4,13.21,0.29,499
C03967,reliable,15,15,0,0.02,0.78,499
C03968,churn_risk,9,5,4,14.7,0.16,499
C03969,occasionally_late,24,23,1,3.22,0.77,499
C03970,reliable,10,10,0,0.22,0.93,499
C03971,frequent_failure,5,5,0,4.93,0.4,499
C03972,reliable,28,25,3,0.58,0.95,499
C03973,reliable,11,11,0,0.93,0.9,499
C03974,reliable,36,34,2,0.76,0.96,499
C03975,frequent_failure,6,5,1,5.15,0.39,499
C03976,occasionally_late,10,6,4,3.14,0.69,499
C03977,occasionally_late,17,15,2,3.71,0.69,499
C03978,frequent_failure,14,7,7,6.55,0.45,499
C03979,churn_risk,10,6,4,6.67,0.11,499
C03980,occasionally_late,8,8,0,3.0,0.72,499
C03981,reliable,29,28,1,0.32,0.76,499
C03982,reliable,13,12,1,0.79,0.77,499
C03983,reliable,14,14,0,0.8,0.72,499
C03984,reliable,27,27,0,0.65,0.93,499
C03985,occasionally_late,21,17,4,3.21,0.57,499
C03986,churn_risk,11,8,3,9.81,0.23,499
C03987,reliable,18,16,2,0.94,0.83,499
C03988,reliable,24,21,3,0.43,0.86,499
C03989,churn_risk,3,2,1,11.3,0.16,499
C03990,frequent_failure,8,3,5,3.06,0.19,499
C03991,frequent_failure,8,7,1,3.42,0.3,499
C03992,churn_risk,3,0,3,9.3,0.1,499
C03993,churn_risk,7,4,3,11.65,0.11,499
C03994,reliable,34,33,1,0.67,0.8,499
C03995,reliable,35,34,1,0.78,0.87,499
C03996,reliable,29,28,1,0.9,0.95,499
C03997,occasionally_late,15,15,0,1.98,0.79,499
C03998,reliable,18,18,0,1.0,0.88,499
C03999,occasionally_late,22,19,3,3.06,0.65,499
C04000,frequent_failure,17,14,3,6.33,0.24,499
C04001,churn_risk,8,5,3,13.46,0.06,499
C04002,reliable,17,15,2,0.06,0.96,499
C04003,churn_risk,7,7,0,5.61,0.27,499
C04004,reliable,15,15,0,0.45,0.87,499
C04005,reliable,24,23,1,0.72,0.88,499
C04006,churn_risk,7,3,4,9.72,0.18,499
C04007,occasionally_late,22,20,2,1.94,0.49,499
C04008,churn_risk,3,1,2,11.83,0.26,499
C04009,frequent_failure,8,5,3,4.73,0.49,499
C04010,reliable,27,27,0,0.58,0.93,499
C04011,occasionally_late,20,15,5,3.62,0.5,499
C04012,reliable,30,28,2,0.43,0.91,499
C04013,occasionally_late,9,6,3,3.99,0.73,499
C04014,occasionally_late,19,17,2,1.13,0.59,499
C04015,reliable,6,5,1,0.74,1.0,499
C04016,reliable,35,32,3,0.12,0.77,499
C04017,occasionally_late,14,13,1,3.74,0.47,499
C04018,reliable,33,31,2,0.51,0.72,499
C04019,churn_risk,7,2,5,13.26,0.14,499
C04020,reliable,19,19,0,0.16,0.84,499
C04021,occasionally_late,11,10,1,1.0,0.75,499
C04022,reliable,7,7,0,0.34,0.72,499
C04023,reliable,33,30,3,0.33,0.93,499
C04024,frequent_failure,14,5,9,6.49,0.41,499
C04025,reliable,36,32,4,0.92,0.97,499
C04026,churn_risk,11,3,8,7.78,0.21,499
C04027,frequent_failure,16,7,9,4.8,0.45,499
C04028,reliable,9,7,2,0.46,0.77,499
C04029,reliable,35,34,1,0.29,0.78,499
C04030,churn_risk,1,1,0,7.03,0.1,499
C04031,frequent_failure,8,8,0,7.53,0.31,499
C04032,frequent_failure,13,8,5,5.26,0.45,499
C04033,occasionally_late,20,16,4,1.87,0.56,499
C04034,reliable,28,26,2,0.93,0.88,499
C04035,reliable,34,34,0,0.51,0.97,499
C04036,occasionally_late,4,4,0,2.86,0.75,499
C04037,occasionally_late,7,7,0,1.86,0.49,499
C04038,frequent_failure,11,6,5,6.32,0.18,499
C04039,frequent_failure,12,6,6,7.44,0.24,499
C04040,reliable,14,14,0,0.34,0.73,499
C04041,reliable,21,21,0,0.78,0.9,499
C04042,reliable,28,28,0,0.26,0.76,499
C04043,reliable,32,29,3,0.76,0.87,499
C04044,reliable,22,21,1,0.62,0.89,499
C04045,reliable,15,13,2,0.7,0.92,499
C04046,occasionally_late,5,3,2,1.46,0.75,499
C04047,reliable,21,20,1,0.73,0.91,499
C04048,reliable,15,12,3,0.64,0.99,499
C04049,reliable,20,20,0,0.63,0.73,499
C04050,churn_risk,7,2,5,13.09,0.14,499
C04051,frequent_failure,4,2,2,4.1,0.38,499
C04052,reliable,14,12,2,0.94,0.83,499
C04053,frequent_failure,5,4,1,4.51,0.26,499
C04054,reliable,26,24,2,0.19,0.81,499
C04055,frequent_failure,5,3,2,5.9,0.26,499
C04056,reliable,29,29,0,0.32,0.88,499
C04057,occasionally_late,19,18,1,1.68,0.75,499
C04058,reliable,31,30,1,0.54,0.89,499
C04059,reliable,32,32,0,0.86,0.77,499
C04060,frequent_failure,17,10,7,4.03,0.42,499
C04061,reliable,26,25,1,0.4,0.86,499
C04062,reliable,36,32,4,0.29,0.82,499
C04063,reliable,13,11,2,0.73,0.95,499
C04064,reliable,20,18,2,0.07,0.82,499
C04065,reliable,30,30,0,0.67,0.7,499
C04066,reliable,18,18,0,0.91,0.93,499
C04067,reliable,20,19,1,0.28,0.85,499
C04068,reliable,18,17,1,0.12,0.92,499
C04069,reliable,24,24,0,0.79,0.75,499
C04070,frequent_failure,18,14,4,3.65,0.22,499
C04071,reliable,9,9,0,0.76,0.91,499
C04072,reliable,9,8,1,0.71,0.93,499
C04073,reliable,33,33,0,0.79,0.87,499
C04074,frequent_failure,3,2,1,7.21,0.34,499
C04075,reliable,26,26,0,0.82,0.97,499
C04076,reliable,31,27,4,0.14,0.81,499
C04077,occasionally_late,19,17,2,2.91,0.53,499
C04078,frequent_failure,15,14,1,3.73,0.34,499
C04079,frequent_failure,12,8,4,3.66,0.21,499
C04080,frequent_failure,3,2,1,5.96,0.42,499
C04081,occasionally_late,14,12,2,1.28,0.55,499
C04082,reliable,7,7,0,0.84,0.85,499
C04083,reliable,35,35,0,0.22,0.78,499
C04084,occasionally_late,8,6,2,1.51,0.74,499
C04085,occasionally_late,6,5,1,2.97,0.74,499
C04086,occasionally_late,15,12,3,2.37,0.47,499
C04087,occasionally_late,24,21,3,2.61,0.68,499
C04088,occasionally_late,21,20,1,1.61,0.45,499
C04089,reliable,25,25,0,0.26,0.81,499
C04090,occasionally_late,16,15,1,3.91,0.64,499
C04091,frequent_failure,13,10,3,6.53,0.17,499
C04092,reliable,7,5,2,0.22,0.82,499
C04093,occasionally_late,24,22,2,3.38,0.58,499
C04094,churn_risk,11,3,8,8.4,0.09,499
C04095,reliable,17,17,0,0.93,0.8,499
C04096,reliable,8,8,0,0.63,0.93,499
C04097,occasionally_late,8,7,1,2.98,0.77,499
C04098,occasionally_late,15,10,5,2.56,0.6,499
C04099,reliable,20,19,1,0.02,0.72,499
C04100,occasionally_late,10,6,4,3.75,0.53,499
C04101,reliable,23,21,2,0.61,0.72,499
C04102,reliable,24,24,0,0.14,0.7,499
C04103,occasionally_late,17,14,3,1.44,0.54,499
C04104,reliable,13,12,1,0.12,0.77,499
C04105,reliable,10,10,0,0.34,0.73,499
C04106,reliable,6,6,0,0.8,0.83,499
C04107,reliable,23,22,1,0.5,0.81,499
C04108,reliable,7,7,0,0.57,0.83,499
C04109,churn_risk,1,0,1,14.67,0.22,499
C04110,reliable,10,10,0,0.85,0.97,499
C04111,reliable,21,21,0,0.07,0.96,499
C04112,reliable,18,18,0,0.15,0.85,499
C04113,reliable,24,24,0,0.12,0.77,499
C04114,occasionally_late,17,15,2,2.81,0.77,499
C04115,occasionally_late,20,18,2,1.56,0.71,499
C04116,occasionally_late,20,18,2,3.92,0.78,499
C04117,reliable,24,24,0,0.47,0.98,499
C04118,frequent_failure,19,15,4,3.1,0.42,499
C04119,occasionally_late,19,18,1,1.99,0.66,499
C04120,occasionally_late,7,7,0,2.28,0.8,499
C04121,reliable,22,22,0,0.48,0.91,499
C04122,occasionally_late,16,13,3,3.05,0.68,499
C04123,reliable,9,9,0,0.54,0.78,499
C04124,reliable,6,6,0,0.66,0.89,499
C04125,reliable,7,7,0,0.1,0.95,499
C04126,reliable,29,29,0,0.54,0.85,499
C04127,occasionally_late,18,16,2,3.32,0.68,499
C04128,reliable,18,17,1,0.58,0.81,499
C04129,reliable,30,30,0,0.18,0.85,499
C04130,reliable,6,6,0,0.73,0.7,499
C04131,churn_risk,4,2,2,7.66,0.12,499
C04132,reliable,19,19,0,0.99,0.76,499
C04133,reliable,14,13,1,0.99,0.71,499
C04134,frequent_failure,17,14,3,7.96,0.38,499
C04135,frequent_failure,18,10,8,7.74,0.49,499
C04136,reliable,23,22,1,0.27,0.82,499
C04137,reliable,13,12,1,0.15,0.85,499
C04138,frequent_failure,4,4,0,6.32,0.43,499
C04139,occasionally_late,13,12,1,3.23,0.47,499
C04140,frequent_failure,5,3,2,7.79,0.32,499
C04141,reliable,6,6,0,0.46,0.76,499
C04142,frequent_failure,10,5,5,3.54,0.22,499
C04143,reliable,12,11,1,0.42,0.8,499
C04144,frequent_failure,16,9,7,3.1,0.47,499
C04145,reliable,8,8,0,0.58,0.86,499
C04146,frequent_failure,18,14,4,5.29,0.24,499
C04147,reliable,14,14,0,0.7,0.95,499
C04148,frequent_failure,12,9,3,7.61,0.16,499
C04149,reliable,20,20,0,0.38,0.97,499
C04150,reliable,17,15,2,0.94,0.8,499
C04151,churn_risk,5,5,0,9.45,0.25,499
C04152,occasionally_late,22,18,4,1.86,0.55,499
C04153,reliable,20,20,0,0.73,0.83,499
C04154,occasionally_late,9,7,2,1.65,0.7,499
C04155,frequent_failure,14,11,3,5.65,0.34,499
C04156,frequent_failure,19,14,5,7.87,0.39,499
C04157,reliable,16,13,3,0.89,0.8,499
C04158,frequent_failure,7,3,4,4.2,0.36,499
C04159,reliable,9,9,0,0.52,0.89,499
C04160,occasionally_late,19,19,0,1.98,0.67,499
C04161,churn_risk,9,4,5,5.71,0.13,499
C04162,occasionally_late,10,9,1,2.92,0.75,499
C04163,reliable,21,20,1,0.6,0.84,499
C04164,reliable,8,8,0,0.85,0.79,499
C04165,reliable,24,24,0,0.21,0.78,499
C04166,reliable,15,12,3,0.85,0.82,499
C04167,reliable,11,11,0,0.33,0.82,499
C04168,occasionally_late,14,9,5,2.36,0.78,499
C04169,reliable,11,9,2,0.08,0.88,499
C04170,churn_risk,8,4,4,11.18,0.07,499
C04171,churn_risk,1,1,0,10.51,0.15,499
C04172,reliable,25,25,0,0.6,0.7,499
C04173,reliable,14,14,0,0.86,0.98,499
C04174,frequent_failure,7,7,0,6.59,0.3,499
C04175,occasionally_late,22,20,2,2.42,0.71,499
C04176,reliable,8,7,1,0.81,0.95,499
C04177,reliable,28,27,1,0.18,0.86,499
C04178,occasionally_late,6,5,1,2.62,0.5,499
C04179,occasionally_late,13,12,1,2.63,0.53,499
C04180,reliable,18,18,0,0.59,0.94,499
C04181,occasionally_late,22,20,2,1.86,0.76,499
C04182,reliable,8,8,0,0.83,0.77,499
C04183,frequent_failure,3,1,2,7.45,0.3,499
C04184,occasionally_late,16,14,2,3.73,0.73,499
C04185,churn_risk,3,1,2,11.95,0.3,499
C04186,reliable,26,25,1,0.16,0.89,499
C04187,occasionally_late,16,15,1,1.99,0.53,499
C04188,reliable,33,32,1,0.39,0.92,499
C04189,reliable,13,11,2,0.7,0.85,499
C04190,occasionally_late,4,3,1,3.58,0.56,499
C04191,reliable,36,35,1,0.96,0.83,499
C04192,reliable,18,17,1,0.99,0.85,499
C04193,occasionally_late,10,9,1,1.45,0.52,499
C04194,occasionally_late,16,15,1,1.77,0.76,499
C04195,occasionally_late,12,10,2,3.47,0.48,499
C04196,occasionally_late,17,11,6,3.28,0.73,499
C04197,frequent_failure,6,4,2,6.35,0.29,499
C04198,occasionally_late,9,7,2,1.55,0.47,499
C04199,churn_risk,10,3,7,11.96,0.13,499
C04200,reliable,13,13,0,0.31,0.71,499
C04201,reliable,17,16,1,0.03,0.94,499
C04202,occasionally_late,5,5,0,2.16,0.76,499
C04203,reliable,19,19,0,0.05,0.91,499
C04204,reliable,33,32,1,0.46,0.87,499
C04205,reliable,7,6,1,0.85,0.95,499
C04206,occasionally_late,16,14,2,2.36,0.51,499
C04207,reliable,34,34,0,0.82,0.8,499
C04208,frequent_failure,13,8,5,7.43,0.18,499
C04209,occasionally_late,19,17,2,2.74,0.5,499
C04210,reliable,21,20,1,0.74,0.8,499
C04211,occasionally_late,15,12,3,1.9,0.69,499
C04212,reliable,26,26,0,0.18,0.93,499
C04213,occasionally_late,14,12,2,3.28,0.79,499
C04214,reliable,31,30,1,0.73,0.77,499
C04215,reliable,32,32,0,0.42,0.97,499
C04216,frequent_failure,5,5,0,3.97,0.41,499
C04217,occasionally_late,9,8,1,2.78,0.5,499
C04218,churn_risk,2,1,1,11.73,0.07,499
C04219,reliable,20,20,0,0.72,0.89,499
C04220,frequent_failure,9,8,1,5.11,0.18,499
C04221,reliable,17,16,1,0.44,0.92,499
C04222,reliable,35,35,0,0.6,0.83,499
C04223,reliable,8,8,0,0.16,0.97,499
C04224,reliable,30,27,3,0.48,0.87,499
C04225,reliable,32,31,1,0.39,0.88,499
C04226,occasionally_late,18,15,3,3.02,0.45,499
C04227,reliable,33,32,1,0.53,0.86,499
C04228,occasionally_late,16,15,1,1.48,0.79,499
C04229,reliable,27,25,2,0.55,0.77,499
C04230,occasionally_late,20,18,2,3.5,0.61,499
C04231,occasionally_late,5,5,0,1.3,0.74,499
C04232,reliable,22,20,2,0.08,0.87,499
C04233,reliable,12,10,2,0.28,0.94,499
C04234,reliable,33,31,2,0.63,0.9,499
C04235,reliable,10,9,1,0.89,0.94,499
C04236,reliable,22,21,1,0.43,0.89,499
C04237,frequent_failure,11,7,4,5.17,0.22,499
C04238,reliable,26,24,2,0.52,0.79,499
C04239,occasionally_late,5,4,1,2.97,0.55,499
C04240,reliable,23,21,2,0.21,0.97,499
C04241,reliable,19,19,0,0.19,0.81,499
C04242,occasionally_late,9,6,3,1.57,0.58,499
C04243,reliable,19,19,0,0.91,0.83,499
C04244,reliable,23,19,4,0.66,0.77,499
C04245,occasionally_late,10,10,0,2.35,0.56,499
C04246,reliable,35,35,0,0.58,0.96,499
C04247,reliable,17,17,0,0.23,0.76,499
C04248,reliable,21,18,3,0.41,0.86,499
C04249,reliable,9,9,0,0.13,0.74,499
C04250,occasionally_late,13,13,0,2.96,0.48,499
C04251,reliable,14,11,3,0.86,0.76,499
C04252,reliable,11,11,0,0.19,0.85,499
C04253,reliable,17,17,0,0.82,0.85,499
C04254,reliable,22,22,0,0.06,0.91,499
C04255,occasionally_late,23,21,2,3.62,0.59,499
C04256,reliable,27,24,3,0.94,0.85,499
C04257,reliable,25,22,3,0.65,0.87,499
C04258,reliable,13,13,0,0.16,0.95,499
C04259,reliable,22,21,1,0.89,0.73,499
C04260,reliable,12,12,0,0.2,0.84,499
C04261,reliable,32,31,1,0.92,0.89,499
C04262,churn_risk,7,4,3,11.21,0.06,499
C04263,reliable,11,11,0,0.28,0.75,499
C04264,reliable,15,15,0,0.46,0.99,499
C04265,reliable,13,13,0,0.39,0.95,499
C04266,reliable,10,9,1,0.6,0.75,499
C04267,reliable,18,17,1,0.12,0.98,499
C04268,occasionally_late,18,15,3,1.34,0.55,499
C04269,occasionally_late,17,16,1,3.74,0.61,499
C04270,reliable,36,34,2,0.43,0.97,499
C04271,occasionally_late,15,13,2,1.5,0.66,499
C04272,reliable,32,31,1,0.8,0.81,499
C04273,frequent_failure,7,6,1,3.1,0.34,499
C04274,frequent_failure,19,13,6,3.95,0.4,499
C04275,frequent_failure,16,9,7,7.66,0.36,499
C04276,frequent_failure,13,6,7,7.15,0.21,499
C04277,reliable,36,32,4,0.05,0.91,499
C04278,occasionally_late,20,17,3,1.85,0.71,499
C04279,reliable,32,28,4,0.53,0.72,499
C04280,frequent_failure,13,7,6,6.68,0.32,499
C04281,reliable,8,8,0,0.73,0.91,499
C04282,reliable,26,25,1,0.89,0.87,499
C04283,reliable,31,30,1,0.58,0.76,499
C04284,reliable,28,26,2,0.16,0.9,499
C04285,reliable,20,20,0,0.06,0.75,499
C04286,frequent_failure,7,7,0,4.38,0.48,499
C04287,occasionally_late,10,9,1,2.23,0.53,499
C04288,occasionally_late,7,5,2,2.05,0.52,499
C04289,reliable,9,9,0,0.9,0.95,499
C04290,occasionally_late,15,15,0,2.96,0.62,499
C04291,churn_risk,1,0,1,5.29,0.23,499
C04292,occasionally_late,16,15,1,3.15,0.47,499
C04293,reliable,16,15,1,0.58,0.94,499
C04294,frequent_failure,10,10,0,5.25,0.32,499
C04295,reliable,18,18,0,0.42,0.94,499
C04296,occasionally_late,18,16,2,1.18,0.67,499
C04297,occasionally_late,8,8,0,1.28,0.65,499
C04298,reliable,15,14,1,0.09,0.86,499
C04299,reliable,17,16,1,0.61,0.96,499
C04300,reliable,7,7,0,0.12,0.73,499
C04301,occasionally_late,12,10,2,2.23,0.73,499
C04302,occasionally_late,19,17,2,1.13,0.56,499
C04303,churn_risk,4,1,3,11.12,0.22,499
C04304,reliable,25,25,0,0.05,0.98,499
C04305,reliable,9,9,0,0.46,0.98,499
C04306,occasionally_late,19,17,2,3.61,0.6,499
C04307,reliable,15,14,1,0.72,0.78,499
C04308,occasionally_late,16,14,2,3.27,0.73,499
C04309,reliable,35,35,0,0.71,0.71,499
C04310,frequent_failure,7,6,1,5.78,0.44,499
C04311,frequent_failure,19,16,3,3.08,0.39,499
C04312,frequent_failure,9,7,2,4.31,0.16,499
C04313,occasionally_late,20,16,4,1.06,0.7,499
C04314,occasionally_late,22,22,0,1.41,0.6,499
C04315,churn_risk,10,5,5,7.49,0.25,499
C04316,churn_risk,3,2,1,7.5,0.24,499
C04317,frequent_failure,8,7,1,3.4,0.38,499
C04318,reliable,29,28,1,0.94,0.94,499
C04319,frequent_failure,10,7,3,3.95,0.45,499
C04320,reliable,32,31,1,0.91,0.83,499
C04321,churn_risk,6,4,2,10.9,0.06,499
C04322,reliable,16,16,0,0.9,0.97,499
C04323,reliable,31,30,1,0.1,0.79,499
C04324,reliable,14,12,2,0.74,0.87,499
C04325,occasionally_late,19,15,4,1.15,0.77,499
C04326,churn_risk,10,8,2,12.01,0.2,499
C04327,occasionally_late,24,21,3,2.34,0.71,499
C04328,frequent_failure,12,9,3,3.09,0.38,499
C04329,occasionally_late,18,14,4,2.08,0.75,499
C04330,reliable,31,27,4,0.58,0.95,499
C04331,occasionally_late,11,11,0,1.56,0.72,499
C04332,churn_risk,7,5,2,11.92,0.13,499
C04333,occasionally_late,14,10,4,1.38,0.48,499
C04334,frequent_failure,14,11,3,6.26,0.26,499
C04335,reliable,6,6,0,0.33,0.93,499
C04336,occasionally_late,11,8,3,3.44,0.77,499
C04337,occasionally_late,20,16,4,3.1,0.51,499
C04338,frequent_failure,16,8,8,6.37,0.24,499
C04339,occasionally_late,20,17,3,3.29,0.58,499
C04340,reliable,29,24,5,0.44,0.86,499
C04341,churn_risk,4,3,1,7.68,0.09,499
C04342,reliable,17,16,1,0.19,0.83,499
C04343,reliable,31,29,2,0.79,0.98,499
C04344,frequent_failure,7,6,1,7.92,0.23,499
C04345,reliable,13,12,1,0.79,0.89,499
C04346,occasionally_late,16,16,0,1.13,0.63,499
C04347,reliable,31,27,4,0.47,0.87,499
C04348,frequent_failure,12,5,7,5.05,0.37,499
C04349,frequent_failure,18,14,4,6.89,0.34,499
C04350,occasionally_late,6,4,2,2.48,0.63,499
C04351,frequent_failure,4,4,0,5.16,0.22,499
C04352,reliable,17,17,0,0.64,0.88,499
C04353,reliable,36,33,3,0.25,0.89,499
C04354,churn_risk,9,7,2,5.57,0.17,499
C04355,churn_risk,6,2,4,8.15,0.12,499
C04356,reliable,8,7,1,0.19,0.84,499
C04357,frequent_failure,13,5,8,3.73,0.35,499
C04358,reliable,6,6,0,0.1,0.89,499
C04359,reliable,30,30,0,0.62,0.97,499
C04360,occasionally_late,11,9,2,1.29,0.49,499
C04361,churn_risk,7,3,4,12.69,0.09,499
C04362,frequent_failure,16,13,3,7.68,0.19,499
C04363,frequent_failure,12,7,5,5.42,0.39,499
C04364,occasionally_late,21,19,2,2.33,0.79,499
C04365,churn_risk,9,3,6,13.51,0.24,499
C04366,reliable,18,16,2,0.6,0.98,499
C04367,reliable,32,29,3,0.81,0.74,499
C04368,churn_risk,6,4,2,11.62,0.16,499
C04369,occasionally_late,6,5,1,3.37,0.63,499
C04370,reliable,21,20,1,0.02,0.81,499
C04371,occasionally_late,23,21,2,3.91,0.79,499
C04372,reliable,19,19,0,0.85,0.99,499
C04373,occasionally_late,15,14,1,1.38,0.74,499
C04374,occasionally_late,18,17,1,1.73,0.67,499
C04375,reliable,12,12,0,0.69,0.88,499
C04376,frequent_failure,14,8,6,6.74,0.27,499
C04377,churn_risk,9,2,7,7.01,0.09,499
C04378,churn_risk,4,2,2,11.21,0.25,499
C04379,occasionally_late,15,13,2,2.06,0.79,499
C04380,reliable,32,29,3,0.67,0.96,499
C04381,reliable,35,33,2,0.54,0.89,499
C04382,occasionally_late,17,14,3,1.12,0.57,499
C04383,reliable,34,33,1,0.25,0.76,499
C04384,reliable,15,15,0,0.9,0.73,499
C04385,occasionally_late,13,12,1,3.2,0.71,499
C04386,reliable,12,10,2,0.26,0.81,499
C04387,reliable,15,14,1,0.56,0.97,499
C04388,reliable,24,24,0,0.48,0.82,499
C04389,reliable,32,32,0,0.04,0.92,499
C04390,reliable,10,9,1,0.51,0.71,499
C04391,frequent_failure,15,12,3,6.42,0.18,499
C04392,reliable,31,27,4,0.28,0.77,499
C04393,occasionally_late,12,9,3,2.01,0.58,499
C04394,occasionally_late,13,10,3,3.7,0.63,499
C04395,reliable,29,29,0,0.09,0.9,499
C04396,frequent_failure,6,5,1,5.89,0.41,499
C04397,reliable,11,10,1,0.08,0.96,499
C04398,frequent_failure,13,6,7,3.29,0.28,499
C04399,reliable,20,20,0,0.2,0.81,499
C04400,reliable,25,25,0,0.11,0.77,499
C04401,churn_risk,4,4,0,10.84,0.12,499
C04402,churn_risk,8,4,4,9.2,0.14,499
C04403,occasionally_late,20,18,2,2.43,0.61,499
C04404,occasionally_late,9,5,4,1.19,0.65,499
C04405,occasionally_late,22,19,3,3.43,0.58,499
C04406,reliable,28,22,6,0.46,0.73,499
C04407,reliable,27,27,0,0.23,0.89,499
C04408,occasionally_late,24,18,6,3.53,0.61,499
C04409,frequent_failure,8,7,1,3.37,0.19,499
C04410,occasionally_late,18,14,4,3.94,0.51,499
C04411,reliable,25,23,2,0.92,0.97,499
C04412,reliable,6,6,0,0.67,0.99,499
C04413,occasionally_late,19,14,5,3.79,0.65,499
C04414,reliable,32,32,0,0.38,0.79,499
C04415,reliable,16,15,1,0.38,0.82,499
C04416,reliable,30,29,1,0.49,0.87,499
C04417,occasionally_late,17,16,1,2.79,0.7,499
C04418,frequent_failure,12,8,4,6.04,0.32,499
C04419,reliable,29,28,1,0.73,0.98,499
C04420,churn_risk,10,5,5,10.53,0.28,499
C04421,churn_risk,5,4,1,12.3,0.12,499
C04422,reliable,23,22,1,0.07,0.72,499
C04423,frequent_failure,5,4,1,7.05,0.18,499
C04424,occasionally_late,4,3,1,2.26,0.61,499
C04425,reliable,35,35,0,0.33,0.94,499
C04426,frequent_failure,13,8,5,4.07,0.31,499
C04427,frequent_failure,11,10,1,5.63,0.16,499
C04428,reliable,21,21,0,0.15,0.98,499
C04429,frequent_failure,11,10,1,4.39,0.48,499
C04430,churn_risk,8,3,5,9.3,0.12,499
C04431,reliable,15,15,0,0.56,0.78,499
C04432,churn_risk,9,4,5,7.86,0.14,499
C04433,frequent_failure,15,10,5,4.84,0.49,499
C04434,reliable,9,9,0,0.22,0.8,499
C04435,churn_risk,7,4,3,13.6,0.17,499
C04436,occasionally_late,20,14,6,1.82,0.8,499
C04437,occasionally_late,16,12,4,3.71,0.67,499
C04438,reliable,13,12,1,0.95,0.91,499
C04439,frequent_failure,9,6,3,3.05,0.37,499
C04440,reliable,10,10,0,0.4,0.73,499
C04441,reliable,20,18,2,0.31,0.95,499
C04442,frequent_failure,15,7,8,6.87,0.18,499
C04443,reliable,33,31,2,0.95,0.87,499
C04444,reliable,27,25,2,0.94,0.71,499
C04445,reliable,21,21,0,0.6,0.96,499
C04446,reliable,24,22,2,0.02,0.81,499
C04447,occasionally_late,14,10,4,2.62,0.78,499
C04448,reliable,8,8,0,0.68,0.78,499
C04449,churn_risk,1,0,1,13.24,0.23,499
C04450,churn_risk,5,4,1,12.53,0.21,499
C04451,occasionally_late,17,14,3,3.97,0.73,499
C04452,occasionally_late,21,13,8,3.18,0.62,499
C04453,frequent_failure,10,6,4,6.63,0.27,499
C04454,churn_risk,1,1,0,6.93,0.22,499
C04455,reliable,17,16,1,0.54,0.95,499
C04456,occasionally_late,24,21,3,1.03,0.62,499
C04457,occasionally_late,8,7,1,2.74,0.47,499
C04458,reliable,28,28,0,0.65,0.93,499
C04459,reliable,18,18,0,0.64,0.92,499
C04460,reliable,20,19,1,0.77,0.93,499
C04461,frequent_failure,7,4,3,7.18,0.43,499
C04462,reliable,12,11,1,0.39,0.91,499
C04463,reliable,11,11,0,0.76,0.92,499
C04464,reliable,34,34,0,0.78,0.99,499
C04465,occasionally_late,12,12,0,3.02,0.73,499
C04466,occasionally_late,12,12,0,1.47,0.57,499
C04467,frequent_failure,3,2,1,3.85,0.2,499
C04468,reliable,7,6,1,0.29,0.96,499
C04469,occasionally_late,23,20,3,3.56,0.52,499
C04470,churn_risk,1,0,1,7.83,0.07,499
C04471,occasionally_late,7,6,1,1.03,0.79,499
C04472,reliable,14,14,0,0.82,0.76,499
C04473,occasionally_late,23,22,1,3.55,0.46,499
C04474,reliable,24,22,2,0.87,0.84,499
C04475,frequent_failure,18,11,7,4.23,0.28,499
C04476,frequent_failure,12,10,2,4.12,0.3,499
C04477,occasionally_late,19,19,0,3.14,0.46,499
C04478,churn_risk,8,4,4,7.23,0.28,499
C04479,reliable,22,21,1,0.43,0.9,499
C04480,occasionally_late,20,18,2,3.52,0.54,499
C04481,occasionally_late,9,7,2,2.03,0.68,499
C04482,reliable,19,19,0,0.54,0.72,499
C04483,occasionally_late,18,17,1,3.14,0.61,499
C04484,occasionally_late,20,18,2,3.2,0.79,499
C04485,occasionally_late,9,8,1,3.52,0.57,499
C04486,frequent_failure,19,10,9,7.0,0.45,499
C04487,reliable,35,35,0,0.39,0.96,499
C04488,reliable,34,31,3,0.48,0.91,499
C04489,reliable,23,21,2,0.58,0.73,499
C04490,churn_risk,10,5,5,14.51,0.27,499
C04491,occasionally_late,20,19,1,3.32,0.59,499
C04492,occasionally_late,18,17,1,1.5,0.5,499
C04493,frequent_failure,3,1,2,7.64,0.35,499
C04494,churn_risk,3,2,1,7.86,0.22,499
C04495,occasionally_late,13,12,1,2.05,0.67,499
C04496,reliable,33,29,4,0.71,0.96,499
C04497,churn_risk,7,5,2,10.99,0.17,499
C04498,reliable,11,8,3,0.26,0.81,499
C04499,occasionally_late,7,6,1,3.05,0.59,499
C04500,reliable,32,31,1,0.56,0.98,499
C04501,churn_risk,6,5,1,9.87,0.21,499
C04502,occasionally_late,22,18,4,2.7,0.56,499
C04503,reliable,7,7,0,0.43,0.94,499
C04504,frequent_failure,6,6,0,4.17,0.18,499
C04505,occasionally_late,21,16,5,1.67,0.69,499
C04506,reliable,16,16,0,0.13,0.96,499
C04507,reliable,30,30,0,0.57,0.76,499
C04508,reliable,33,32,1,0.96,0.78,499
C04509,reliable,36,36,0,0.38,0.9,499
C04510,churn_risk,8,3,5,12.02,0.1,499
C04511,churn_risk,3,2,1,7.38,0.15,499
C04512,reliable,35,35,0,0.86,0.72,499
C04513,frequent_failure,13,9,4,4.07,0.36,499
C04514,reliable,9,9,0,0.64,0.8,499
C04515,occasionally_late,4,3,1,3.07,0.68,499
C04516,reliable,31,29,2,0.87,0.74,499
C04517,reliable,33,33,0,0.9,0.97,499
C04518,frequent_failure,9,5,4,6.02,0.24,499
C04519,frequent_failure,9,7,2,4.65,0.33,499
C04520,reliable,30,28,2,0.97,0.89,499
C04521,frequent_failure,4,2,2,7.07,0.48,499
C04522,reliable,12,11,1,0.12,0.9,499
C04523,churn_risk,5,3,2,10.48,0.1,499
C04524,occasionally_late,22,22,0,2.99,0.47,499
C04525,reliable,26,25,1,0.05,0.74,499
C04526,occasionally_late,18,18,0,1.91,0.78,499
C04527,reliable,14,13,1,0.26,0.79,499
C04528,reliable,28,27,1,0.11,0.74,499
C04529,occasionally_late,18,15,3,1.29,0.62,499
C04530,reliable,12,12,0,0.68,0.92,499
C04531,reliable,17,14,3,0.42,0.86,499
C04532,frequent_failure,16,9,7,5.56,0.26,499
C04533,reliable,29,25,4,0.5,0.97,499
C04534,reliable,11,9,2,0.75,0.9,499
C04535,occasionally_late,16,13,3,3.63,0.8,499
C04536,reliable,36,35,1,0.25,0.89,499
C04537,reliable,18,17,1,0.17,0.84,499
C04538,reliable,25,24,1,0.28,0.95,499
C04539,frequent_failure,7,6,1,5.1,0.5,499
C04540,reliable,23,22,1,0.33,0.83,499
C04541,reliable,31,30,1,0.16,0.73,499
C04542,churn_risk,7,4,3,6.93,0.22,499
C04543,occasionally_late,6,5,1,3.16,0.67,499
C04544,occasionally_late,13,12,1,1.45,0.6,499
C04545,reliable,31,31,0,0.79,0.83,499
C04546,frequent_failure,16,13,3,6.94,0.17,499
C04547,reliable,21,21,0,0.11,0.86,499
C04548,reliable,10,10,0,0.5,0.89,499
C04549,occasionally_late,7,7,0,3.89,0.45,499
C04550,occasionally_late,24,19,5,1.24,0.57,499
C04551,occasionally_late,24,21,3,1.75,0.45,499
C04552,reliable,27,27,0,0.27,0.98,499
C04553,reliable,18,17,1,0.19,0.94,499
C04554,reliable,20,20,0,0.39,0.95,499
C04555,occasionally_late,20,19,1,1.61,0.76,499
C04556,occasionally_late,10,9,1,3.49,0.59,499
C04557,reliable,33,30,3,0.67,0.87,499
C04558,reliable,10,10,0,0.39,0.95,499
C04559,frequent_failure,5,3,2,4.54,0.45,499
C04560,occasionally_late,18,16,2,3.42,0.73,499
C04561,occasionally_late,15,14,1,2.11,0.72,499
C04562,frequent_failure,6,6,0,5.37,0.41,499
C04563,reliable,7,7,0,0.71,0.74,499
C04564,occasionally_late,23,19,4,3.09,0.45,499
C04565,occasionally_late,22,18,4,1.91,0.55,499
C04566,occasionally_late,20,15,5,1.03,0.59,499
C04567,frequent_failure,4,1,3,7.26,0.34,499
C04568,frequent_failure,14,6,8,6.0,0.16,499
C04569,reliable,34,30,4,0.08,0.82,499
C04570,frequent_failure,9,5,4,4.97,0.47,499
C04571,reliable,18,16,2,0.07,0.82,499
C04572,reliable,26,25,1,0.58,0.99,499
C04573,reliable,27,26,1,0.81,0.71,499
C04574,frequent_failure,6,4,2,6.05,0.36,499
C04575,occasionally_late,23,21,2,3.19,0.59,499
C04576,reliable,31,30,1,0.99,0.79,499
C04577,occasionally_late,21,20,1,2.16,0.75,499
C04578,reliable,10,10,0,0.29,0.83,499
C04579,reliable,26,25,1,0.78,0.85,499
C04580,occasionally_late,15,11,4,3.12,0.74,499
C04581,reliable,34,33,1,1.0,0.86,499
C04582,churn_risk,3,3,0,13.39,0.24,499
C04583,frequent_failure,3,3,0,4.1,0.28,499
C04584,occasionally_late,24,20,4,3.81,0.56,499
C04585,occasionally_late,19,15,4,2.31,0.79,499
C04586,occasionally_late,19,19,0,3.79,0.61,499
C04587,reliable,36,35,1,0.18,0.8,499
C04588,reliable,9,9,0,0.63,0.77,499
C04589,occasionally_late,10,9,1,3.01,0.58,499
C04590,churn_risk,5,2,3,14.49,0.15,499
C04591,reliable,21,21,0,0.17,0.9,499
C04592,frequent_failure,17,9,8,4.93,0.22,499
C04593,churn_risk,8,7,1,7.45,0.3,499
C04594,frequent_failure,8,4,4,3.55,0.42,499
C04595,occasionally_late,13,12,1,3.27,0.47,499
C04596,reliable,25,23,2,0.39,0.91,499
C04597,occasionally_late,19,19,0,2.22,0.74,499
C04598,occasionally_late,4,4,0,2.54,0.77,499
C04599,reliable,28,27,1,0.68,0.89,499
C04600,reliable,35,33,2,0.45,0.81,499
C04601,occasionally_late,6,4,2,1.27,0.61,499
C04602,reliable,22,22,0,0.1,0.78,499
C04603,churn_risk,1,1,0,8.86,0.21,499
C04604,occasionally_late,11,9,2,1.07,0.6,499
C04605,reliable,26,25,1,0.71,0.83,499
C04606,churn_risk,7,5,2,11.48,0.29,499
C04607,frequent_failure,5,4,1,6.7,0.17,499
C04608,occasionally_late,12,11,1,2.32,0.79,499
C04609,occasionally_late,22,16,6,2.7,0.48,499
C04610,occasionally_late,11,8,3,1.32,0.47,499
C04611,frequent_failure,4,3,1,5.78,0.21,499
C04612,occasionally_late,19,17,2,3.83,0.59,499
C04613,reliable,28,27,1,0.68,0.79,499
C04614,occasionally_late,23,19,4,2.82,0.7,499
C04615,churn_risk,3,2,1,8.82,0.06,499
C04616,churn_risk,2,1,1,7.87,0.21,499
C04617,occasionally_late,16,14,2,2.73,0.77,499
C04618,churn_risk,8,5,3,8.4,0.15,499
C04619,reliable,14,14,0,0.17,0.82,499
C04620,reliable,19,17,2,0.24,0.93,499
C04621,reliable,34,33,1,0.27,0.73,499
C04622,reliable,23,23,0,0.22,0.75,499
C04623,reliable,30,26,4,0.77,0.77,499
C04624,reliable,29,28,1,0.47,0.8,499
C04625,churn_risk,7,4,3,12.95,0.05,499
C04626,churn_risk,7,4,3,9.07,0.25,499
C04627,reliable,16,16,0,0.43,0.97,499
C04628,churn_risk,11,5,6,10.72,0.11,499
C04629,reliable,36,34,2,0.72,0.81,499
C04630,reliable,9,9,0,0.61,0.98,499
C04631,reliable,28,27,1,0.83,0.92,499
C04632,reliable,6,5,1,0.18,0.91,499
C04633,reliable,6,6,0,0.38,0.72,499
C04634,reliable,15,15,0,0.7,0.93,499
C04635,occasionally_late,17,15,2,1.29,0.76,499
C04636,occasionally_late,10,6,4,2.7,0.75,499
C04637,churn_risk,6,5,1,11.43,0.18,499
C04638,frequent_failure,5,2,3,5.47,0.19,499
C04639,reliable,34,34,0,0.01,0.82,499
C04640,occasionally_late,14,13,1,3.62,0.78,499
C04641,occasionally_late,11,8,3,2.2,0.72,499
C04642,reliable,15,14,1,0.52,0.95,499
C04643,churn_risk,8,3,5,5.69,0.07,499
C04644,reliable,34,34,0,0.95,0.96,499
C04645,reliable,35,33,2,0.39,0.84,499
C04646,reliable,33,32,1,0.73,0.88,499
C04647,reliable,22,21,1,0.68,0.91,499
C04648,occasionally_late,4,4,0,1.92,0.7,499
C04649,reliable,28,28,0,0.25,0.74,499
C04650,reliable,30,29,1,0.67,0.76,499
C04651,occasionally_late,8,7,1,3.99,0.66,499
C04652,occasionally_late,10,8,2,3.12,0.54,499
C04653,frequent_failure,9,8,1,6.02,0.23,499
C04654,occasionally_late,16,15,1,2.11,0.59,499
C04655,reliable,26,26,0,0.6,0.96,499
C04656,churn_risk,5,2,3,5.94,0.2,499
C04657,occasionally_late,10,10,0,3.46,0.69,499
C04658,occasionally_late,16,15,1,2.09,0.57,499
C04659,occasionally_late,8,7,1,2.16,0.58,499
C04660,reliable,28,28,0,0.83,0.72,499
C04661,reliable,19,19,0,0.7,0.74,499
C04662,occasionally_late,24,24,0,3.21,0.58,499
C04663,frequent_failure,13,7,6,5.15,0.21,499
C04664,reliable,31,31,0,0.07,0.91,499
C04665,reliable,20,19,1,0.51,0.89,499
C04666,reliable,32,32,0,0.04,0.74,499
C04667,reliable,18,17,1,0.6,0.89,499
C04668,reliable,17,17,0,0.4,0.73,499
C04669,frequent_failure,18,13,5,4.36,0.24,499
C04670,occasionally_late,24,20,4,1.71,0.61,499
C04671,reliable,19,19,0,0.1,0.78,499
C04672,frequent_failure,5,4,1,3.31,0.37,499
C04673,occasionally_late,15,12,3,1.99,0.7,499
C04674,churn_risk,11,7,4,13.29,0.11,499
C04675,occasionally_late,10,8,2,1.31,0.71,499
C04676,reliable,30,30,0,0.51,0.9,499
C04677,occasionally_late,5,5,0,1.77,0.53,499
C04678,churn_risk,3,2,1,7.71,0.14,499
C04679,reliable,31,27,4,0.23,0.89,499
C04680,reliable,9,9,0,0.69,0.73,499
C04681,occasionally_late,22,20,2,1.49,0.47,499
C04682,churn_risk,4,1,3,5.77,0.2,499
C04683,occasionally_late,19,17,2,3.18,0.63,499
C04684,reliable,6,6,0,0.84,0.73,499
C04685,reliable,25,23,2,0.7,0.89,499
C04686,reliable,29,27,2,0.74,0.89,499
C04687,churn_risk,6,3,3,8.28,0.12,499
C04688,reliable,30,30,0,0.91,0.97,499
C04689,reliable,13,13,0,0.03,0.99,499
C04690,occasionally_late,4,4,0,3.8,0.53,499
C04691,occasionally_late,21,17,4,2.73,0.75,499
C04692,reliable,14,12,2,0.83,0.74,499
C04693,reliable,25,23,2,0.18,0.84,499
C04694,frequent_failure,7,5,2,7.33,0.24,499
C04695,frequent_failure,10,7,3,4.82,0.28,499
C04696,occasionally_late,10,5,5,3.31,0.54,499
C04697,reliable,31,30,1,0.37,0.87,499
C04698,reliable,15,15,0,0.1,0.96,499
C04699,occasionally_late,23,20,3,1.32,0.76,499
C04700,occasionally_late,10,10,0,2.1,0.7,499
C04701,reliable,8,7,1,0.94,0.84,499
C04702,occasionally_late,24,23,1,2.76,0.5,499
C04703,occasionally_late,18,16,2,1.84,0.75,499
C04704,reliable,11,11,0,0.76,0.87,499
C04705,reliable,29,27,2,0.26,0.81,499
C04706,frequent_failure,9,9,0,3.77,0.23,499
C04707,churn_risk,1,0,1,14.52,0.21,499
C04708,reliable,22,22,0,0.78,0.85,499
C04709,churn_risk,8,6,2,13.33,0.26,499
C04710,occasionally_late,14,12,2,3.2,0.47,499
C04711,frequent_failure,13,10,3,6.71,0.46,499
C04712,churn_risk,7,4,3,8.0,0.16,499
C04713,churn_risk,2,0,2,9.97,0.08,499
C04714,reliable,27,25,2,0.01,0.76,499
C04715,reliable,15,14,1,0.38,0.73,499
C04716,reliable,13,9,4,0.85,0.82,499
C04717,reliable,22,19,3,0.58,0.71,499
C04718,reliable,6,6,0,0.24,0.92,499
C04719,occasionally_late,15,15,0,2.98,0.53,499
C04720,reliable,28,26,2,0.91,0.86,499
C04721,frequent_failure,17,12,5,6.02,0.37,499
C04722,frequent_failure,13,7,6,6.29,0.47,499
C04723,reliable,27,27,0,0.61,0.76,499
C04724,occasionally_late,16,13,3,2.75,0.61,499
C04725,frequent_failure,13,9,4,7.86,0.37,499
C04726,occasionally_late,9,8,1,2.4,0.71,499
C04727,frequent_failure,19,16,3,6.64,0.38,499
C04728,churn_risk,2,1,1,7.42,0.22,499
C04729,occasionally_late,24,20,4,2.13,0.65,499
C04730,frequent_failure,9,5,4,7.76,0.29,499
C04731,reliable,6,6,0,0.16,0.87,499
C04732,frequent_failure,15,10,5,7.25,0.25,499
C04733,reliable,25,23,2,0.12,0.79,499
C04734,reliable,23,22,1,0.9,0.71,499
C04735,occasionally_late,12,7,5,2.38,0.49,499
C04736,reliable,12,12,0,0.39,0.89,499
C04737,occasionally_late,19,17,2,2.44,0.47,499
C04738,occasionally_late,5,4,1,2.39,0.55,499
C04739,reliable,15,15,0,0.25,0.92,499
C04740,occasionally_late,10,9,1,1.69,0.5,499
C04741,churn_risk,6,5,1,6.8,0.27,499
C04742,reliable,15,15,0,0.98,0.94,499
C04743,churn_risk,8,6,2,7.31,0.09,499
C04744,reliable,16,16,0,0.84,0.97,499
C04745,reliable,30,28,2,0.68,0.81,499
C04746,frequent_failure,19,11,8,4.63,0.38,499
C04747,occasionally_late,17,13,4,2.01,0.47,499
C04748,reliable,23,23,0,0.82,0.82,499
C04749,occasionally_late,20,19,1,2.56,0.61,499
C04750,reliable,36,35,1,0.62,0.71,499
C04751,occasionally_late,23,20,3,2.36,0.62,499
C04752,churn_risk,8,6,2,11.3,0.06,499
C04753,reliable,14,14,0,0.64,0.9,499
C04754,reliable,9,9,0,0.33,0.88,499
C04755,reliable,32,31,1,0.17,0.84,499
C04756,occasionally_late,22,21,1,3.36,0.64,499
C04757,frequent_failure,4,3,1,3.95,0.25,499
C04758,occasionally_late,8,7,1,2.01,0.63,499
C04759,reliable,19,19,0,0.57,0.71,499
C04760,occasionally_late,7,7,0,2.42,0.75,499
C04761,reliable,9,8,1,0.11,0.95,499
C04762,frequent_failure,14,10,4,3.53,0.15,499
C04763,occasionally_late,19,16,3,3.19,0.72,499
C04764,reliable,16,16,0,0.97,0.87,499
C04765,reliable,27,27,0,0.63,0.87,499
C04766,occasionally_late,20,16,4,1.63,0.66,499
C04767,occasionally_late,21,17,4,1.65,0.63,499
C04768,occasionally_late,18,14,4,2.54,0.79,499
C04769,frequent_failure,18,15,3,7.31,0.38,499
C04770,frequent_failure,5,3,2,4.64,0.32,499
C04771,reliable,20,19,1,0.52,0.94,499
C04772,reliable,24,22,2,0.9,0.92,499
C04773,occasionally_late,8,7,1,3.27,0.67,499
C04774,frequent_failure,18,10,8,4.44,0.36,499
C04775,churn_risk,11,3,8,8.34,0.06,499
C04776,frequent_failure,10,8,2,6.35,0.44,499
C04777,reliable,16,15,1,0.11,0.85,499
C04778,reliable,36,35,1,0.25,0.99,499
C04779,occasionally_late,16,15,1,1.95,0.46,499
C04780,reliable,17,17,0,0.07,0.92,499
C04781,reliable,24,24,0,0.7,0.79,499
C04782,occasionally_late,21,18,3,1.91,0.57,499
C04783,reliable,36,32,4,0.74,0.71,499
C04784,frequent_failure,19,18,1,4.93,0.37,499
C04785,reliable,35,34,1,0.02,0.8,499
C04786,frequent_failure,9,8,1,6.87,0.19,499
C04787,churn_risk,11,3,8,13.65,0.24,499
C04788,occasionally_late,5,5,0,3.7,0.75,499
C04789,reliable,30,29,1,0.89,0.89,499
C04790,occasionally_late,5,4,1,3.43,0.68,499
C04791,reliable,6,5,1,0.93,0.82,499
C04792,churn_risk,1,0,1,9.09,0.22,499
C04793,reliable,35,34,1,0.48,0.87,499
C04794,churn_risk,8,3,5,10.82,0.26,499
C04795,reliable,11,11,0,0.64,0.77,499
C04796,reliable,7,7,0,0.45,0.84,499
C04797,occasionally_late,14,11,3,3.65,0.64,499
C04798,reliable,22,22,0,0.8,0.8,499
C04799,reliable,18,16,2,0.15,0.82,499
C04800,reliable,24,24,0,0.79,0.91,499
C04801,occasionally_late,9,8,1,1.77,0.6,499
C04802,reliable,7,7,0,0.95,0.79,499
C04803,frequent_failure,15,13,2,6.16,0.3,499
C04804,frequent_failure,14,9,5,3.1,0.26,499
C04805,churn_risk,11,5,6,10.79,0.15,499
C04806,reliable,11,11,0,0.2,0.8,499
C04807,occasionally_late,17,15,2,1.91,0.76,499
C04808,reliable,19,18,1,0.02,0.84,499
C04809,reliable,17,14,3,0.33,0.85,499
C04810,reliable,31,30,1,0.73,0.93,499
C04811,reliable,23,23,0,0.8,1.0,499
C04812,reliable,6,6,0,0.93,0.83,499
C04813,frequent_failure,7,3,4,4.23,0.15,499
C04814,reliable,12,12,0,0.37,0.82,499
C04815,reliable,12,11,1,0.78,0.9,499
C04816,reliable,26,24,2,0.18,0.71,499
C04817,reliable,24,24,0,0.1,0.84,499
C04818,reliable,21,21,0,0.78,0.79,499
C04819,reliable,28,26,2,0.56,0.84,499
C04820,reliable,31,29,2,0.92,0.72,499
C04821,reliable,14,14,0,0.86,0.7,499
C04822,reliable,15,13,2,0.08,0.87,499
C04823,churn_risk,11,8,3,9.99,0.11,499
C04824,frequent_failure,13,8,5,3.54,0.37,499
C04825,reliable,17,16,1,0.2,0.9,499
C04826,reliable,21,21,0,0.02,0.74,499
C04827,reliable,6,6,0,0.65,0.77,499
C04828,reliable,9,9,0,0.88,0.8,499
C04829,reliable,33,31,2,0.42,0.77,499
C04830,occasionally_late,19,14,5,1.7,0.5,499
C04831,reliable,36,34,2,0.22,0.77,499
C04832,reliable,35,34,1,0.72,0.8,499
C04833,reliable,32,32,0,0.36,0.83,499
C04834,churn_risk,8,4,4,12.49,0.23,499
C04835,frequent_failure,19,10,9,4.51,0.2,499
C04836,reliable,34,32,2,0.62,0.92,499
C04837,occasionally_late,15,12,3,3.29,0.76,499
C04838,reliable,8,7,1,0.38,0.95,499
C04839,occasionally_late,6,5,1,1.16,0.69,499
C04840,reliable,25,22,3,0.87,0.95,499
C04841,reliable,27,25,2,0.66,0.97,499
C04842,frequent_failure,7,5,2,5.83,0.21,499
C04843,churn_risk,1,1,0,5.31,0.13,499
C04844,reliable,13,12,1,0.68,0.91,499
C04845,occasionally_late,18,16,2,3.9,0.51,499
C04846,reliable,13,13,0,0.48,0.9,499
C04847,frequent_failure,6,6,0,4.49,0.38,499
C04848,occasionally_late,13,11,2,1.22,0.49,499
C04849,reliable,15,14,1,0.52,0.99,499
C04850,occasionally_late,13,7,6,1.83,0.79,499
C04851,churn_risk,8,6,2,13.26,0.21,499
C04852,frequent_failure,13,8,5,4.06,0.18,499
C04853,frequent_failure,12,7,5,7.1,0.21,499
C04854,occasionally_late,14,12,2,3.56,0.79,499
C04855,churn_risk,2,1,1,9.14,0.1,499
C04856,frequent_failure,7,7,0,3.06,0.3,499
C04857,reliable,10,9,1,0.8,0.86,499
C04858,occasionally_late,8,6,2,2.36,0.49,499
C04859,occasionally_late,23,17,6,3.94,0.77,499
C04860,reliable,28,27,1,0.01,0.82,499
C04861,reliable,22,21,1,0.45,0.88,499
C04862,frequent_failure,18,12,6,5.23,0.24,499
C04863,reliable,26,25,1,0.64,0.79,499
C04864,frequent_failure,16,10,6,5.52,0.32,499
C04865,reliable,14,12,2,0.95,0.81,499
C04866,reliable,27,27,0,0.72,0.88,499
C04867,reliable,30,29,1,0.52,0.71,499
C04868,reliable,33,31,2,0.32,0.99,499
C04869,reliable,30,29,1,0.72,0.73,499
C04870,occasionally_late,5,5,0,2.92,0.68,499
C04871,reliable,29,28,1,0.26,0.86,499
C04872,reliable,21,21,0,0.25,0.86,499
C04873,occasionally_late,15,12,3,2.51,0.68,499
C04874,reliable,35,32,3,0.26,0.82,499
C04875,churn_risk,5,5,0,14.18,0.27,499
C04876,reliable,11,10,1,0.42,0.94,499
C04877,reliable,24,24,0,0.41,0.77,499
C04878,reliable,30,30,0,0.48,0.79,499
C04879,churn_risk,3,2,1,10.16,0.27,499
C04880,frequent_failure,13,9,4,6.53,0.28,499
C04881,occasionally_late,19,18,1,1.86,0.65,499
C04882,reliable,29,29,0,0.8,0.86,499
C04883,occasionally_late,23,22,1,2.58,0.71,499
C04884,reliable,12,12,0,0.66,0.77,499
C04885,reliable,9,9,0,0.26,0.82,499
C04886,reliable,13,13,0,0.06,0.78,499
C04887,frequent_failure,9,6,3,3.97,0.48,499
C04888,reliable,20,18,2,0.43,0.89,499
C04889,reliable,33,32,1,0.21,0.76,499
C04890,frequent_failure,11,7,4,4.72,0.37,499
C04891,reliable,23,23,0,0.42,0.76,499
C04892,occasionally_late,21,19,2,3.05,0.77,499
C04893,reliable,7,7,0,0.72,0.95,499
C04894,reliable,17,17,0,0.3,0.77,499
C04895,reliable,21,21,0,0.97,0.95,499
C04896,occasionally_late,16,15,1,3.7,0.74,499
C04897,churn_risk,6,3,3,6.44,0.14,499
C04898,reliable,11,9,2,0.68,0.76,499
C04899,occasionally_late,17,17,0,1.87,0.73,499
C04900,reliable,31,31,0,0.36,0.86,499
C04901,reliable,19,19,0,0.78,0.9,499
C04902,occasionally_late,5,5,0,3.27,0.6,499
C04903,occasionally_late,18,15,3,1.44,0.74,499
C04904,occasionally_late,17,17,0,2.26,0.53,499
C04905,reliable,15,15,0,0.03,0.95,499
C04906,occasionally_late,14,12,2,1.67,0.72,499
C04907,reliable,27,25,2,0.35,0.85,499
C04908,churn_risk,5,1,4,10.04,0.15,499
C04909,frequent_failure,19,10,9,5.13,0.43,499
C04910,occasionally_late,6,6,0,2.68,0.71,499
C04911,occasionally_late,11,10,1,2.43,0.46,499
C04912,occasionally_late,21,20,1,3.5,0.7,499
C04913,frequent_failure,18,11,7,4.93,0.33,499
C04914,occasionally_late,4,3,1,1.06,0.62,499
C04915,frequent_failure,7,7,0,6.65,0.25,499
C04916,occasionally_late,9,8,1,1.47,0.54,499
C04917,frequent_failure,5,5,0,6.87,0.25,499
C04918,reliable,36,36,0,0.6,0.89,499
C04919,reliable,20,20,0,0.34,0.9,499
C04920,frequent_failure,13,6,7,4.51,0.18,499
C04921,reliable,11,11,0,0.71,0.91,499
C04922,reliable,18,18,0,0.07,0.83,499
C04923,reliable,17,15,2,0.12,0.75,499
C04924,frequent_failure,18,13,5,3.13,0.26,499
C04925,reliable,11,10,1,0.65,0.73,499
C04926,reliable,36,36,0,1.0,0.85,499
C04927,occasionally_late,24,18,6,3.08,0.59,499
C04928,churn_risk,1,1,0,7.86,0.07,499
C04929,occasionally_late,11,8,3,1.91,0.55,499
C04930,reliable,31,30,1,0.63,0.96,499
C04931,occasionally_late,6,6,0,1.46,0.52,499
C04932,reliable,29,29,0,0.91,0.72,499
C04933,occasionally_late,24,19,5,3.21,0.65,499
C04934,occasionally_late,23,21,2,3.07,0.75,499
C04935,churn_risk,6,4,2,13.95,0.27,499
C04936,reliable,8,8,0,0.52,0.96,499
C04937,frequent_failure,4,2,2,3.99,0.38,499
C04938,occasionally_late,15,13,2,2.83,0.79,499
C04939,churn_risk,5,3,2,5.28,0.13,499
C04940,occasionally_late,18,16,2,3.16,0.77,499
C04941,reliable,29,24,5,0.72,0.97,499
C04942,occasionally_late,4,4,0,2.46,0.64,499
C04943,reliable,9,8,1,0.62,0.91,499
C04944,reliable,15,14,1,0.31,0.99,499
C04945,reliable,15,14,1,0.31,0.82,499
C04946,reliable,20,19,1,0.81,0.79,499
C04947,reliable,27,26,1,0.22,0.94,499
C04948,reliable,9,9,0,0.93,0.8,499
C04949,reliable,20,20,0,0.4,0.98,499
C04950,reliable,31,30,1,0.13,0.97,499
C04951,occasionally_late,11,10,1,3.24,0.77,499
C04952,reliable,35,31,4,0.98,0.78,499
C04953,reliable,26,21,5,0.35,0.97,499
C04954,frequent_failure,18,9,9,6.73,0.24,499
C04955,frequent_failure,12,11,1,7.37,0.46,499
C04956,churn_risk,6,2,4,5.1,0.12,499
C04957,reliable,34,32,2,0.81,0.72,499
C04958,reliable,22,22,0,0.6,0.95,499
C04959,occasionally_late,23,21,2,2.51,0.46,499
C04960,occasionally_late,9,7,2,1.98,0.51,499
C04961,churn_risk,4,4,0,12.61,0.18,499
C04962,reliable,15,14,1,0.65,0.87,499
C04963,occasionally_late,14,11,3,3.36,0.49,499
C04964,frequent_failure,8,4,4,3.45,0.19,499
C04965,reliable,23,22,1,0.27,0.77,499
C04966,reliable,32,29,3,0.49,0.84,499
C04967,reliable,24,24,0,0.41,0.77,499
C04968,frequent_failure,4,4,0,7.57,0.46,499
C04969,churn_risk,9,3,6,11.82,0.22,499
C04970,frequent_failure,7,4,3,5.15,0.15,499
C04971,reliable,20,20,0,0.73,0.97,499
C04972,frequent_failure,6,6,0,6.07,0.23,499
C04973,reliable,25,25,0,0.49,0.9,499
C04974,reliable,6,4,2,0.59,0.71,499
C04975,reliable,31,28,3,0.12,0.89,499
C04976,frequent_failure,10,7,3,4.19,0.2,499
C04977,frequent_failure,17,12,5,7.17,0.2,499
C04978,churn_risk,11,6,5,5.15,0.12,499
C04979,churn_risk,7,2,5,13.42,0.11,499
C04980,reliable,10,10,0,0.68,0.98,499
C04981,occasionally_late,4,3,1,2.84,0.63,499
C04982,reliable,24,23,1,0.75,0.97,499
C04983,reliable,21,20,1,0.58,0.96,499
C04984,occasionally_late,14,13,1,3.66,0.63,499
C04985,reliable,16,16,0,0.99,0.8,499
C04986,reliable,31,31,0,0.89,0.76,499
C04987,reliable,24,23,1,0.6,0.72,499
C04988,reliable,22,22,0,0.01,0.75,499
C04989,reliable,23,23,0,0.54,0.84,499
C04990,frequent_failure,12,8,4,6.87,0.28,499
C04991,reliable,11,9,2,0.89,0.77,499
C04992,reliable,27,23,4,0.15,0.75,499
C04993,reliable,11,11,0,1.0,0.97,499
C04994,occasionally_late,6,4,2,1.98,0.47,499
C04995,reliable,33,29,4,0.83,0.8,499
C04996,reliable,28,28,0,0.24,0.9,499
C04997,occasionally_late,21,19,2,2.97,0.58,499
C04998,reliable,30,30,0,0.35,0.85,499
C04999,churn_risk,11,7,4,13.23,0.13,499
C05000,reliable,17,16,1,0.95,0.86,499
C05001,occasionally_late,12,9,3,3.01,0.7,499
C05002,reliable,18,18,0,0.89,0.82,499
C05003,occasionally_late,19,19,0,1.68,0.79,499
C05004,reliable,11,10,1,0.52,0.77,499
C05005,occasionally_late,8,6,2,1.7,0.61,499
C05006,occasionally_late,13,11,2,2.03,0.5,499
C05007,frequent_failure,16,11,5,5.83,0.22,499
C05008,frequent_failure,6,5,1,3.11,0.36,499
C05009,churn_risk,9,3,6,13.08,0.3,499
C05010,reliable,30,29,1,0.65,0.86,499
C05011,frequent_failure,11,6,5,3.96,0.21,499
C05012,occasionally_late,15,12,3,3.33,0.46,499
C05013,frequent_failure,8,6,2,4.81,0.26,499
C05014,reliable,7,6,1,0.35,0.79,499
C05015,churn_risk,1,1,0,9.55,0.29,499
C05016,churn_risk,4,1,3,12.24,0.06,499
C05017,reliable,12,12,0,0.0,0.96,499
C05018,reliable,6,6,0,0.79,0.81,499
C05019,reliable,31,30,1,0.29,0.79,499
C05020,reliable,21,21,0,0.24,0.97,499
C05021,occasionally_late,21,17,4,3.08,0.55,499
C05022,reliable,14,13,1,0.29,0.96,499
C05023,reliable,21,21,0,0.64,0.93,499
C05024,occasionally_late,11,9,2,1.77,0.69,499
C05025,occasionally_late,22,19,3,3.9,0.49,499
C05026,reliable,12,11,1,1.0,0.77,499
C05027,reliable,8,8,0,0.83,0.98,499
C05028,occasionally_late,7,7,0,2.76,0.52,499
C05029,frequent_failure,3,3,0,5.35,0.3,499
C05030,reliable,6,6,0,0.43,0.99,499
C05031,reliable,21,20,1,0.2,0.96,499
C05032,reliable,35,35,0,0.65,0.88,499
C05033,reliable,9,9,0,0.27,0.97,499
C05034,reliable,9,8,1,0.57,0.84,499
C05035,reliable,6,6,0,0.37,0.96,499
C05036,churn_risk,5,4,1,10.23,0.22,499
C05037,churn_risk,11,5,6,7.77,0.29,499
C05038,occasionally_late,10,8,2,2.71,0.64,499
C05039,churn_risk,8,4,4,7.92,0.18,499
C05040,frequent_failure,11,5,6,7.3,0.5,499
C05041,occasionally_late,4,4,0,1.98,0.71,499
C05042,churn_risk,9,5,4,6.09,0.06,499
C05043,reliable,17,15,2,0.37,0.78,499
C05044,reliable,7,7,0,0.64,0.81,499
C05045,churn_risk,9,2,7,10.51,0.09,499
C05046,occasionally_late,5,5,0,2.5,0.66,499
C05047,reliable,10,9,1,0.88,0.94,499
C05048,reliable,14,14,0,0.62,0.74,499
C05049,occasionally_late,24,22,2,1.53,0.73,499
C05050,frequent_failure,6,5,1,5.07,0.37,499
C05051,occasionally_late,21,18,3,2.89,0.49,499
C05052,frequent_failure,19,13,6,3.71,0.38,499
C05053,occasionally_late,24,19,5,3.36,0.52,499
C05054,frequent_failure,11,9,2,7.27,0.49,499
C05055,frequent_failure,15,13,2,5.71,0.43,499
C05056,frequent_failure,8,7,1,6.65,0.28,499
C05057,frequent_failure,17,13,4,5.12,0.43,499
C05058,occasionally_late,16,14,2,3.28,0.7,499
C05059,occasionally_late,4,3,1,1.4,0.74,499
C05060,reliable,21,21,0,0.83,0.9,499
C05061,reliable,29,27,2,0.43,0.95,499
C05062,frequent_failure,3,2,1,5.75,0.36,499
C05063,churn_risk,6,3,3,13.26,0.08,499
C05064,frequent_failure,17,14,3,5.13,0.32,499
C05065,reliable,9,9,0,0.2,0.87,499
C05066,reliable,33,32,1,0.69,0.8,499
C05067,occasionally_late,15,14,1,2.62,0.59,499
C05068,occasionally_late,12,10,2,2.56,0.54,499
C05069,reliable,36,35,1,0.13,0.81,499
C05070,reliable,36,34,2,0.21,0.97,499
C05071,reliable,31,29,2,0.06,0.76,499
C05072,reliable,18,18,0,0.73,0.99,499
C05073,frequent_failure,6,6,0,6.53,0.49,499
C05074,reliable,7,7,0,0.08,0.93,499
C05075,frequent_failure,17,10,7,4.81,0.27,499
C05076,frequent_failure,16,13,3,4.07,0.27,499
C05077,occasionally_late,5,4,1,2.05,0.68,499
C05078,reliable,9,8,1,0.19,0.73,499
C05079,reliable,12,10,2,0.56,0.79,499
C05080,reliable,36,36,0,0.09,0.8,499
C05081,churn_risk,9,5,4,7.17,0.28,499
C05082,reliable,20,20,0,0.89,0.79,499
C05083,reliable,12,12,0,0.28,0.73,499
C05084,frequent_failure,5,4,1,6.97,0.23,499
C05085,reliable,21,21,0,0.5,0.81,499
C05086,occasionally_late,15,13,2,1.58,0.67,499
C05087,reliable,32,32,0,0.65,0.77,499
C05088,churn_risk,4,3,1,8.84,0.2,499
C05089,reliable,22,18,4,0.56,0.97,499
C05090,churn_risk,5,1,4,8.96,0.26,499
C05091,churn_risk,4,2,2,9.49,0.14,499
C05092,reliable,18,17,1,0.58,0.81,499
C05093,occasionally_late,14,13,1,1.42,0.53,499
C05094,frequent_failure,10,7,3,7.21,0.4,499
C05095,reliable,31,31,0,0.28,0.89,499
C05096,frequent_failure,18,15,3,5.94,0.36,499
C05097,reliable,19,18,1,0.34,0.8,499
C05098,reliable,15,14,1,0.24,0.72,499
C05099,churn_risk,5,3,2,7.68,0.13,499
C05100,frequent_failure,17,8,9,7.14,0.49,499
C05101,occasionally_late,17,12,5,3.27,0.51,499
C05102,occasionally_late,16,13,3,3.15,0.76,499
C05103,frequent_failure,14,12,2,3.35,0.4,499
C05104,reliable,12,11,1,0.64,0.82,499
C05105,occasionally_late,10,8,2,3.14,0.76,499
C05106,churn_risk,7,3,4,8.03,0.18,499
C05107,churn_risk,8,4,4,14.43,0.22,499
C05108,reliable,34,33,1,0.38,0.84,499
C05109,reliable,21,20,1,0.33,0.78,499
C05110,reliable,33,32,1,0.77,0.85,499
C05111,churn_risk,11,4,7,6.84,0.26,499
C05112,occasionally_late,21,18,3,2.45,0.6,499
C05113,reliable,30,30,0,0.34,0.76,499
C05114,occasionally_late,11,8,3,1.92,0.48,499
C05115,occasionally_late,21,20,1,3.27,0.65,499
C05116,frequent_failure,9,8,1,7.29,0.16,499
C05117,frequent_failure,9,6,3,6.07,0.48,499
C05118,occasionally_late,6,5,1,1.45,0.72,499
C05119,frequent_failure,18,14,4,3.35,0.36,499
C05120,churn_risk,9,5,4,7.1,0.05,499
C05121,frequent_failure,13,10,3,5.23,0.19,499
C05122,reliable,32,31,1,0.12,0.91,499
C05123,reliable,29,26,3,0.97,0.74,499
C05124,occasionally_late,20,18,2,2.58,0.69,499
C05125,occasionally_late,6,4,2,2.68,0.69,499
C05126,frequent_failure,7,5,2,4.13,0.18,499
C05127,frequent_failure,6,4,2,4.22,0.41,499
C05128,reliable,30,29,1,0.45,0.92,499
C05129,churn_risk,8,4,4,13.13,0.14,499
C05130,occasionally_late,24,23,1,2.6,0.79,499
C05131,reliable,20,20,0,0.21,0.8,499
C05132,occasionally_late,15,14,1,1.15,0.71,499
C05133,occasionally_late,17,16,1,1.89,0.54,499
C05134,occasionally_late,15,14,1,1.97,0.5,499
C05135,occasionally_late,16,13,3,3.53,0.72,499
C05136,reliable,8,8,0,0.55,0.88,499
C05137,churn_risk,2,2,0,8.74,0.19,499
C05138,reliable,33,31,2,0.95,0.82,499
C05139,frequent_failure,17,8,9,7.69,0.3,499
C05140,reliable,32,32,0,0.31,0.86,499
C05141,frequent_failure,18,11,7,5.85,0.45,499
C05142,occasionally_late,17,14,3,2.2,0.46,499
C05143,reliable,11,11,0,0.29,0.71,499
C05144,reliable,27,27,0,0.79,0.91,499
C05145,reliable,29,29,0,0.94,0.78,499
C05146,reliable,19,19,0,0.07,0.87,499
C05147,reliable,11,11,0,0.83,0.76,499
C05148,occasionally_late,22,18,4,3.52,0.62,499
C05149,churn_risk,8,4,4,8.59,0.12,499
C05150,occasionally_late,10,9,1,1.06,0.62,499
C05151,churn_risk,10,7,3,13.36,0.1,499
C05152,reliable,21,20,1,0.37,0.73,499
C05153,reliable,27,25,2,0.54,0.97,499
C05154,reliable,31,30,1,0.13,0.72,499
C05155,reliable,17,17,0,0.12,0.84,499
C05156,reliable,35,35,0,0.67,0.89,499
C05157,occasionally_late,16,11,5,2.0,0.5,499
C05158,reliable,29,29,0,0.33,0.86,499
C05159,frequent_failure,16,12,4,5.71,0.25,499
C05160,reliable,7,7,0,0.76,0.83,499
C05161,reliable,31,31,0,0.31,0.9,499
C05162,reliable,6,5,1,0.77,0.91,499
C05163,occasionally_late,6,4,2,3.25,0.49,499
C05164,reliable,25,23,2,0.46,0.88,499
C05165,reliable,33,32,1,0.48,0.76,499
C05166,reliable,35,32,3,0.89,0.81,499
C05167,reliable,33,32,1,0.63,0.81,499
C05168,reliable,36,35,1,0.48,0.94,499
C05169,churn_risk,7,2,5,5.04,0.3,499
C05170,reliable,26,23,3,0.3,0.85,499
C05171,reliable,16,16,0,0.48,0.83,499
C05172,occasionally_late,21,19,2,2.94,0.67,499
C05173,reliable,6,6,0,0.09,0.83,499
C05174,churn_risk,9,5,4,10.57,0.07,499
C05175,frequent_failure,8,8,0,6.3,0.3,499
C05176,occasionally_late,21,18,3,2.59,0.56,499
C05177,occasionally_late,15,12,3,1.63,0.76,499
C05178,churn_risk,3,2,1,10.65,0.14,499
C05179,reliable,31,31,0,0.35,0.8,499
C05180,reliable,28,28,0,0.99,0.88,499
C05181,reliable,23,23,0,0.03,0.92,499
C05182,reliable,24,24,0,0.71,0.81,499
C05183,reliable,26,20,6,0.98,0.95,499
C05184,reliable,21,21,0,0.12,0.73,499
C05185,occasionally_late,13,12,1,3.47,0.71,499
C05186,occasionally_late,13,10,3,1.7,0.47,499
C05187,occasionally_late,15,14,1,2.3,0.61,499
C05188,reliable,21,21,0,0.43,0.73,499
C05189,frequent_failure,18,13,5,3.21,0.29,499
C05190,reliable,14,12,2,0.08,0.97,499
C05191,frequent_failure,7,4,3,5.48,0.27,499
C05192,occasionally_late,11,9,2,1.93,0.56,499
C05193,reliable,13,11,2,0.05,0.93,499
C05194,occasionally_late,17,15,2,3.88,0.79,499
C05195,occasionally_late,17,15,2,1.5,0.55,499
C05196,occasionally_late,8,7,1,3.23,0.65,499
C05197,reliable,16,15,1,0.33,0.9,499
C05198,reliable,20,20,0,0.15,0.91,499
C05199,reliable,23,23,0,0.15,0.99,499
C05200,churn_risk,3,2,1,10.17,0.21,499
C05201,reliable,12,11,1,0.44,0.83,499
C05202,frequent_failure,9,9,0,6.91,0.32,499
C05203,frequent_failure,9,6,3,4.39,0.24,499
C05204,occasionally_late,19,16,3,3.11,0.53,499
C05205,occasionally_late,17,15,2,1.51,0.46,499
C05206,reliable,33,30,3,0.25,0.85,499
C05207,reliable,16,15,1,0.49,0.95,499
C05208,occasionally_late,18,14,4,1.18,0.45,499
C05209,churn_risk,7,5,2,6.52,0.29,499
C05210,occasionally_late,18,16,2,2.74,0.56,499
C05211,reliable,16,15,1,0.85,0.92,499
C05212,reliable,6,6,0,0.75,0.85,499
C05213,reliable,9,9,0,0.28,0.8,499
C05214,occasionally_late,7,6,1,2.73,0.71,499
C05215,reliable,6,5,1,0.47,0.74,499
C05216,reliable,22,22,0,0.47,0.99,499
C05217,churn_risk,10,5,5,8.49,0.13,499
C05218,reliable,21,20,1,0.82,0.93,499
C05219,frequent_failure,15,12,3,7.48,0.28,499
C05220,reliable,10,9,1,0.6,0.85,499
C05221,reliable,7,7,0,0.98,0.84,499
C05222,frequent_failure,19,15,4,4.2,0.26,499
C05223,occasionally_late,4,4,0,3.7,0.49,499
C05224,reliable,36,36,0,0.94,0.83,499
C05225,churn_risk,5,3,2,14.15,0.29,499
C05226,reliable,30,29,1,0.39,0.88,499
C05227,reliable,34,33,1,0.62,0.98,499
C05228,occasionally_late,21,13,8,2.02,0.75,499
C05229,reliable,33,32,1,0.32,0.86,499
C05230,reliable,8,7,1,0.07,0.96,499
C05231,reliable,26,24,2,0.33,0.98,499
C05232,occasionally_late,7,6,1,1.99,0.54,499
C05233,reliable,26,25,1,0.87,0.98,499
C05234,frequent_failure,18,14,4,5.11,0.43,499
C05235,frequent_failure,4,2,2,7.15,0.29,499
C05236,frequent_failure,7,5,2,3.77,0.25,499
C05237,reliable,35,34,1,0.21,0.82,499
C05238,reliable,34,33,1,0.49,0.98,499
C05239,occasionally_late,10,8,2,3.7,0.46,499
C05240,reliable,15,14,1,0.64,0.73,499
C05241,frequent_failure,8,7,1,5.86,0.18,499
C05242,frequent_failure,10,8,2,6.9,0.47,499
C05243,frequent_failure,13,8,5,3.99,0.33,499
C05244,occasionally_late,11,10,1,2.69,0.65,499
C05245,reliable,35,34,1,0.65,0.78,499
C05246,occasionally_late,11,8,3,1.78,0.65,499
C05247,reliable,6,6,0,0.79,0.73,499
C05248,occasionally_late,8,7,1,3.7,0.63,499
C05249,churn_risk,5,3,2,6.39,0.26,499
C05250,churn_risk,6,4,2,6.37,0.2,499
C05251,reliable,8,8,0,0.57,0.71,499
C05252,frequent_failure,4,4,0,5.75,0.5,499
C05253,reliable,31,29,2,0.49,0.98,499
C05254,reliable,13,12,1,0.67,0.94,499
C05255,occasionally_late,4,3,1,2.17,0.51,499
C05256,reliable,32,31,1,0.83,0.7,499
C05257,occasionally_late,18,17,1,1.68,0.54,499
C05258,churn_risk,8,3,5,13.39,0.19,499
C05259,reliable,36,35,1,0.75,0.76,499
C05260,reliable,13,13,0,0.73,0.88,499
C05261,occasionally_late,17,16,1,2.92,0.7,499
C05262,reliable,23,23,0,0.83,0.81,499
C05263,reliable,14,13,1,0.3,0.93,499
C05264,frequent_failure,12,6,6,5.57,0.49,499
C05265,churn_risk,11,5,6,7.61,0.13,499
C05266,frequent_failure,10,8,2,3.12,0.26,499
C05267,reliable,35,34,1,0.35,0.9,499
C05268,reliable,17,17,0,0.83,0.79,499
C05269,reliable,28,28,0,0.35,0.86,499
C05270,occasionally_late,16,14,2,2.23,0.6,499
C05271,churn_risk,4,1,3,7.17,0.13,499
C05272,frequent_failure,8,7,1,5.54,0.24,499
C05273,reliable,31,30,1,0.89,0.8,499
C05274,occasionally_late,12,12,0,1.68,0.54,499
C05275,reliable,11,11,0,0.45,0.74,499
C05276,reliable,19,19,0,0.99,0.95,499
C05277,occasionally_late,4,3,1,1.73,0.48,499
C05278,reliable,32,30,2,0.98,0.94,499
C05279,reliable,25,23,2,0.4,0.99,499
C05280,frequent_failure,16,9,7,7.43,0.32,499
C05281,reliable,35,35,0,0.47,0.94,499
C05282,frequent_failure,5,4,1,3.38,0.32,499
C05283,occasionally_late,18,15,3,1.78,0.74,499
C05284,reliable,12,12,0,0.6,0.83,499
C05285,frequent_failure,11,6,5,6.24,0.27,499
C05286,reliable,6,6,0,0.11,0.74,499
C05287,reliable,28,24,4,0.18,0.78,499
C05288,reliable,29,28,1,0.03,0.85,499
C05289,reliable,28,28,0,0.91,0.97,499
C05290,reliable,19,19,0,0.52,0.71,499
C05291,reliable,20,20,0,0.08,0.98,499
C05292,reliable,24,22,2,0.28,0.76,499
C05293,occasionally_late,14,12,2,1.55,0.63,499
C05294,frequent_failure,5,4,1,6.15,0.17,499
C05295,frequent_failure,16,11,5,5.16,0.42,499
C05296,reliable,23,22,1,0.39,0.74,499
C05297,reliable,21,18,3,0.29,0.84,499
C05298,occasionally_late,18,15,3,2.89,0.48,499
C05299,reliable,6,6,0,0.95,0.87,499
C05300,reliable,12,12,0,0.02,0.82,499
C05301,occasionally_late,9,8,1,3.0,0.51,499
C05302,reliable,22,21,1,0.69,0.79,499
C05303,frequent_failure,11,9,2,3.76,0.24,499
C05304,churn_risk,6,3,3,7.91,0.29,499
C05305,reliable,8,7,1,0.52,0.81,499
C05306,reliable,8,7,1,0.63,0.73,499
C05307,occasionally_late,21,21,0,3.91,0.5,499
C05308,reliable,9,8,1,0.8,0.93,499
C05309,frequent_failure,6,3,3,6.83,0.35,499
C05310,reliable,36,35,1,0.46,1.0,499
C05311,reliable,28,28,0,0.58,0.94,499
C05312,reliable,10,10,0,0.21,0.94,499
C05313,reliable,8,8,0,0.98,0.74,499
C05314,reliable,19,18,1,0.93,0.72,499
C05315,occasionally_late,24,20,4,3.41,0.77,499
C05316,reliable,28,26,2,0.03,0.9,499
C05317,churn_risk,3,2,1,11.85,0.12,499
C05318,churn_risk,8,4,4,13.4,0.29,499
C05319,reliable,29,28,1,0.12,0.72,499
C05320,reliable,15,15,0,0.29,0.96,499
C05321,occasionally_late,8,8,0,1.25,0.64,499
C05322,reliable,20,18,2,0.53,0.89,499
C05323,churn_risk,8,4,4,13.6,0.25,499
C05324,reliable,18,15,3,0.89,0.99,499
C05325,frequent_failure,12,5,7,4.36,0.47,499
C05326,churn_risk,5,2,3,14.51,0.13,499
C05327,occasionally_late,10,7,3,3.36,0.75,499
C05328,churn_risk,4,1,3,13.39,0.1,499
C05329,frequent_failure,8,5,3,5.37,0.23,499
C05330,churn_risk,3,3,0,6.55,0.19,499
C05331,frequent_failure,11,8,3,5.07,0.26,499
C05332,reliable,24,24,0,0.41,0.8,499
C05333,occasionally_late,12,11,1,1.72,0.46,499
C05334,reliable,9,9,0,0.4,0.72,499
C05335,frequent_failure,6,3,3,6.78,0.27,499
C05336,churn_risk,11,7,4,10.22,0.23,499
C05337,frequent_failure,16,15,1,7.23,0.24,499
C05338,occasionally_late,20,18,2,2.46,0.51,499
C05339,reliable,23,23,0,0.57,0.86,499
C05340,reliable,13,13,0,0.4,0.89,499
C05341,reliable,14,13,1,0.49,0.8,499
C05342,occasionally_late,20,18,2,3.66,0.47,499
C05343,reliable,7,7,0,0.05,0.9,499
C05344,reliable,12,12,0,0.48,0.86,499
C05345,churn_risk,10,3,7,13.95,0.12,499
C05346,occasionally_late,18,15,3,3.03,0.65,499
C05347,occasionally_late,14,13,1,2.39,0.78,499
C05348,reliable,6,6,0,0.05,1.0,499
C05349,occasionally_late,13,11,2,2.52,0.53,499
C05350,reliable,24,24,0,0.6,0.71,499
C05351,reliable,25,25,0,0.03,0.88,499
C05352,reliable,30,30,0,0.56,0.75,499
C05353,frequent_failure,19,11,8,4.99,0.21,499
C05354,frequent_failure,18,15,3,3.24,0.36,499
C05355,reliable,11,10,1,0.22,0.79,499
C05356,reliable,12,12,0,0.55,0.86,499
C05357,churn_risk,2,1,1,11.19,0.06,499
C05358,reliable,19,18,1,0.04,1.0,499
C05359,reliable,31,31,0,0.27,0.97,499
C05360,churn_risk,2,1,1,14.48,0.29,499
C05361,occasionally_late,19,15,4,1.93,0.48,499
C05362,reliable,24,24,0,0.53,0.77,499
C05363,frequent_failure,8,7,1,5.43,0.33,499
C05364,occasionally_late,19,18,1,2.6,0.66,499
C05365,frequent_failure,6,4,2,7.11,0.22,499
C05366,reliable,14,13,1,0.54,0.8,499
C05367,occasionally_late,17,14,3,3.45,0.74,499
C05368,frequent_failure,11,8,3,7.19,0.35,499
C05369,reliable,7,6,1,0.12,0.75,499
C05370,churn_risk,4,3,1,7.19,0.26,499
C05371,churn_risk,3,2,1,14.23,0.29,499
C05372,frequent_failure,11,9,2,5.15,0.37,499
C05373,frequent_failure,12,11,1,3.52,0.45,499
C05374,reliable,32,31,1,0.07,0.71,499
C05375,frequent_failure,3,2,1,3.67,0.37,499
C05376,frequent_failure,19,16,3,7.08,0.43,499
C05377,occasionally_late,14,11,3,3.89,0.73,499
C05378,reliable,16,15,1,0.9,0.99,499
C05379,churn_risk,3,2,1,8.3,0.08,499
C05380,reliable,17,15,2,0.93,0.72,499
C05381,frequent_failure,10,7,3,5.99,0.37,499
C05382,reliable,31,29,2,0.06,0.81,499
C05383,occasionally_late,10,10,0,2.73,0.51,499
C05384,occasionally_late,17,16,1,2.58,0.56,499
C05385,reliable,16,16,0,0.32,0.8,499
C05386,reliable,31,31,0,0.01,0.78,499
C05387,churn_risk,3,2,1,13.5,0.26,499
C05388,occasionally_late,11,10,1,1.05,0.49,499
C05389,frequent_failure,15,9,6,6.86,0.27,499
C05390,reliable,13,13,0,0.92,0.93,499
C05391,reliable,28,27,1,0.15,0.72,499
C05392,occasionally_late,7,6,1,1.2,0.47,499
C05393,reliable,22,22,0,0.54,0.98,499
C05394,reliable,20,20,0,0.23,0.97,499
C05395,frequent_failure,9,7,2,7.46,0.44,499
C05396,churn_risk,5,4,1,14.63,0.06,499
C05397,reliable,9,8,1,0.72,0.94,499
C05398,occasionally_late,5,3,2,2.13,0.54,499
C05399,reliable,31,29,2,0.19,0.94,499
C05400,reliable,7,7,0,0.74,0.93,499
C05401,reliable,36,36,0,0.84,0.83,499
C05402,occasionally_late,13,10,3,1.1,0.66,499
C05403,frequent_failure,8,6,2,4.22,0.47,499
C05404,frequent_failure,19,16,3,7.07,0.4,499
C05405,churn_risk,1,0,1,11.02,0.23,499
C05406,reliable,17,17,0,0.79,0.75,499
C05407,reliable,29,28,1,0.5,0.96,499
C05408,occasionally_late,10,8,2,2.45,0.77,499
C05409,reliable,29,26,3,0.93,0.9,499
C05410,occasionally_late,11,8,3,1.83,0.53,499
C05411,churn_risk,3,0,3,7.67,0.18,499
C05412,frequent_failure,4,3,1,7.42,0.22,499
C05413,occasionally_late,17,14,3,3.72,0.73,499
C05414,occasionally_late,11,9,2,2.87,0.64,499
C05415,frequent_failure,8,8,0,4.47,0.5,499
C05416,occasionally_late,21,18,3,1.65,0.53,499
C05417,reliable,15,15,0,0.09,0.87,499
C05418,reliable,16,15,1,0.41,0.76,499
C05419,reliable,16,15,1,0.08,0.86,499
C05420,reliable,16,16,0,0.18,0.78,499
C05421,reliable,35,35,0,0.88,0.75,499
C05422,churn_risk,6,2,4,9.26,0.14,499
C05423,reliable,36,34,2,0.15,0.91,499
C05424,occasionally_late,14,12,2,3.5,0.75,499
C05425,frequent_failure,19,10,9,3.58,0.28,499
C05426,reliable,12,9,3,0.77,0.76,499
C05427,churn_risk,10,4,6,6.27,0.24,499
C05428,frequent_failure,17,10,7,4.03,0.33,499
C05429,reliable,22,21,1,0.76,0.87,499
C05430,reliable,11,11,0,0.67,0.75,499
C05431,frequent_failure,17,8,9,4.25,0.34,499
C05432,frequent_failure,9,7,2,6.65,0.26,499
C05433,occasionally_late,22,14,8,2.63,0.45,499
C05434,frequent_failure,3,3,0,3.55,0.45,499
C05435,reliable,14,14,0,0.52,0.85,499
C05436,reliable,9,7,2,0.48,0.73,499
C05437,reliable,12,11,1,0.1,0.76,499
C05438,occasionally_late,4,3,1,2.48,0.51,499
C05439,reliable,28,27,1,0.0,0.95,499
C05440,occasionally_late,4,4,0,1.54,0.72,499
C05441,reliable,6,6,0,0.38,0.92,499
C05442,churn_risk,10,4,6,14.49,0.19,499
C05443,frequent_failure,13,11,2,6.93,0.48,499
C05444,reliable,24,24,0,0.47,0.98,499
C05445,occasionally_late,17,16,1,1.17,0.63,499
C05446,churn_risk,3,2,1,6.56,0.23,499
C05447,occasionally_late,8,7,1,3.0,0.52,499
C05448,reliable,22,22,0,0.81,0.73,499
C05449,reliable,27,24,3,0.96,0.73,499
C05450,reliable,26,26,0,0.69,0.78,499
C05451,reliable,13,13,0,0.11,0.97,499
C05452,occasionally_late,4,3,1,3.79,0.5,499
C05453,reliable,27,27,0,0.77,0.84,499
C05454,reliable,20,20,0,0.26,0.81,499
C05455,reliable,12,10,2,0.05,0.93,499
C05456,reliable,13,12,1,0.34,0.9,499
C05457,occasionally_late,7,7,0,1.81,0.53,499
C05458,reliable,29,29,0,0.55,0.8,499
C05459,occasionally_late,15,14,1,2.52,0.49,499
C05460,churn_risk,6,2,4,9.76,0.22,499
C05461,frequent_failure,19,12,7,5.04,0.45,499
C05462,reliable,29,28,1,0.91,0.93,499
C05463,occasionally_late,5,4,1,1.45,0.68,499
C05464,frequent_failure,17,14,3,5.06,0.34,499
C05465,reliable,18,16,2,0.71,0.86,499
C05466,frequent_failure,3,1,2,5.3,0.4,499
C05467,reliable,20,18,2,0.55,0.99,499
C05468,reliable,10,9,1,0.29,0.78,499
C05469,reliable,19,19,0,0.52,1.0,499
C05470,reliable,14,14,0,0.04,0.85,499
C05471,occasionally_late,23,18,5,2.94,0.78,499
C05472,occasionally_late,12,9,3,3.62,0.7,499
C05473,reliable,6,6,0,0.85,0.72,499
C05474,occasionally_late,13,12,1,1.79,0.61,499
C05475,occasionally_late,5,4,1,1.43,0.76,499
C05476,reliable,7,7,0,0.23,0.73,499
C05477,reliable,6,6,0,0.67,0.83,499
C05478,reliable,17,15,2,0.88,0.98,499
C05479,frequent_failure,18,10,8,4.89,0.16,499
C05480,occasionally_late,14,11,3,2.86,0.54,499
C05481,reliable,18,17,1,0.5,0.71,499
C05482,occasionally_late,13,11,2,2.31,0.52,499
C05483,reliable,11,11,0,0.53,0.92,499
C05484,reliable,33,32,1,0.78,0.97,499
C05485,churn_risk,4,3,1,6.17,0.17,499
C05486,occasionally_late,15,10,5,3.07,0.53,499
C05487,occasionally_late,10,7,3,2.09,0.54,499
C05488,reliable,25,25,0,0.35,0.98,499
C05489,reliable,13,12,1,0.25,0.84,499
C05490,reliable,33,28,5,0.43,0.88,499
C05491,churn_risk,4,2,2,8.94,0.22,499
C05492,reliable,17,17,0,0.57,0.86,499
C05493,occasionally_late,8,8,0,2.8,0.57,499
C05494,frequent_failure,12,5,7,3.9,0.42,499
C05495,reliable,20,19,1,0.14,0.86,499
C05496,reliable,28,27,1,0.19,0.99,499
C05497,occasionally_late,13,11,2,2.96,0.52,499
C05498,reliable,31,29,2,0.98,0.84,499
C05499,frequent_failure,10,7,3,4.99,0.44,499
C05500,reliable,21,18,3,0.51,0.78,499
C05501,frequent_failure,16,11,5,6.25,0.36,499
C05502,reliable,17,17,0,0.14,0.95,499
C05503,frequent_failure,11,8,3,5.06,0.45,499
C05504,reliable,32,32,0,0.63,0.96,499
C05505,occasionally_late,4,3,1,2.65,0.49,499
C05506,frequent_failure,14,11,3,5.41,0.25,499
C05507,reliable,22,19,3,0.45,0.98,499
C05508,frequent_failure,19,17,2,7.16,0.38,499
C05509,reliable,35,30,5,0.86,0.75,499
C05510,occasionally_late,8,7,1,1.54,0.62,499
C05511,frequent_failure,14,9,5,7.35,0.24,499
C05512,reliable,19,19,0,0.98,0.88,499
C05513,reliable,33,33,0,0.1,0.88,499
C05514,occasionally_late,7,5,2,1.8,0.75,499
C05515,reliable,9,8,1,0.07,0.89,499
C05516,reliable,31,31,0,0.52,0.85,499
C05517,occasionally_late,4,4,0,2.15,0.59,499
C05518,reliable,17,17,0,0.35,0.93,499
C05519,reliable,30,28,2,0.35,0.8,499
C05520,reliable,33,32,1,0.42,0.79,499
C05521,occasionally_late,17,15,2,2.01,0.48,499
C05522,reliable,10,10,0,0.13,0.97,499
C05523,reliable,32,32,0,0.11,0.75,499
C05524,reliable,27,26,1,0.47,0.99,499
C05525,reliable,20,19,1,0.07,0.74,499
C05526,occasionally_late,21,19,2,2.84,0.52,499
C05527,reliable,6,6,0,0.31,0.86,499
C05528,frequent_failure,6,1,5,7.21,0.46,499
C05529,reliable,35,35,0,0.61,0.93,499
C05530,occasionally_late,19,18,1,2.96,0.48,499
C05531,reliable,21,21,0,0.01,0.74,499
C05532,reliable,14,14,0,0.66,0.97,499
C05533,reliable,33,32,1,0.41,0.8,499
C05534,occasionally_late,11,10,1,3.7,0.61,499
C05535,churn_risk,7,2,5,6.21,0.24,499
C05536,reliable,15,14,1,0.42,0.75,499
C05537,occasionally_late,17,16,1,3.69,0.79,499
C05538,reliable,25,24,1,0.15,0.94,499
C05539,reliable,6,5,1,0.27,0.89,499
C05540,reliable,11,11,0,0.19,0.79,499
C05541,reliable,13,13,0,0.95,0.75,499
C05542,occasionally_late,4,3,1,1.71,0.48,499
C05543,frequent_failure,16,12,4,4.32,0.27,499
C05544,reliable,32,31,1,0.26,0.85,499
C05545,reliable,24,24,0,0.58,0.82,499
C05546,reliable,30,27,3,0.83,0.94,499
C05547,reliable,6,5,1,0.31,0.73,499
C05548,frequent_failure,17,10,7,7.8,0.39,499
C05549,reliable,31,30,1,0.96,0.88,499
C05550,reliable,12,12,0,0.84,0.86,499
C05551,occasionally_late,18,15,3,1.79,0.67,499
C05552,occasionally_late,9,6,3,2.51,0.61,499
C05553,reliable,7,7,0,0.09,0.78,499
C05554,reliable,34,32,2,0.81,0.79,499
C05555,reliable,14,13,1,0.31,0.81,499
C05556,reliable,35,35,0,0.3,0.84,499
C05557,reliable,20,20,0,0.2,0.86,499
C05558,frequent_failure,16,10,6,7.23,0.47,499
C05559,frequent_failure,3,3,0,7.6,0.27,499
C05560,reliable,29,27,2,0.04,0.77,499
C05561,occasionally_late,11,9,2,2.27,0.47,499
C05562,occasionally_late,17,15,2,1.68,0.7,499
C05563,reliable,31,30,1,0.44,0.99,499
C05564,churn_risk,5,2,3,10.92,0.09,499
C05565,reliable,19,18,1,0.06,0.94,499
C05566,frequent_failure,9,8,1,7.06,0.32,499
C05567,reliable,14,13,1,0.91,0.9,499
C05568,reliable,22,19,3,0.25,0.82,499
C05569,reliable,34,33,1,0.85,0.87,499
C05570,reliable,20,19,1,0.11,0.84,499
C05571,occasionally_late,7,5,2,1.39,0.68,499
C05572,frequent_failure,11,7,4,7.28,0.4,499
C05573,occasionally_late,20,16,4,3.45,0.72,499
C05574,reliable,32,27,5,0.2,0.88,499
C05575,reliable,13,13,0,0.48,0.98,499
C05576,churn_risk,4,2,2,11.53,0.15,499
C05577,occasionally_late,24,24,0,2.38,0.54,499
C05578,reliable,12,12,0,0.15,0.99,499
C05579,reliable,24,22,2,0.86,0.85,499
C05580,reliable,8,8,0,0.52,0.91,499
C05581,occasionally_late,10,7,3,2.86,0.6,499
C05582,churn_risk,6,2,4,7.62,0.24,499
C05583,occasionally_late,24,18,6,3.15,0.79,499
C05584,frequent_failure,6,5,1,7.2,0.37,499
C05585,reliable,27,25,2,0.77,0.96,499
C05586,reliable,16,16,0,0.71,0.74,499
C05587,reliable,25,24,1,0.22,0.71,499
C05588,reliable,28,26,2,0.15,0.98,499
C05589,reliable,13,13,0,0.37,0.75,499
C05590,reliable,9,9,0,0.89,0.76,499
C05591,frequent_failure,8,6,2,3.71,0.4,499
C05592,frequent_failure,8,7,1,7.59,0.15,499
C05593,reliable,9,9,0,0.54,0.99,499
C05594,churn_risk,3,0,3,11.36,0.16,499
C05595,reliable,19,19,0,0.17,0.73,499
C05596,reliable,36,31,5,0.39,0.85,499
C05597,occasionally_late,22,20,2,1.16,0.52,499
C05598,reliable,9,9,0,0.38,0.99,499
C05599,occasionally_late,11,11,0,3.34,0.58,499
C05600,reliable,14,12,2,0.47,0.79,499
C05601,reliable,28,27,1,0.64,0.73,499
C05602,reliable,12,12,0,0.83,0.75,499
C05603,reliable,8,8,0,0.85,0.93,499
C05604,reliable,7,7,0,0.33,0.97,499
C05605,frequent_failure,19,12,7,6.07,0.4,499
C05606,frequent_failure,15,10,5,6.71,0.25,499
C05607,reliable,18,16,2,0.26,0.96,499
C05608,occasionally_late,17,10,7,3.53,0.74,499
C05609,reliable,12,11,1,0.38,0.76,499
C05610,churn_risk,10,2,8,12.36,0.08,499
C05611,reliable,27,25,2,0.3,0.82,499
C05612,reliable,6,6,0,0.84,0.83,499
C05613,occasionally_late,21,16,5,1.82,0.77,499
C05614,reliable,25,25,0,0.61,0.89,499
C05615,reliable,12,11,1,0.18,0.98,499
C05616,reliable,22,19,3,0.99,1.0,499
C05617,occasionally_late,5,4,1,2.63,0.79,499
C05618,reliable,10,8,2,0.37,0.85,499
C05619,occasionally_late,20,18,2,3.58,0.76,499
C05620,reliable,14,14,0,0.44,0.82,499
C05621,occasionally_late,14,12,2,2.89,0.56,499
C05622,reliable,16,14,2,0.1,0.76,499
C05623,reliable,19,18,1,0.72,0.75,499
C05624,occasionally_late,21,19,2,3.17,0.72,499
C05625,frequent_failure,14,7,7,3.34,0.27,499
C05626,frequent_failure,9,6,3,5.12,0.16,499
C05627,reliable,14,13,1,0.4,0.9,499
C05628,reliable,14,13,1,0.15,0.71,499
C05629,reliable,18,16,2,0.97,0.76,499
C05630,churn_risk,10,7,3,5.7,0.05,499
C05631,reliable,36,36,0,0.45,0.8,499
C05632,occasionally_late,13,12,1,1.4,0.76,499
C05633,reliable,7,6,1,0.32,0.7,499
C05634,frequent_failure,10,7,3,3.9,0.37,499
C05635,occasionally_late,5,5,0,3.68,0.68,499
C05636,reliable,17,17,0,0.01,0.7,499
C05637,reliable,32,31,1,0.57,0.89,499
C05638,reliable,27,26,1,0.67,0.91,499
C05639,reliable,36,36,0,0.94,0.84,499
C05640,reliable,12,10,2,0.21,0.95,499
C05641,reliable,7,6,1,0.39,0.73,499
C05642,reliable,10,9,1,0.01,0.88,499
C05643,frequent_failure,9,7,2,6.49,0.18,499
C05644,occasionally_late,20,17,3,3.63,0.57,499
C05645,churn_risk,2,2,0,12.44,0.14,499
C05646,reliable,30,29,1,0.62,0.93,499
C05647,frequent_failure,7,5,2,5.71,0.19,499
C05648,frequent_failure,8,6,2,3.34,0.38,499
C05649,occasionally_late,10,7,3,3.26,0.61,499
C05650,reliable,18,18,0,0.73,0.77,499
C05651,churn_risk,4,0,4,14.46,0.22,499
C05652,frequent_failure,9,7,2,7.28,0.41,499
C05653,churn_risk,10,5,5,11.26,0.24,499
C05654,frequent_failure,11,8,3,4.56,0.22,499
C05655,churn_risk,8,6,2,13.39,0.24,499
C05656,reliable,28,27,1,0.35,0.91,499
C05657,reliable,23,20,3,0.71,0.99,499
C05658,reliable,11,10,1,0.03,0.99,499
C05659,reliable,8,8,0,1.0,0.7,499
C05660,reliable,23,21,2,0.54,0.84,499
C05661,reliable,20,16,4,0.95,0.82,499
C05662,occasionally_late,20,18,2,2.27,0.8,499
C05663,occasionally_late,22,19,3,1.2,0.73,499
C05664,reliable,24,21,3,0.85,0.82,499
C05665,frequent_failure,4,3,1,5.07,0.38,499
C05666,reliable,28,25,3,0.59,0.87,499
C05667,churn_risk,10,8,2,11.66,0.09,499
C05668,occasionally_late,15,14,1,2.42,0.75,499
C05669,reliable,21,20,1,0.95,0.79,499
C05670,reliable,17,16,1,0.22,0.83,499
C05671,reliable,19,18,1,0.41,0.81,499
C05672,occasionally_late,6,5,1,3.05,0.73,499
C05673,frequent_failure,6,5,1,5.66,0.21,499
C05674,reliable,8,8,0,0.08,0.83,499
C05675,occasionally_late,22,21,1,1.46,0.8,499
C05676,reliable,33,33,0,0.39,0.82,499
C05677,reliable,11,11,0,0.49,0.84,499
C05678,frequent_failure,18,11,7,5.14,0.31,499
C05679,reliable,35,34,1,0.22,0.78,499
C05680,reliable,13,13,0,0.26,0.73,499
C05681,reliable,13,12,1,0.12,0.9,499
C05682,occasionally_late,20,19,1,1.72,0.8,499
C05683,reliable,12,12,0,0.12,0.82,499
C05684,reliable,18,17,1,0.41,0.77,499
C05685,occasionally_late,7,7,0,1.8,0.48,499
C05686,frequent_failure,14,13,1,6.34,0.48,499
C05687,occasionally_late,24,22,2,1.26,0.68,499
C05688,frequent_failure,3,2,1,6.6,0.37,499
C05689,occasionally_late,18,17,1,1.93,0.7,499
C05690,occasionally_late,16,14,2,2.09,0.48,499
C05691,occasionally_late,22,20,2,3.46,0.46,499
C05692,frequent_failure,15,15,0,6.33,0.49,499
C05693,churn_risk,8,2,6,7.23,0.06,499
C05694,reliable,20,20,0,0.43,0.79,499
C05695,occasionally_late,19,14,5,3.78,0.52,499
C05696,occasionally_late,7,7,0,2.55,0.56,499
C05697,reliable,33,32,1,0.27,0.82,499
C05698,occasionally_late,7,6,1,3.9,0.55,499
C05699,reliable,36,36,0,0.66,0.84,499
C05700,churn_risk,1,0,1,14.13,0.22,499
C05701,reliable,24,22,2,0.9,0.75,499
C05702,churn_risk,2,1,1,6.41,0.14,499
C05703,reliable,33,32,1,0.8,1.0,499
C05704,occasionally_late,10,9,1,2.08,0.48,499
C05705,reliable,7,7,0,0.06,0.9,499
C05706,reliable,24,23,1,0.5,0.72,499
C05707,reliable,35,34,1,0.01,0.91,499
C05708,churn_risk,5,3,2,13.05,0.23,499
C05709,occasionally_late,5,4,1,2.17,0.7,499
C05710,occasionally_late,15,12,3,3.06,0.69,499
C05711,occasionally_late,22,19,3,2.24,0.49,499
C05712,reliable,21,21,0,0.3,0.74,499
C05713,reliable,18,18,0,0.49,0.86,499
C05714,occasionally_late,4,3,1,2.82,0.48,499
C05715,occasionally_late,19,14,5,2.64,0.77,499
C05716,churn_risk,8,3,5,6.06,0.13,499
C05717,reliable,18,18,0,0.34,0.91,499
C05718,reliable,15,13,2,0.19,0.88,499
C05719,reliable,20,19,1,0.1,0.88,499
C05720,reliable,11,10,1,0.35,0.94,499
C05721,reliable,33,32,1,0.24,0.85,499
C05722,reliable,6,6,0,0.98,0.78,499
C05723,occasionally_late,5,5,0,1.72,0.63,499
C05724,reliable,33,32,1,0.89,0.97,499
C05725,occasionally_late,15,10,5,3.2,0.52,499
C05726,occasionally_late,10,9,1,3.61,0.68,499
C05727,frequent_failure,10,6,4,4.27,0.44,499
C05728,frequent_failure,17,10,7,7.92,0.36,499
C05729,occasionally_late,15,13,2,1.76,0.77,499
C05730,churn_risk,1,1,0,10.78,0.25,499
C05731,reliable,11,10,1,0.11,0.92,499
C05732,reliable,10,10,0,0.65,0.95,499
C05733,occasionally_late,15,11,4,3.04,0.5,499
C05734,reliable,12,12,0,0.95,0.77,499
C05735,reliable,34,34,0,0.23,0.95,499
C05736,reliable,36,34,2,0.8,0.89,499
C05737,occasionally_late,12,10,2,1.03,0.72,499
C05738,frequent_failure,16,13,3,3.16,0.35,499
C05739,frequent_failure,16,12,4,6.4,0.2,499
C05740,reliable,11,10,1,0.12,0.72,499
C05741,frequent_failure,17,13,4,5.06,0.4,499
C05742,reliable,36,36,0,0.58,0.97,499
C05743,occasionally_late,14,12,2,1.78,0.75,499
C05744,reliable,10,10,0,0.06,0.9,499
C05745,reliable,13,13,0,0.13,0.87,499
C05746,reliable,9,9,0,0.62,0.76,499
C05747,churn_risk,1,1,0,5.21,0.22,499
C05748,occasionally_late,22,21,1,1.55,0.53,499
C05749,frequent_failure,8,6,2,3.09,0.43,499
C05750,reliable,25,24,1,0.02,0.81,499
C05751,reliable,22,22,0,0.31,0.97,499
C05752,frequent_failure,4,2,2,6.72,0.45,499
C05753,reliable,35,33,2,0.21,0.91,499
C05754,reliable,35,30,5,0.01,0.89,499
C05755,reliable,16,16,0,0.61,0.83,499
C05756,occasionally_late,5,4,1,1.21,0.77,499
C05757,reliable,7,6,1,0.25,0.72,499
C05758,reliable,21,21,0,0.14,0.85,499
C05759,occasionally_late,19,15,4,2.37,0.65,499
C05760,reliable,22,21,1,0.91,0.81,499
C05761,reliable,11,11,0,0.14,0.85,499
C05762,churn_risk,10,5,5,13.89,0.29,499
C05763,reliable,7,7,0,0.4,0.98,499
C05764,reliable,29,28,1,0.71,0.81,499
C05765,churn_risk,7,4,3,6.73,0.08,499
C05766,frequent_failure,15,13,2,4.34,0.36,499
C05767,frequent_failure,15,10,5,5.66,0.37,499
C05768,reliable,23,23,0,0.02,0.87,499
C05769,occasionally_late,18,14,4,2.38,0.45,499
C05770,occasionally_late,19,15,4,1.97,0.5,499
C05771,reliable,15,15,0,0.94,0.84,499
C05772,frequent_failure,14,12,2,5.13,0.22,499
C05773,occasionally_late,15,12,3,1.87,0.65,499
C05774,reliable,28,28,0,0.22,0.89,499
C05775,occasionally_late,9,9,0,2.18,0.74,499
C05776,reliable,16,16,0,0.94,0.79,499
C05777,occasionally_late,19,15,4,2.68,0.5,499
C05778,reliable,25,23,2,1.0,0.93,499
C05779,reliable,13,13,0,0.71,0.89,499
C05780,reliable,15,14,1,0.4,0.75,499
C05781,churn_risk,10,8,2,8.91,0.28,499
C05782,reliable,18,17,1,0.41,1.0,499
C05783,reliable,36,36,0,0.51,0.85,499
C05784,occasionally_late,14,14,0,3.1,0.55,499
C05785,frequent_failure,7,5,2,6.7,0.45,499
C05786,reliable,33,32,1,0.04,0.76,499
C05787,reliable,35,33,2,0.69,0.77,499
C05788,reliable,12,12,0,0.26,0.73,499
C05789,reliable,7,7,0,0.92,0.89,499
C05790,occasionally_late,11,10,1,3.5,0.68,499
C05791,churn_risk,1,1,0,14.01,0.27,499
C05792,occasionally_late,15,13,2,3.55,0.46,499
C05793,reliable,33,32,1,0.45,0.99,499
C05794,occasionally_late,16,14,2,1.97,0.49,499
C05795,frequent_failure,12,9,3,3.03,0.2,499
C05796,churn_risk,10,5,5,10.83,0.17,499
C05797,reliable,10,10,0,0.19,0.88,499
C05798,occasionally_late,8,8,0,3.39,0.51,499
C05799,reliable,29,29,0,0.44,0.78,499
C05800,occasionally_late,14,13,1,3.85,0.52,499
C05801,frequent_failure,11,10,1,3.27,0.21,499
C05802,occasionally_late,5,4,1,3.15,0.58,499
C05803,frequent_failure,8,8,0,4.74,0.4,499
C05804,occasionally_late,24,20,4,2.96,0.49,499
C05805,reliable,32,30,2,0.55,0.98,499
C05806,reliable,6,5,1,0.94,0.94,499
C05807,churn_risk,10,8,2,11.54,0.1,499
C05808,reliable,31,31,0,0.42,0.82,499
C05809,frequent_failure,5,3,2,3.76,0.21,499
C05810,occasionally_late,12,11,1,2.39,0.61,499
C05811,reliable,14,14,0,0.68,0.76,499
C05812,frequent_failure,16,13,3,5.87,0.29,499
C05813,reliable,14,14,0,0.86,0.83,499
C05814,reliable,15,14,1,0.32,0.81,499
C05815,reliable,11,11,0,0.33,0.9,499
C05816,occasionally_late,24,19,5,1.23,0.58,499
C05817,occasionally_late,9,8,1,1.19,0.7,499
C05818,reliable,7,7,0,0.8,0.9,499
C05819,reliable,13,10,3,0.19,0.87,499
C05820,occasionally_late,6,4,2,3.49,0.75,499
C05821,reliable,26,24,2,0.95,0.85,499
C05822,occasionally_late,5,4,1,1.87,0.78,499
C05823,reliable,25,22,3,0.04,0.83,499
C05824,churn_risk,4,1,3,14.63,0.13,499
C05825,reliable,9,8,1,0.77,0.92,499
C05826,reliable,28,27,1,0.62,0.86,499
C05827,occasionally_late,12,11,1,2.58,0.57,499
C05828,occasionally_late,6,5,1,1.2,0.72,499
C05829,occasionally_late,8,7,1,3.65,0.56,499
C05830,occasionally_late,4,4,0,1.54,0.55,499
C05831,frequent_failure,3,2,1,6.79,0.46,499
C05832,reliable,13,13,0,0.21,0.85,499
C05833,churn_risk,6,3,3,14.59,0.13,499
C05834,reliable,19,19,0,0.78,0.83,499
C05835,frequent_failure,16,7,9,3.6,0.38,499
C05836,reliable,24,22,2,0.21,0.78,499
C05837,frequent_failure,11,8,3,7.78,0.19,499
C05838,occasionally_late,12,10,2,3.33,0.71,499
C05839,reliable,30,29,1,0.91,0.72,499
C05840,occasionally_late,11,11,0,3.12,0.51,499
C05841,churn_risk,9,4,5,6.63,0.13,499
C05842,frequent_failure,12,7,5,3.62,0.32,499
C05843,reliable,19,17,2,0.66,0.83,499
C05844,reliable,17,16,1,0.88,0.83,499
C05845,frequent_failure,16,12,4,4.93,0.21,499
C05846,reliable,30,29,1,0.82,0.82,499
C05847,occasionally_late,18,16,2,1.16,0.64,499
C05848,reliable,22,22,0,0.12,0.84,499
C05849,churn_risk,4,3,1,14.55,0.06,499
C05850,reliable,27,25,2,0.32,0.88,499
C05851,occasionally_late,19,16,3,1.52,0.51,499
C05852,frequent_failure,13,10,3,4.53,0.24,499
C05853,occasionally_late,9,9,0,3.76,0.78,499
C05854,occasionally_late,9,8,1,3.67,0.63,499
C05855,reliable,18,18,0,0.63,0.7,499
C05856,reliable,11,10,1,0.11,0.86,499
C05857,reliable,17,16,1,0.69,0.86,499
C05858,reliable,33,33,0,0.26,0.95,499
C05859,frequent_failure,5,2,3,5.97,0.34,499
C05860,occasionally_late,9,8,1,3.73,0.58,499
C05861,occasionally_late,11,10,1,3.98,0.51,499
C05862,reliable,23,23,0,0.82,0.88,499
C05863,reliable,13,12,1,0.73,0.7,499
C05864,reliable,14,14,0,0.16,0.86,499
C05865,reliable,13,13,0,0.57,0.77,499
C05866,reliable,34,32,2,0.62,0.91,499
C05867,reliable,9,9,0,0.59,0.99,499
C05868,reliable,10,7,3,0.21,0.89,499
C05869,reliable,23,22,1,0.99,0.73,499
C05870,occasionally_late,9,8,1,1.82,0.77,499
C05871,churn_risk,8,3,5,7.13,0.25,499
C05872,reliable,16,15,1,0.59,0.82,499
C05873,occasionally_late,4,3,1,2.34,0.56,499
C05874,occasionally_late,21,18,3,2.78,0.65,499
C05875,reliable,16,16,0,0.29,0.81,499
C05876,reliable,14,14,0,0.33,0.74,499
C05877,reliable,31,30,1,0.58,0.87,499
C05878,churn_risk,6,2,4,6.94,0.28,499
C05879,occasionally_late,22,21,1,2.37,0.75,499
C05880,reliable,24,24,0,0.72,0.79,499
C05881,occasionally_late,13,12,1,3.24,0.78,499
C05882,reliable,34,29,5,0.12,0.88,499
C05883,occasionally_late,15,12,3,1.08,0.54,499
C05884,occasionally_late,14,13,1,2.12,0.7,499
C05885,reliable,15,15,0,0.33,0.75,499
C05886,reliable,27,26,1,0.75,0.92,499
C05887,occasionally_late,10,8,2,3.93,0.48,499
C05888,occasionally_late,8,8,0,1.21,0.56,499
C05889,frequent_failure,14,11,3,5.73,0.16,499
C05890,occasionally_late,15,14,1,2.8,0.56,499
C05891,occasionally_late,6,6,0,2.15,0.53,499
C05892,occasionally_late,15,13,2,2.46,0.47,499
C05893,occasionally_late,4,3,1,1.91,0.62,499
C05894,occasionally_late,10,9,1,2.76,0.52,499
C05895,occasionally_late,19,15,4,3.58,0.47,499
C05896,occasionally_late,19,12,7,3.61,0.5,499
C05897,churn_risk,3,2,1,5.78,0.23,499
C05898,reliable,16,16,0,0.56,1.0,499
C05899,frequent_failure,15,11,4,4.99,0.38,499
C05900,churn_risk,11,8,3,13.49,0.25,499
C05901,occasionally_late,5,5,0,1.8,0.79,499
C05902,reliable,13,13,0,0.02,0.96,499
C05903,reliable,6,6,0,0.56,0.86,499
C05904,frequent_failure,11,8,3,7.4,0.38,499
C05905,reliable,27,26,1,0.3,0.96,499
C05906,reliable,11,10,1,0.18,0.98,499
C05907,reliable,15,15,0,1.0,0.94,499
C05908,occasionally_late,24,19,5,3.88,0.65,499
C05909,frequent_failure,7,4,3,6.4,0.3,499
C05910,occasionally_late,24,22,2,1.0,0.49,499
C05911,occasionally_late,12,12,0,2.9,0.48,499
C05912,occasionally_late,9,6,3,2.91,0.51,499
C05913,occasionally_late,10,9,1,2.72,0.76,499
C05914,occasionally_late,7,7,0,2.65,0.65,499
C05915,frequent_failure,10,9,1,7.91,0.19,499
C05916,frequent_failure,13,10,3,4.59,0.3,499
C05917,reliable,31,31,0,0.2,0.8,499
C05918,frequent_failure,12,6,6,4.65,0.15,499
C05919,reliable,20,20,0,0.43,0.97,499
C05920,occasionally_late,22,15,7,3.38,0.49,499
C05921,reliable,29,28,1,0.51,0.91,499
C05922,reliable,27,26,1,0.82,0.91,499
C05923,frequent_failure,15,7,8,4.69,0.23,499
C05924,occasionally_late,7,5,2,3.93,0.64,499
C05925,reliable,32,26,6,0.32,0.91,499
C05926,reliable,27,27,0,0.65,0.78,499
C05927,reliable,10,10,0,0.4,0.89,499
C05928,reliable,30,30,0,0.27,0.91,499
C05929,occasionally_late,11,8,3,1.26,0.52,499
C05930,reliable,27,26,1,0.38,0.81,499
C05931,occasionally_late,13,11,2,3.67,0.67,499
C05932,occasionally_late,5,4,1,1.15,0.76,499
C05933,frequent_failure,7,5,2,7.72,0.45,499
C05934,reliable,13,13,0,0.16,0.85,499
C05935,occasionally_late,11,10,1,3.36,0.69,499
C05936,occasionally_late,19,19,0,1.36,0.66,499
C05937,churn_risk,1,1,0,10.67,0.2,499
C05938,occasionally_late,8,8,0,1.87,0.6,499
C05939,frequent_failure,5,3,2,7.25,0.23,499
C05940,occasionally_late,16,14,2,1.68,0.8,499
C05941,occasionally_late,6,6,0,1.77,0.52,499
C05942,reliable,29,28,1,0.99,0.8,499
C05943,reliable,18,17,1,0.0,0.75,499
C05944,frequent_failure,4,4,0,5.54,0.47,499
C05945,frequent_failure,9,5,4,3.45,0.41,499
C05946,occasionally_late,13,12,1,2.92,0.72,499
C05947,reliable,11,10,1,0.15,0.89,499
C05948,reliable,7,7,0,0.37,0.98,499
C05949,occasionally_late,17,14,3,2.31,0.58,499
C05950,reliable,19,19,0,0.93,0.72,499
C05951,reliable,28,27,1,0.87,0.97,499
C05952,reliable,35,33,2,0.53,0.93,499
C05953,occasionally_late,6,4,2,1.32,0.52,499
C05954,occasionally_late,8,8,0,3.35,0.52,499
C05955,occasionally_late,23,22,1,2.01,0.72,499
C05956,frequent_failure,19,15,4,4.46,0.48,499
C05957,frequent_failure,17,10,7,7.67,0.46,499
C05958,reliable,9,9,0,0.49,0.71,499
C05959,occasionally_late,22,20,2,2.66,0.6,499
C05960,occasionally_late,24,18,6,1.0,0.56,499
C05961,reliable,8,8,0,0.28,0.8,499
C05962,reliable,17,15,2,0.02,0.71,499
C05963,reliable,12,11,1,0.35,0.79,499
C05964,occasionally_late,16,15,1,1.61,0.74,499
C05965,reliable,7,7,0,1.0,0.8,499
C05966,reliable,7,7,0,0.31,0.77,499
C05967,occasionally_late,24,21,3,2.91,0.47,499
C05968,occasionally_late,22,20,2,2.51,0.53,499
C05969,reliable,17,14,3,0.72,0.98,499
C05970,occasionally_late,5,5,0,2.47,0.71,499
C05971,frequent_failure,9,5,4,7.99,0.43,499
C05972,reliable,12,12,0,0.52,0.71,499
C05973,reliable,9,9,0,0.54,0.99,499
C05974,reliable,7,7,0,0.28,0.9,499
C05975,reliable,7,7,0,0.93,0.74,499
C05976,occasionally_late,20,16,4,2.6,0.47,499
C05977,reliable,11,10,1,0.13,0.83,499
C05978,occasionally_late,17,14,3,2.89,0.59,499
C05979,reliable,32,31,1,0.48,0.83,499
C05980,reliable,13,12,1,0.09,0.87,499
C05981,reliable,32,31,1,0.64,0.75,499
C05982,reliable,30,29,1,0.65,0.99,499
C05983,churn_risk,2,2,0,5.96,0.22,499
C05984,reliable,11,11,0,0.67,0.8,499
C05985,reliable,7,7,0,0.31,0.87,499
C05986,churn_risk,5,3,2,7.15,0.12,499
C05987,occasionally_late,16,13,3,1.13,0.6,499
C05988,occasionally_late,11,10,1,1.19,0.65,499
C05989,reliable,36,36,0,0.12,0.81,499
C05990,occasionally_late,21,16,5,3.0,0.55,499
C05991,occasionally_late,22,18,4,1.13,0.69,499
C05992,frequent_failure,13,10,3,5.68,0.23,499
C05993,reliable,24,20,4,0.37,0.71,499
C05994,reliable,11,10,1,0.99,0.94,499
C05995,reliable,30,30,0,0.66,0.9,499
C05996,occasionally_late,10,8,2,3.84,0.63,499
C05997,occasionally_late,9,9,0,2.08,0.55,499
C05998,churn_risk,8,6,2,14.54,0.1,499
C05999,frequent_failure,19,15,4,5.12,0.24,499
C06000,reliable,19,16,3,0.26,0.74,499
C06001,occasionally_late,7,6,1,1.49,0.59,499
C06002,reliable,24,24,0,0.42,0.7,499
C06003,reliable,13,13,0,0.04,0.82,499
C06004,occasionally_late,9,9,0,1.48,0.51,499
C06005,churn_risk,10,9,1,7.21,0.23,499
C06006,occasionally_late,8,7,1,2.51,0.69,499
C06007,churn_risk,9,4,5,9.26,0.18,499
C06008,reliable,25,24,1,0.78,0.93,499
C06009,frequent_failure,17,16,1,3.76,0.45,499
C06010,reliable,21,19,2,0.81,0.77,499
C06011,reliable,14,13,1,0.72,0.9,499
C06012,churn_risk,9,5,4,13.43,0.27,499
C06013,frequent_failure,16,12,4,7.59,0.2,499
C06014,reliable,36,36,0,0.77,0.74,499
C06015,occasionally_late,6,5,1,2.14,0.48,499
C06016,reliable,28,28,0,0.8,0.81,499
C06017,reliable,19,19,0,0.55,0.83,499
C06018,occasionally_late,15,14,1,1.32,0.71,499
C06019,frequent_failure,10,6,4,3.75,0.43,499
C06020,reliable,11,10,1,0.87,0.73,499
C06021,churn_risk,4,3,1,5.29,0.23,499
C06022,reliable,21,20,1,0.58,0.86,499
C06023,occasionally_late,14,12,2,2.62,0.78,499
C06024,occasionally_late,15,15,0,3.67,0.73,499
C06025,occasionally_late,18,16,2,2.69,0.52,499
C06026,reliable,9,8,1,0.94,0.94,499
C06027,reliable,27,26,1,0.52,0.98,499
C06028,reliable,21,18,3,0.59,0.76,499
C06029,occasionally_late,24,18,6,2.52,0.7,499
C06030,reliable,17,17,0,0.21,0.97,499
C06031,occasionally_late,13,8,5,2.85,0.6,499
C06032,reliable,6,6,0,0.91,0.93,499
C06033,churn_risk,1,1,0,8.43,0.16,499
C06034,reliable,32,30,2,0.24,0.93,499
C06035,reliable,31,29,2,0.92,0.95,499
C06036,reliable,14,14,0,0.22,0.88,499
C06037,reliable,17,16,1,0.56,0.73,499
C06038,churn_risk,1,0,1,7.31,0.1,499
C06039,occasionally_late,4,4,0,3.19,0.61,499
C06040,reliable,27,24,3,0.94,0.76,499
C06041,reliable,24,24,0,0.56,0.72,499
C06042,frequent_failure,11,9,2,3.78,0.42,499
C06043,churn_risk,4,3,1,10.01,0.1,499
C06044,reliable,9,9,0,0.43,0.97,499
C06045,reliable,16,16,0,0.73,0.73,499
C06046,frequent_failure,4,4,0,6.68,0.25,499
C06047,reliable,13,13,0,0.22,0.81,499
C06048,reliable,9,9,0,0.8,0.87,499
C06049,frequent_failure,5,3,2,7.43,0.2,499
C06050,reliable,17,17,0,0.74,0.87,499
C06051,reliable,19,18,1,0.87,0.97,499
C06052,reliable,23,23,0,0.39,0.82,499
C06053,churn_risk,1,1,0,6.74,0.26,499
C06054,reliable,36,35,1,0.5,0.95,499
C06055,frequent_failure,12,10,2,5.06,0.4,499
C06056,reliable,22,22,0,0.28,0.84,499
C06057,churn_risk,10,4,6,6.73,0.06,499
C06058,churn_risk,6,2,4,13.32,0.09,499
C06059,occasionally_late,22,18,4,1.8,0.47,499
C06060,occasionally_late,13,12,1,3.5,0.46,499
C06061,frequent_failure,13,9,4,4.74,0.46,499
C06062,occasionally_late,9,9,0,2.55,0.66,499
C06063,reliable,34,31,3,0.37,0.76,499
C06064,reliable,14,14,0,0.72,0.75,499
C06065,reliable,15,15,0,0.18,0.73,499
C06066,reliable,22,22,0,0.28,0.91,499
C06067,reliable,9,9,0,0.78,0.99,499
C06068,churn_risk,3,1,2,5.54,0.21,499
C06069,churn_risk,7,3,4,5.03,0.21,499
C06070,occasionally_late,20,18,2,1.61,0.7,499
C06071,reliable,24,24,0,0.11,0.73,499
C06072,frequent_failure,13,9,4,7.1,0.31,499
C06073,occasionally_late,10,10,0,3.86,0.68,499
C06074,occasionally_late,13,10,3,3.63,0.54,499
C06075,reliable,24,24,0,0.37,0.92,499
C06076,reliable,30,28,2,0.67,0.76,499
C06077,reliable,18,18,0,0.85,0.91,499
C06078,reliable,9,9,0,0.88,0.73,499
C06079,reliable,15,14,1,0.45,0.93,499
C06080,frequent_failure,6,5,1,3.4,0.25,499
C06081,reliable,28,28,0,0.93,0.73,499
C06082,churn_risk,3,2,1,5.28,0.28,499
C06083,frequent_failure,7,4,3,4.97,0.32,499
C06084,frequent_failure,13,8,5,4.18,0.41,499
C06085,reliable,16,16,0,0.12,0.71,499
C06086,reliable,14,14,0,0.65,0.84,499
C06087,reliable,20,20,0,0.16,0.82,499
C06088,occasionally_late,7,5,2,1.41,0.67,499
C06089,reliable,13,13,0,0.19,0.9,499
C06090,occasionally_late,4,2,2,1.24,0.49,499
C06091,occasionally_late,8,7,1,2.48,0.65,499
C06092,frequent_failure,9,6,3,6.07,0.23,499
C06093,occasionally_late,24,19,5,1.13,0.56,499
C06094,reliable,23,22,1,0.13,0.97,499
C06095,churn_risk,2,1,1,6.55,0.17,499
C06096,reliable,12,12,0,0.06,0.89,499
C06097,reliable,18,18,0,0.12,0.79,499
C06098,occasionally_late,19,15,4,2.97,0.48,499
C06099,occasionally_late,10,8,2,1.65,0.65,499
C06100,reliable,15,15,0,0.68,0.91,499
C06101,frequent_failure,10,8,2,7.23,0.41,499
C06102,frequent_failure,7,3,4,7.18,0.29,499
C06103,frequent_failure,10,7,3,4.91,0.22,499
C06104,reliable,34,32,2,0.34,0.94,499
C06105,reliable,22,21,1,0.8,0.97,499
C06106,churn_risk,5,1,4,5.36,0.3,499
C06107,reliable,25,24,1,0.21,0.74,499
C06108,occasionally_late,20,17,3,1.83,0.57,499
C06109,churn_risk,6,3,3,11.79,0.29,499
C06110,churn_risk,6,5,1,13.54,0.21,499
C06111,occasionally_late,19,19,0,2.67,0.77,499
C06112,occasionally_late,18,17,1,1.35,0.58,499
C06113,reliable,9,9,0,0.65,0.93,499
C06114,reliable,14,13,1,0.88,0.99,499
C06115,frequent_failure,18,13,5,6.13,0.49,499
C06116,churn_risk,3,1,2,11.8,0.28,499
C06117,occasionally_late,12,11,1,2.31,0.75,499
C06118,reliable,17,16,1,0.95,0.8,499
C06119,occasionally_late,16,14,2,1.33,0.58,499
C06120,reliable,34,33,1,0.02,0.81,499
C06121,churn_risk,10,2,8,7.56,0.21,499
C06122,occasionally_late,13,12,1,3.53,0.79,499
C06123,occasionally_late,4,4,0,1.81,0.76,499
C06124,reliable,28,28,0,0.47,0.79,499
C06125,churn_risk,6,3,3,13.08,0.19,499
C06126,reliable,30,27,3,0.22,0.81,499
C06127,frequent_failure,9,8,1,6.36,0.3,499
C06128,occasionally_late,23,20,3,2.52,0.62,499
C06129,reliable,6,6,0,0.08,0.85,499
C06130,frequent_failure,18,17,1,4.18,0.27,499
C06131,reliable,6,6,0,0.78,0.98,499
C06132,churn_risk,8,1,7,13.05,0.29,499
C06133,reliable,19,18,1,0.61,0.86,499
C06134,reliable,35,33,2,0.16,0.92,499
C06135,frequent_failure,3,3,0,6.72,0.33,499
C06136,reliable,27,26,1,0.52,0.75,499
C06137,reliable,21,21,0,0.29,0.97,499
C06138,occasionally_late,8,5,3,1.67,0.63,499
C06139,occasionally_late,6,6,0,2.74,0.62,499
C06140,churn_risk,2,2,0,6.23,0.23,499
C06141,reliable,20,18,2,0.45,0.86,499
C06142,reliable,22,22,0,0.74,0.77,499
C06143,reliable,15,15,0,0.26,0.9,499
C06144,reliable,7,7,0,0.71,0.83,499
C06145,frequent_failure,6,5,1,4.08,0.29,499
C06146,reliable,27,26,1,0.29,0.77,499
C06147,reliable,24,22,2,0.34,0.7,499
C06148,occasionally_late,18,16,2,3.35,0.46,499
C06149,occasionally_late,22,21,1,1.33,0.6,499
C06150,churn_risk,6,1,5,9.92,0.12,499
C06151,frequent_failure,15,9,6,7.93,0.27,499
C06152,churn_risk,10,2,8,8.78,0.12,499
C06153,occasionally_late,14,13,1,3.28,0.63,499
C06154,occasionally_late,22,19,3,2.49,0.71,499
C06155,reliable,36,33,3,0.94,0.9,499
C06156,frequent_failure,14,11,3,7.42,0.15,499
C06157,reliable,10,10,0,0.31,0.92,499
C06158,reliable,15,15,0,0.81,0.76,499
C06159,frequent_failure,5,3,2,4.58,0.23,499
C06160,churn_risk,9,2,7,10.11,0.29,499
C06161,reliable,18,15,3,0.11,0.77,499
C06162,reliable,19,17,2,0.38,0.75,499
C06163,frequent_failure,15,13,2,3.53,0.25,499
C06164,frequent_failure,7,4,3,5.38,0.33,499
C06165,occasionally_late,18,15,3,1.46,0.51,499
C06166,reliable,32,30,2,0.4,0.87,499
C06167,reliable,25,23,2,0.38,0.99,499
C06168,occasionally_late,16,11,5,3.1,0.61,499
C06169,frequent_failure,10,6,4,5.34,0.37,499
C06170,occasionally_late,8,4,4,2.66,0.62,499
C06171,reliable,36,31,5,0.7,0.76,499
C06172,reliable,12,11,1,0.63,0.9,499
C06173,frequent_failure,18,8,10,6.66,0.26,499
C06174,frequent_failure,18,15,3,4.57,0.27,499
C06175,occasionally_late,8,7,1,2.22,0.6,499
C06176,occasionally_late,9,9,0,1.04,0.55,499
C06177,reliable,15,14,1,0.29,0.78,499
C06178,reliable,29,25,4,0.96,1.0,499
C06179,occasionally_late,23,20,3,2.13,0.69,499
C06180,reliable,32,29,3,0.66,0.93,499
C06181,reliable,25,24,1,0.77,0.89,499
C06182,reliable,10,10,0,0.29,0.75,499
C06183,reliable,18,16,2,0.51,0.9,499
C06184,reliable,31,27,4,0.46,0.86,499
C06185,churn_risk,9,4,5,5.54,0.27,499
C06186,frequent_failure,8,5,3,7.71,0.3,499
C06187,occasionally_late,11,10,1,3.99,0.58,499
C06188,frequent_failure,8,8,0,3.64,0.33,499
C06189,occasionally_late,16,16,0,2.07,0.79,499
C06190,reliable,20,18,2,0.2,0.88,499
C06191,occasionally_late,17,14,3,1.17,0.52,499
C06192,reliable,29,27,2,0.64,0.84,499
C06193,frequent_failure,16,14,2,5.45,0.17,499
C06194,reliable,23,22,1,1.0,0.93,499
C06195,churn_risk,11,6,5,5.83,0.22,499
C06196,reliable,33,33,0,0.75,0.97,499
C06197,reliable,20,19,1,0.61,0.82,499
C06198,reliable,34,34,0,0.45,0.78,499
C06199,reliable,31,31,0,0.28,0.9,499
C06200,occasionally_late,7,6,1,1.04,0.57,499
C06201,occasionally_late,20,16,4,2.77,0.47,499
C06202,reliable,18,17,1,0.25,0.75,499
C06203,reliable,10,10,0,0.12,0.82,499
C06204,frequent_failure,10,8,2,6.69,0.45,499
C06205,reliable,10,10,0,0.79,0.91,499
C06206,reliable,28,27,1,0.48,0.72,499
C06207,occasionally_late,16,16,0,2.82,0.58,499
C06208,reliable,22,20,2,0.09,0.96,499
C06209,occasionally_late,19,17,2,3.48,0.54,499
C06210,frequent_failure,12,10,2,3.03,0.46,499
C06211,occasionally_late,22,17,5,2.66,0.65,499
C06212,reliable,27,25,2,0.84,0.91,499
C06213,reliable,29,29,0,0.19,0.98,499
C06214,occasionally_late,13,10,3,3.57,0.63,499
C06215,frequent_failure,11,8,3,7.45,0.19,499
C06216,reliable,33,32,1,0.33,0.78,499
C06217,frequent_failure,8,4,4,7.97,0.18,499
C06218,churn_risk,8,5,3,8.28,0.21,499
C06219,reliable,28,28,0,0.34,0.7,499
C06220,reliable,29,28,1,0.62,0.88,499
C06221,occasionally_late,22,17,5,2.06,0.55,499
C06222,occasionally_late,24,21,3,2.46,0.72,499
C06223,reliable,13,13,0,0.27,1.0,499
C06224,frequent_failure,18,11,7,6.85,0.37,499
C06225,reliable,31,29,2,0.81,0.86,499
C06226,churn_risk,3,1,2,12.58,0.19,499
C06227,reliable,15,15,0,0.65,0.99,499
C06228,churn_risk,8,5,3,11.17,0.09,499
C06229,occasionally_late,18,16,2,1.47,0.74,499
C06230,occasionally_late,22,22,0,2.21,0.74,499
C06231,reliable,14,13,1,0.15,0.74,499
C06232,occasionally_late,5,5,0,1.73,0.5,499
C06233,occasionally_late,9,8,1,2.76,0.63,499
C06234,reliable,17,16,1,0.83,0.83,499
C06235,reliable,17,16,1,0.11,0.87,499
C06236,churn_risk,1,1,0,9.82,0.13,499
C06237,reliable,9,9,0,0.74,0.91,499
C06238,churn_risk,4,3,1,11.24,0.12,499
C06239,occasionally_late,9,9,0,3.38,0.63,499
C06240,occasionally_late,15,15,0,2.77,0.51,499
C06241,reliable,25,25,0,0.95,0.77,499
C06242,occasionally_late,15,12,3,3.02,0.73,499
C06243,frequent_failure,17,12,5,7.49,0.39,499
C06244,reliable,21,20,1,0.11,0.92,499
C06245,reliable,19,19,0,0.2,0.89,499
C06246,churn_risk,11,7,4,14.39,0.07,499
C06247,occasionally_late,7,7,0,1.24,0.66,499
C06248,occasionally_late,24,16,8,1.4,0.61,499
C06249,frequent_failure,16,9,7,4.03,0.17,499
C06250,frequent_failure,14,12,2,3.74,0.17,499
C06251,frequent_failure,8,5,3,3.59,0.34,499
C06252,occasionally_late,15,13,2,2.44,0.8,499
C06253,frequent_failure,19,14,5,3.04,0.16,499
C06254,reliable,26,23,3,0.62,0.93,499
C06255,churn_risk,6,4,2,7.26,0.1,499
C06256,reliable,18,16,2,0.47,0.81,499
C06257,frequent_failure,8,7,1,4.73,0.17,499
C06258,occasionally_late,7,7,0,2.35,0.66,499
C06259,frequent_failure,6,3,3,6.12,0.22,499
C06260,occasionally_late,17,15,2,2.41,0.53,499
C06261,churn_risk,11,7,4,6.65,0.3,499
C06262,frequent_failure,18,12,6,7.8,0.18,499
C06263,churn_risk,4,2,2,9.49,0.26,499
C06264,frequent_failure,19,11,8,5.63,0.24,499
C06265,occasionally_late,22,18,4,1.71,0.69,499
C06266,occasionally_late,24,21,3,2.76,0.57,499
C06267,reliable,12,11,1,0.06,0.92,499
C06268,reliable,24,23,1,0.72,0.83,499
C06269,reliable,26,25,1,0.8,1.0,499
C06270,churn_risk,2,1,1,6.14,0.09,499
C06271,occasionally_late,16,14,2,3.95,0.51,499
C06272,occasionally_late,5,5,0,3.66,0.7,499
C06273,reliable,31,30,1,0.51,0.92,499
C06274,reliable,16,16,0,0.08,1.0,499
C06275,reliable,16,16,0,0.11,0.86,499
C06276,occasionally_late,6,5,1,3.04,0.64,499
C06277,reliable,21,20,1,0.49,0.94,499
C06278,reliable,14,14,0,0.5,0.87,499
C06279,reliable,22,22,0,0.26,0.97,499
C06280,frequent_failure,17,8,9,5.53,0.41,499
C06281,reliable,22,22,0,0.26,0.75,499
C06282,frequent_failure,15,8,7,4.88,0.42,499
C06283,occasionally_late,14,13,1,2.64,0.65,499
C06284,frequent_failure,4,4,0,6.75,0.25,499
C06285,reliable,27,23,4,0.98,0.72,499
C06286,reliable,31,31,0,0.9,0.99,499
C06287,reliable,10,8,2,0.13,0.84,499
C06288,reliable,36,35,1,0.51,0.75,499
C06289,churn_risk,9,4,5,12.89,0.24,499
C06290,occasionally_late,14,13,1,2.18,0.51,499
C06291,reliable,7,6,1,0.15,0.86,499
C06292,occasionally_late,16,14,2,3.02,0.78,499
C06293,reliable,9,9,0,0.8,0.77,499
C06294,reliable,22,20,2,0.1,0.98,499
C06295,reliable,18,18,0,0.43,0.78,499
C06296,occasionally_late,10,10,0,1.66,0.77,499
C06297,reliable,14,11,3,0.03,0.88,499
C06298,occasionally_late,11,10,1,2.13,0.77,499
C06299,reliable,36,34,2,0.78,0.9,499
C06300,occasionally_late,4,4,0,1.13,0.67,499
C06301,occasionally_late,14,11,3,1.49,0.48,499
C06302,reliable,25,23,2,0.0,0.79,499
C06303,reliable,6,5,1,0.18,0.98,499
C06304,occasionally_late,5,3,2,1.8,0.6,499
C06305,frequent_failure,13,13,0,4.74,0.22,499
C06306,reliable,21,21,0,0.65,0.74,499
C06307,reliable,36,35,1,0.06,0.88,499
C06308,reliable,30,27,3,0.9,0.85,499
C06309,reliable,26,26,0,0.77,0.99,499
C06310,reliable,34,32,2,0.17,0.74,499
C06311,occasionally_late,8,8,0,1.72,0.5,499
C06312,frequent_failure,16,5,11,4.67,0.37,499
C06313,reliable,35,35,0,0.86,0.8,499
C06314,reliable,8,8,0,0.57,0.7,499
C06315,reliable,17,16,1,0.58,0.91,499
C06316,reliable,21,20,1,0.66,0.81,499
C06317,reliable,35,31,4,0.56,0.7,499
C06318,reliable,31,31,0,0.29,0.94,499
C06319,reliable,28,25,3,0.34,0.87,499
C06320,occasionally_late,7,7,0,2.22,0.6,499
C06321,occasionally_late,24,19,5,1.89,0.46,499
C06322,occasionally_late,9,5,4,2.56,0.68,499
C06323,frequent_failure,5,4,1,6.8,0.19,499
C06324,occasionally_late,16,16,0,1.38,0.79,499
C06325,occasionally_late,9,9,0,2.47,0.59,499
C06326,frequent_failure,15,12,3,3.28,0.43,499
C06327,occasionally_late,11,9,2,1.42,0.49,499
C06328,frequent_failure,15,11,4,5.83,0.23,499
C06329,reliable,31,29,2,0.56,0.86,499
C06330,frequent_failure,10,6,4,4.89,0.45,499
C06331,reliable,17,16,1,0.7,0.99,499
C06332,occasionally_late,6,5,1,2.9,0.56,499
C06333,occasionally_late,10,10,0,1.96,0.61,499
C06334,reliable,33,33,0,0.08,0.88,499
C06335,occasionally_late,5,5,0,1.2,0.55,499
C06336,reliable,7,5,2,0.93,0.99,499
C06337,frequent_failure,18,13,5,4.54,0.49,499
C06338,occasionally_late,21,16,5,2.9,0.53,499
C06339,reliable,7,6,1,0.86,0.73,499
C06340,reliable,10,7,3,0.47,0.89,499
C06341,occasionally_late,20,16,4,3.58,0.47,499
C06342,reliable,15,15,0,0.07,0.71,499
C06343,reliable,24,23,1,0.98,0.71,499
C06344,reliable,27,27,0,0.38,0.77,499
C06345,reliable,31,31,0,0.0,0.96,499
C06346,reliable,17,15,2,0.82,0.88,499
C06347,occasionally_late,11,10,1,2.09,0.6,499
C06348,reliable,10,7,3,0.65,0.95,499
C06349,reliable,28,27,1,0.93,0.71,499
C06350,frequent_failure,11,7,4,4.51,0.44,499
C06351,frequent_failure,4,3,1,5.58,0.32,499
C06352,occasionally_late,18,16,2,3.08,0.53,499
C06353,reliable,6,5,1,0.16,0.85,499
C06354,reliable,6,6,0,0.78,0.96,499
C06355,reliable,8,5,3,1.0,0.84,499
C06356,occasionally_late,12,11,1,3.73,0.78,499
C06357,reliable,19,18,1,0.02,0.99,499
C06358,frequent_failure,9,8,1,6.37,0.46,499
C06359,reliable,27,26,1,0.53,0.92,499
C06360,frequent_failure,3,2,1,7.82,0.31,499
C06361,churn_risk,7,2,5,8.91,0.1,499
C06362,reliable,13,11,2,0.23,0.88,499
C06363,churn_risk,4,2,2,8.17,0.2,499
C06364,occasionally_late,5,5,0,2.37,0.68,499
C06365,frequent_failure,13,7,6,3.71,0.35,499
C06366,reliable,26,26,0,0.32,0.79,499
C06367,frequent_failure,6,4,2,7.43,0.3,499
C06368,frequent_failure,9,7,2,3.01,0.48,499
C06369,occasionally_late,23,21,2,2.37,0.7,499
C06370,frequent_failure,12,10,2,3.78,0.33,499
C06371,reliable,12,11,1,0.49,0.86,499
C06372,occasionally_late,7,5,2,3.91,0.46,499
C06373,reliable,9,9,0,0.64,0.94,499
C06374,occasionally_late,13,12,1,1.44,0.56,499
C06375,frequent_failure,13,9,4,3.02,0.3,499
C06376,occasionally_late,12,10,2,2.5,0.54,499
C06377,occasionally_late,10,10,0,1.0,0.66,499
C06378,reliable,16,16,0,0.95,0.73,499
C06379,churn_risk,2,1,1,8.0,0.16,499
C06380,occasionally_late,13,11,2,3.99,0.61,499
C06381,occasionally_late,11,8,3,2.21,0.69,499
C06382,frequent_failure,8,6,2,6.65,0.39,499
C06383,reliable,29,29,0,0.35,0.74,499
C06384,reliable,27,24,3,0.09,0.73,499
C06385,reliable,25,24,1,0.08,0.93,499
C06386,churn_risk,10,3,7,13.55,0.14,499
C06387,reliable,22,21,1,0.65,0.71,499
C06388,reliable,10,10,0,0.95,0.78,499
C06389,reliable,33,33,0,0.05,0.99,499
C06390,frequent_failure,6,3,3,7.94,0.45,499
C06391,occasionally_late,19,16,3,1.12,0.62,499
C06392,reliable,7,7,0,0.4,0.72,499
C06393,occasionally_late,9,7,2,3.69,0.64,499
C06394,reliable,31,29,2,0.86,1.0,499
C06395,occasionally_late,6,5,1,3.58,0.74,499
C06396,reliable,26,23,3,0.03,0.76,499
C06397,reliable,26,26,0,0.3,0.82,499
C06398,reliable,10,9,1,0.28,0.77,499
C06399,reliable,6,6,0,0.34,0.72,499
C06400,reliable,25,23,2,0.19,0.85,499
C06401,frequent_failure,15,8,7,3.18,0.32,499
C06402,occasionally_late,19,18,1,3.6,0.79,499
C06403,frequent_failure,3,3,0,5.7,0.41,499
C06404,reliable,20,19,1,0.85,0.89,499
C06405,churn_risk,10,4,6,13.02,0.24,499
C06406,reliable,31,27,4,0.83,0.87,499
C06407,frequent_failure,16,10,6,6.67,0.24,499
C06408,reliable,9,9,0,0.56,0.8,499
C06409,churn_risk,10,4,6,15.0,0.14,499
C06410,frequent_failure,6,5,1,4.44,0.19,499
C06411,churn_risk,9,4,5,6.69,0.19,499
C06412,reliable,9,8,1,0.11,0.81,499
C06413,reliable,29,29,0,0.47,0.93,499
C06414,reliable,34,33,1,0.59,0.74,499
C06415,churn_risk,1,0,1,14.65,0.08,499
C06416,reliable,30,30,0,0.65,0.74,499
C06417,churn_risk,7,4,3,8.27,0.21,499
C06418,occasionally_late,5,4,1,1.77,0.73,499
C06419,frequent_failure,18,10,8,7.95,0.38,499
C06420,reliable,17,17,0,0.98,0.82,499
C06421,reliable,35,34,1,0.26,0.89,499
C06422,reliable,36,35,1,0.66,0.78,499
C06423,occasionally_late,24,20,4,1.64,0.54,499
C06424,occasionally_late,18,17,1,2.36,0.73,499
C06425,reliable,27,22,5,0.33,0.78,499
C06426,frequent_failure,7,7,0,3.53,0.21,499
C06427,reliable,20,19,1,0.11,0.88,499
C06428,reliable,33,33,0,0.65,0.76,499
C06429,frequent_failure,9,7,2,5.76,0.24,499
C06430,reliable,13,13,0,0.31,0.84,499
C06431,reliable,15,14,1,0.24,0.85,499
C06432,reliable,18,18,0,0.21,0.79,499
C06433,churn_risk,1,1,0,12.12,0.25,499
C06434,reliable,34,33,1,0.15,0.83,499
C06435,occasionally_late,4,4,0,2.32,0.79,499
C06436,reliable,8,7,1,0.21,0.91,499
C06437,occasionally_late,18,15,3,4.0,0.67,499
C06438,frequent_failure,4,4,0,7.24,0.3,499
C06439,churn_risk,7,3,4,9.21,0.09,499
C06440,frequent_failure,3,3,0,6.21,0.42,499
C06441,occasionally_late,5,5,0,3.47,0.63,499
C06442,reliable,19,19,0,0.11,0.75,499
C06443,reliable,25,25,0,0.32,0.79,499
C06444,reliable,31,31,0,0.84,0.89,499
C06445,occasionally_late,11,9,2,3.71,0.53,499
C06446,occasionally_late,23,22,1,2.38,0.72,499
C06447,occasionally_late,23,20,3,1.72,0.6,499
C06448,reliable,35,34,1,0.56,0.77,499
C06449,reliable,30,25,5,0.06,0.85,499
C06450,reliable,31,30,1,0.17,0.8,499
C06451,reliable,28,27,1,0.92,0.74,499
C06452,frequent_failure,10,8,2,7.7,0.29,499
C06453,reliable,31,31,0,0.96,0.83,499
C06454,occasionally_late,7,6,1,3.91,0.72,499
C06455,frequent_failure,17,12,5,4.84,0.33,499
C06456,occasionally_late,8,7,1,2.27,0.78,499
C06457,occasionally_late,15,12,3,1.91,0.63,499
C06458,occasionally_late,6,5,1,3.27,0.54,499
C06459,reliable,11,11,0,0.53,0.8,499
C06460,occasionally_late,4,4,0,1.51,0.58,499
C06461,reliable,32,30,2,0.99,1.0,499
C06462,occasionally_late,9,9,0,3.23,0.78,499
C06463,reliable,28,26,2,0.41,0.86,499
C06464,reliable,16,16,0,0.48,0.96,499
C06465,churn_risk,2,0,2,14.49,0.29,499
C06466,frequent_failure,19,14,5,7.83,0.26,499
C06467,reliable,21,21,0,0.6,0.86,499
C06468,occasionally_late,21,18,3,3.27,0.68,499
C06469,reliable,23,23,0,0.09,0.91,499
C06470,occasionally_late,8,8,0,2.62,0.57,499
C06471,frequent_failure,13,8,5,5.93,0.43,499
C06472,reliable,32,30,2,0.73,0.79,499
C06473,occasionally_late,19,16,3,1.95,0.7,499
C06474,reliable,14,10,4,0.78,0.94,499
C06475,occasionally_late,6,6,0,1.57,0.47,499
C06476,reliable,10,10,0,0.39,0.89,499
C06477,reliable,34,34,0,0.49,0.87,499
C06478,reliable,9,9,0,0.36,0.93,499
C06479,frequent_failure,9,7,2,7.34,0.17,499
C06480,occasionally_late,13,10,3,1.82,0.45,499
C06481,reliable,33,33,0,0.06,0.78,499
C06482,reliable,29,29,0,0.58,0.92,499
C06483,occasionally_late,6,5,1,1.49,0.58,499
C06484,reliable,22,21,1,0.08,0.73,499
C06485,reliable,11,11,0,0.07,0.77,499
C06486,occasionally_late,23,20,3,2.1,0.72,499
C06487,reliable,27,25,2,0.51,0.75,499
C06488,occasionally_late,14,12,2,3.08,0.57,499
C06489,reliable,19,18,1,0.65,0.97,499
C06490,reliable,22,20,2,0.09,0.85,499
C06491,frequent_failure,9,9,0,6.27,0.41,499
C06492,reliable,29,29,0,0.31,0.92,499
C06493,reliable,34,28,6,0.21,0.76,499
C06494,occasionally_late,22,20,2,3.66,0.47,499
C06495,reliable,31,31,0,0.44,0.82,499
C06496,reliable,29,29,0,0.84,0.99,499
C06497,reliable,8,8,0,0.89,0.81,499
C06498,occasionally_late,11,10,1,3.06,0.57,499
C06499,reliable,10,10,0,0.61,0.75,499
C06500,reliable,8,8,0,0.87,0.87,499
C06501,churn_risk,3,2,1,13.68,0.22,499
C06502,churn_risk,6,4,2,5.84,0.22,499
C06503,reliable,25,25,0,0.66,0.86,499
C06504,reliable,16,14,2,0.2,0.93,499
C06505,reliable,28,28,0,0.04,0.76,499
C06506,occasionally_late,13,13,0,3.17,0.68,499
C06507,occasionally_late,23,20,3,1.37,0.62,499
C06508,reliable,10,10,0,0.78,0.99,499
C06509,churn_risk,9,2,7,11.9,0.28,499
C06510,frequent_failure,6,4,2,7.78,0.47,499
C06511,reliable,35,33,2,0.76,0.95,499
C06512,reliable,15,15,0,0.47,0.82,499
C06513,reliable,25,24,1,0.81,0.82,499
C06514,reliable,23,21,2,0.11,0.86,499
C06515,churn_risk,11,5,6,11.41,0.19,499
C06516,occasionally_late,12,11,1,2.61,0.76,499
C06517,reliable,29,28,1,0.89,0.89,499
C06518,frequent_failure,12,8,4,4.11,0.33,499
C06519,frequent_failure,3,3,0,5.03,0.23,499
C06520,frequent_failure,12,9,3,7.13,0.49,499
C06521,reliable,19,17,2,0.74,0.86,499
C06522,reliable,16,16,0,0.73,0.79,499
C06523,reliable,22,22,0,0.52,0.79,499
C06524,reliable,14,13,1,0.42,0.99,499
C06525,occasionally_late,8,7,1,3.73,0.77,499
C06526,reliable,34,28,6,0.05,0.97,499
C06527,occasionally_late,9,9,0,1.33,0.49,499
C06528,reliable,8,7,1,0.01,0.87,499
C06529,reliable,13,12,1,0.11,0.73,499
C06530,occasionally_late,22,19,3,3.7,0.53,499
C06531,reliable,19,17,2,0.77,0.97,499
C06532,occasionally_late,21,18,3,1.98,0.69,499
C06533,occasionally_late,8,8,0,3.96,0.66,499
C06534,reliable,30,27,3,0.8,0.88,499
C06535,occasionally_late,21,20,1,3.85,0.67,499
C06536,reliable,28,28,0,0.41,0.99,499
C06537,reliable,13,13,0,0.3,1.0,499
C06538,reliable,35,33,2,0.59,0.98,499
C06539,frequent_failure,19,11,8,5.59,0.28,499
C06540,reliable,11,11,0,0.79,0.87,499
C06541,reliable,23,21,2,0.45,0.94,499
C06542,reliable,34,32,2,0.51,0.94,499
C06543,frequent_failure,12,9,3,3.2,0.19,499
C06544,occasionally_late,12,8,4,3.54,0.45,499
C06545,frequent_failure,9,8,1,6.7,0.34,499
C06546,reliable,13,13,0,0.73,0.74,499
C06547,frequent_failure,8,4,4,7.13,0.36,499
C06548,reliable,29,29,0,0.08,1.0,499
C06549,reliable,17,17,0,0.86,0.75,499
C06550,reliable,32,32,0,0.65,0.97,499
C06551,occasionally_late,20,16,4,1.33,0.72,499
C06552,reliable,10,10,0,0.18,0.78,499
C06553,reliable,35,35,0,0.05,0.71,499
C06554,reliable,29,28,1,0.37,0.99,499
C06555,frequent_failure,4,4,0,3.96,0.45,499
C06556,reliable,11,9,2,0.05,0.7,499
C06557,reliable,28,25,3,0.96,0.71,499
C06558,reliable,9,9,0,0.13,0.96,499
C06559,reliable,32,31,1,0.69,0.84,499
C06560,reliable,35,32,3,0.85,0.92,499
C06561,churn_risk,9,5,4,12.92,0.12,499
C06562,occasionally_late,8,6,2,2.71,0.64,499
C06563,reliable,10,9,1,0.39,0.78,499
C06564,frequent_failure,12,7,5,5.17,0.26,499
C06565,churn_risk,4,4,0,11.36,0.23,499
C06566,reliable,30,29,1,0.39,0.89,499
C06567,frequent_failure,8,3,5,7.98,0.27,499
C06568,reliable,10,10,0,0.05,0.74,499
C06569,reliable,26,25,1,0.61,0.96,499
C06570,reliable,30,29,1,0.42,0.9,499
C06571,occasionally_late,4,4,0,1.72,0.68,499
C06572,reliable,17,17,0,0.02,0.85,499
C06573,occasionally_late,19,19,0,2.76,0.51,499
C06574,frequent_failure,17,11,6,7.39,0.4,499
C06575,occasionally_late,23,19,4,1.71,0.73,499
C06576,occasionally_late,23,19,4,3.78,0.47,499
C06577,reliable,16,14,2,0.88,0.75,499
C06578,reliable,35,34,1,0.1,0.87,499
C06579,occasionally_late,13,12,1,3.4,0.58,499
C06580,frequent_failure,5,5,0,5.33,0.4,499
C06581,reliable,11,11,0,0.3,0.89,499
C06582,churn_risk,10,4,6,9.88,0.27,499
C06583,reliable,19,18,1,0.07,0.88,499
C06584,reliable,17,16,1,0.33,0.7,499
C06585,churn_risk,8,4,4,6.17,0.1,499
C06586,reliable,30,28,2,0.93,0.84,499
C06587,occasionally_late,9,9,0,2.0,0.54,499
C06588,frequent_failure,9,5,4,6.36,0.49,499
C06589,occasionally_late,5,5,0,1.39,0.6,499
C06590,occasionally_late,12,11,1,2.9,0.68,499
C06591,occasionally_late,20,17,3,1.98,0.65,499
C06592,occasionally_late,24,19,5,3.21,0.7,499
C06593,occasionally_late,11,11,0,3.44,0.64,499
C06594,reliable,36,35,1,0.76,0.93,499
C06595,reliable,15,15,0,0.31,0.98,499
C06596,frequent_failure,8,5,3,4.56,0.41,499
C06597,occasionally_late,12,9,3,3.74,0.71,499
C06598,reliable,28,24,4,0.21,0.9,499
C06599,occasionally_late,14,7,7,1.85,0.53,499
C06600,reliable,8,8,0,0.85,0.88,499
C06601,reliable,19,17,2,0.28,0.8,499
C06602,reliable,31,30,1,0.14,0.94,499
C06603,occasionally_late,5,2,3,2.31,0.69,499
C06604,reliable,27,26,1,0.04,0.71,499
C06605,occasionally_late,4,3,1,2.66,0.45,499
C06606,reliable,17,16,1,0.39,0.77,499
C06607,occasionally_late,13,12,1,1.08,0.52,499
C06608,occasionally_late,23,21,2,2.03,0.47,499
C06609,occasionally_late,9,9,0,2.24,0.65,499
C06610,frequent_failure,10,4,6,4.96,0.49,499
C06611,reliable,14,14,0,0.85,0.79,499
C06612,reliable,34,34,0,0.18,0.94,499
C06613,churn_risk,7,5,2,5.03,0.19,499
C06614,occasionally_late,10,10,0,1.62,0.55,499
C06615,churn_risk,2,2,0,10.26,0.08,499
C06616,reliable,25,25,0,0.91,0.71,499
C06617,reliable,26,25,1,0.74,0.91,499
C06618,frequent_failure,7,5,2,7.73,0.38,499
C06619,reliable,21,21,0,0.87,0.8,499
C06620,occasionally_late,7,7,0,2.58,0.57,499
C06621,occasionally_late,14,11,3,3.96,0.64,499
C06622,frequent_failure,12,8,4,4.25,0.25,499
C06623,reliable,8,8,0,0.67,0.84,499
C06624,frequent_failure,8,2,6,7.14,0.38,499
C06625,occasionally_late,5,5,0,2.44,0.8,499
C06626,reliable,32,31,1,0.47,0.79,499
C06627,reliable,32,30,2,0.31,0.87,499
C06628,reliable,10,10,0,0.96,0.92,499
C06629,reliable,22,20,2,0.13,0.99,499
C06630,reliable,31,30,1,0.8,0.75,499
C06631,reliable,11,11,0,0.61,0.83,499
C06632,reliable,12,11,1,0.23,0.73,499
C06633,occasionally_late,13,9,4,1.31,0.58,499
C06634,frequent_failure,10,9,1,7.91,0.25,499
C06635,churn_risk,3,1,2,12.23,0.11,499
C06636,occasionally_late,20,17,3,1.21,0.59,499
C06637,reliable,12,9,3,0.52,0.79,499
C06638,reliable,15,13,2,0.7,0.96,499
C06639,occasionally_late,16,13,3,3.63,0.72,499
C06640,reliable,27,26,1,0.45,1.0,499
C06641,frequent_failure,18,13,5,5.05,0.32,499
C06642,frequent_failure,13,7,6,5.02,0.18,499
C06643,reliable,33,32,1,0.64,0.71,499
C06644,frequent_failure,14,8,6,7.95,0.16,499
C06645,frequent_failure,5,4,1,7.42,0.33,499
C06646,churn_risk,4,1,3,14.86,0.11,499
C06647,reliable,11,11,0,0.58,0.91,499
C06648,frequent_failure,13,11,2,4.92,0.44,499
C06649,reliable,15,15,0,0.74,0.96,499
C06650,reliable,31,29,2,0.63,0.73,499
C06651,reliable,32,31,1,0.5,0.94,499
C06652,occasionally_late,7,6,1,2.57,0.51,499
C06653,reliable,20,19,1,0.6,0.92,499
C06654,frequent_failure,8,5,3,4.12,0.49,499
C06655,occasionally_late,18,17,1,2.78,0.49,499
C06656,occasionally_late,18,16,2,2.93,0.46,499
C06657,reliable,11,11,0,0.96,0.87,499
C06658,churn_risk,2,0,2,9.75,0.15,499
C06659,occasionally_late,24,22,2,2.75,0.7,499
C06660,frequent_failure,4,4,0,7.02,0.48,499
C06661,reliable,30,30,0,0.14,0.99,499
C06662,occasionally_late,21,17,4,1.75,0.47,499
C06663,reliable,7,7,0,0.6,0.95,499
C06664,occasionally_late,21,17,4,3.17,0.5,499
C06665,occasionally_late,20,15,5,2.28,0.52,499
C06666,reliable,26,24,2,0.88,0.82,499
C06667,reliable,34,33,1,0.46,0.84,499
C06668,churn_risk,2,2,0,6.62,0.13,499
C06669,reliable,17,15,2,0.72,0.79,499
C06670,reliable,12,12,0,0.87,0.97,499
C06671,churn_risk,2,1,1,6.52,0.1,499
C06672,reliable,26,26,0,0.51,0.8,499
C06673,reliable,6,6,0,0.42,0.99,499
C06674,frequent_failure,14,12,2,3.28,0.34,499
C06675,churn_risk,11,6,5,12.86,0.23,499
C06676,occasionally_late,15,14,1,2.45,0.5,499
C06677,reliable,26,25,1,0.14,0.96,499
C06678,frequent_failure,19,10,9,7.33,0.46,499
C06679,reliable,30,29,1,0.36,0.74,499
C06680,churn_risk,5,3,2,9.74,0.12,499
C06681,reliable,34,28,6,0.78,0.92,499
C06682,reliable,17,16,1,0.48,0.71,499
C06683,reliable,15,15,0,0.46,0.86,499
C06684,reliable,24,22,2,0.64,0.81,499
C06685,occasionally_late,21,17,4,2.24,0.56,499
C06686,reliable,18,18,0,0.41,0.85,499
C06687,churn_risk,6,3,3,5.61,0.07,499
C06688,reliable,8,7,1,0.82,0.78,499
C06689,reliable,29,27,2,0.83,0.74,499
C06690,churn_risk,4,2,2,5.84,0.21,499
C06691,reliable,16,16,0,0.88,0.79,499
C06692,reliable,26,25,1,0.66,0.88,499
C06693,reliable,34,34,0,0.58,0.72,499
C06694,reliable,28,28,0,0.24,0.73,499
C06695,reliable,12,11,1,0.84,0.92,499
C06696,reliable,9,8,1,0.06,0.72,499
C06697,occasionally_late,16,15,1,3.79,0.65,499
C06698,reliable,35,32,3,0.86,0.99,499
C06699,reliable,32,31,1,0.05,0.88,499
C06700,occasionally_late,16,12,4,2.79,0.73,499
C06701,churn_risk,4,1,3,12.91,0.09,499
C06702,frequent_failure,18,16,2,6.95,0.46,499
C06703,churn_risk,4,2,2,7.53,0.09,499
C06704,reliable,14,14,0,0.75,0.7,499
C06705,frequent_failure,13,8,5,6.72,0.29,499
C06706,occasionally_late,22,22,0,3.05,0.49,499
C06707,reliable,34,32,2,0.04,0.73,499
C06708,frequent_failure,17,16,1,7.2,0.32,499
C06709,reliable,7,7,0,0.95,0.76,499
C06710,reliable,26,23,3,0.78,0.92,499
C06711,occasionally_late,10,7,3,2.73,0.69,499
C06712,occasionally_late,6,6,0,1.32,0.77,499
C06713,reliable,13,12,1,0.18,0.8,499
C06714,occasionally_late,6,5,1,1.31,0.68,499
C06715,occasionally_late,6,6,0,2.74,0.53,499
C06716,churn_risk,5,3,2,9.76,0.12,499
C06717,frequent_failure,6,4,2,6.06,0.17,499
C06718,frequent_failure,9,6,3,6.3,0.44,499
C06719,frequent_failure,6,5,1,3.87,0.33,499
C06720,occasionally_late,11,9,2,2.91,0.7,499
C06721,reliable,9,8,1,0.58,0.96,499
C06722,frequent_failure,10,4,6,3.63,0.19,499
C06723,frequent_failure,13,8,5,5.58,0.46,499
C06724,churn_risk,3,3,0,11.66,0.15,499
C06725,occasionally_late,15,14,1,1.27,0.46,499
C06726,reliable,16,15,1,0.47,0.72,499
C06727,reliable,13,13,0,0.29,1.0,499
C06728,reliable,7,7,0,0.07,0.8,499
C06729,reliable,8,8,0,0.41,0.7,499
C06730,reliable,27,24,3,0.96,0.79,499
C06731,occasionally_late,21,20,1,2.26,0.54,499
C06732,reliable,21,18,3,0.15,0.87,499
C06733,frequent_failure,5,5,0,7.52,0.4,499
C06734,frequent_failure,14,10,4,4.34,0.18,499
C06735,reliable,34,32,2,0.69,0.95,499
C06736,reliable,31,29,2,0.34,0.95,499
C06737,reliable,28,28,0,0.67,0.82,499
C06738,reliable,32,31,1,0.83,0.87,499
C06739,churn_risk,11,5,6,8.02,0.08,499
C06740,occasionally_late,24,19,5,2.97,0.5,499
C06741,reliable,35,34,1,0.68,0.77,499
C06742,reliable,33,31,2,0.01,0.73,499
C06743,reliable,8,8,0,0.86,0.77,499
C06744,frequent_failure,3,1,2,6.81,0.18,499
C06745,frequent_failure,18,15,3,3.47,0.19,499
C06746,occasionally_late,4,2,2,2.43,0.63,499
C06747,occasionally_late,23,20,3,2.92,0.77,499
C06748,reliable,18,16,2,0.16,0.92,499
C06749,reliable,11,11,0,0.2,0.84,499
C06750,churn_risk,5,2,3,8.88,0.24,499
C06751,churn_risk,10,6,4,10.92,0.26,499
C06752,reliable,29,27,2,0.63,0.81,499
C06753,occasionally_late,22,17,5,2.09,0.48,499
C06754,reliable,13,12,1,0.35,0.88,499
C06755,occasionally_late,7,6,1,2.14,0.53,499
C06756,reliable,32,30,2,0.57,0.8,499
C06757,reliable,26,25,1,0.33,0.89,499
C06758,reliable,27,26,1,0.23,0.76,499
C06759,frequent_failure,14,9,5,7.42,0.32,499
C06760,churn_risk,4,2,2,7.14,0.13,499
C06761,reliable,25,21,4,0.98,0.77,499
C06762,frequent_failure,16,16,0,7.79,0.4,499
C06763,reliable,29,29,0,0.92,0.99,499
C06764,churn_risk,6,4,2,7.46,0.09,499
C06765,reliable,30,30,0,0.94,0.72,499
C06766,frequent_failure,7,3,4,7.26,0.18,499
C06767,frequent_failure,4,3,1,4.31,0.44,499
C06768,occasionally_late,24,21,3,3.81,0.55,499
C06769,reliable,31,31,0,0.46,0.85,499
C06770,frequent_failure,15,8,7,6.83,0.46,499
C06771,reliable,32,32,0,0.12,0.72,499
C06772,occasionally_late,9,8,1,3.73,0.67,499
C06773,reliable,21,21,0,0.22,0.95,499
C06774,reliable,18,17,1,0.09,0.82,499
C06775,frequent_failure,7,6,1,7.76,0.46,499
C06776,reliable,18,18,0,0.71,0.89,499
C06777,occasionally_late,7,5,2,1.38,0.53,499
C06778,reliable,31,31,0,0.36,0.87,499
C06779,churn_risk,5,1,4,7.03,0.14,499
C06780,frequent_failure,10,8,2,5.18,0.48,499
C06781,frequent_failure,9,8,1,6.18,0.25,499
C06782,reliable,36,33,3,0.6,0.72,499
C06783,reliable,8,8,0,0.84,0.82,499
C06784,reliable,30,30,0,0.96,0.83,499
C06785,reliable,29,27,2,0.57,0.73,499
C06786,reliable,21,21,0,0.41,0.95,499
C06787,frequent_failure,10,8,2,5.24,0.18,499
C06788,reliable,16,16,0,0.76,0.85,499
C06789,churn_risk,6,2,4,10.82,0.27,499
C06790,occasionally_late,8,8,0,2.23,0.57,499
C06791,reliable,23,22,1,0.52,0.84,499
C06792,reliable,31,29,2,0.65,0.83,499
C06793,occasionally_late,11,11,0,1.86,0.64,499
C06794,reliable,8,6,2,0.09,0.76,499
C06795,reliable,19,14,5,0.57,0.75,499
C06796,reliable,17,16,1,0.81,0.83,499
C06797,reliable,23,21,2,0.97,0.89,499
C06798,churn_risk,5,3,2,12.99,0.19,499
C06799,churn_risk,6,2,4,14.04,0.16,499
C06800,reliable,22,21,1,0.2,0.8,499
C06801,occasionally_late,10,8,2,3.28,0.71,499
C06802,churn_risk,11,4,7,11.66,0.29,499
C06803,reliable,6,6,0,0.74,0.82,499
C06804,occasionally_late,19,18,1,3.26,0.69,499
C06805,occasionally_late,23,19,4,3.83,0.66,499
C06806,frequent_failure,12,8,4,6.43,0.17,499
C06807,occasionally_late,24,22,2,1.93,0.48,499
C06808,reliable,16,14,2,0.97,0.93,499
C06809,reliable,7,7,0,0.91,0.81,499
C06810,frequent_failure,3,3,0,7.74,0.48,499
C06811,occasionally_late,9,8,1,2.29,0.77,499
C06812,reliable,7,7,0,0.83,0.93,499
C06813,churn_risk,2,2,0,6.62,0.24,499
C06814,occasionally_late,10,10,0,1.3,0.67,499
C06815,frequent_failure,7,4,3,6.59,0.33,499
C06816,occasionally_late,19,17,2,2.09,0.47,499
C06817,reliable,21,19,2,0.14,0.71,499
C06818,reliable,16,16,0,0.47,0.93,499
C06819,reliable,20,19,1,0.17,0.84,499
C06820,churn_risk,10,9,1,6.55,0.14,499
C06821,frequent_failure,19,13,6,6.39,0.41,499
C06822,frequent_failure,18,15,3,6.43,0.41,499
C06823,reliable,19,18,1,0.32,0.94,499
C06824,reliable,15,13,2,0.26,0.72,499
C06825,reliable,25,25,0,0.29,0.74,499
C06826,reliable,13,13,0,0.33,0.94,499
C06827,reliable,14,12,2,0.51,0.85,499
C06828,reliable,14,14,0,0.35,0.92,499
C06829,reliable,35,32,3,0.48,0.9,499
C06830,reliable,25,23,2,0.57,0.81,499
C06831,reliable,21,20,1,0.77,0.77,499
C06832,frequent_failure,12,8,4,7.52,0.43,499
C06833,reliable,18,17,1,0.66,0.87,499
C06834,reliable,32,30,2,0.69,0.87,499
C06835,reliable,24,21,3,0.45,0.87,499
C06836,occasionally_late,14,11,3,2.99,0.59,499
C06837,reliable,25,25,0,0.7,0.99,499
C06838,occasionally_late,14,12,2,2.22,0.7,499
C06839,reliable,29,26,3,0.38,0.84,499
C06840,reliable,36,33,3,0.16,0.92,499
C06841,reliable,21,19,2,0.3,0.75,499
C06842,reliable,33,30,3,1.0,0.71,499
C06843,churn_risk,1,0,1,11.45,0.08,499
C06844,occasionally_late,11,11,0,2.27,0.78,499
C06845,occasionally_late,9,8,1,3.92,0.67,499
C06846,frequent_failure,9,2,7,3.98,0.27,499
C06847,reliable,14,14,0,0.92,0.77,499
C06848,occasionally_late,9,7,2,1.32,0.57,499
C06849,occasionally_late,21,17,4,3.52,0.69,499
C06850,reliable,15,14,1,0.99,0.89,499
C06851,frequent_failure,5,3,2,5.25,0.44,499
C06852,churn_risk,11,5,6,13.87,0.08,499
C06853,occasionally_late,4,4,0,2.48,0.6,499
C06854,churn_risk,5,3,2,12.07,0.07,499
C06855,reliable,22,22,0,0.15,0.79,499
C06856,occasionally_late,13,9,4,3.36,0.62,499
C06857,frequent_failure,12,5,7,6.91,0.36,499
C06858,occasionally_late,22,21,1,1.09,0.58,499
C06859,occasionally_late,6,6,0,3.86,0.63,499
C06860,frequent_failure,11,8,3,3.94,0.16,499
C06861,occasionally_late,21,21,0,1.65,0.47,499
C06862,reliable,12,12,0,0.34,0.84,499
C06863,reliable,36,34,2,0.95,0.72,499
C06864,reliable,25,25,0,0.41,0.87,499
C06865,reliable,7,7,0,0.81,0.72,499
C06866,reliable,7,7,0,0.63,0.96,499
C06867,occasionally_late,6,4,2,1.78,0.55,499
C06868,reliable,23,21,2,0.11,0.98,499
C06869,churn_risk,1,0,1,5.62,0.18,499
C06870,occasionally_late,9,7,2,1.23,0.49,499
C06871,reliable,25,24,1,0.35,0.8,499
C06872,churn_risk,1,0,1,10.34,0.3,499
C06873,reliable,31,31,0,0.49,0.88,499
C06874,frequent_failure,9,9,0,7.26,0.32,499
C06875,churn_risk,4,2,2,5.52,0.21,499
C06876,reliable,26,24,2,0.17,0.8,499
C06877,reliable,21,21,0,0.26,0.95,499
C06878,occasionally_late,20,20,0,1.62,0.49,499
C06879,reliable,17,17,0,0.8,0.89,499
C06880,reliable,34,31,3,0.27,0.8,499
C06881,occasionally_late,11,10,1,2.48,0.53,499
C06882,occasionally_late,13,11,2,3.41,0.77,499
C06883,churn_risk,5,4,1,10.36,0.12,499
C06884,reliable,19,16,3,0.08,0.79,499
C06885,reliable,10,10,0,0.6,0.95,499
C06886,occasionally_late,13,11,2,1.83,0.72,499
C06887,reliable,17,17,0,0.85,0.81,499
C06888,frequent_failure,4,3,1,4.79,0.27,499
C06889,reliable,17,17,0,0.82,0.71,499
C06890,reliable,33,32,1,0.75,0.88,499
C06891,churn_risk,3,3,0,12.45,0.17,499
C06892,reliable,33,30,3,0.52,0.98,499
C06893,reliable,32,30,2,0.09,0.7,499
C06894,reliable,19,19,0,0.01,0.87,499
C06895,reliable,23,22,1,0.1,0.83,499
C06896,churn_risk,10,3,7,10.17,0.28,499
C06897,reliable,26,26,0,0.6,0.89,499
C06898,churn_risk,5,4,1,11.19,0.11,499
C06899,occasionally_late,10,8,2,1.24,0.71,499
C06900,reliable,34,32,2,0.19,0.79,499
C06901,reliable,36,36,0,0.73,0.99,499
C06902,reliable,26,25,1,0.74,0.97,499
C06903,reliable,14,14,0,0.67,0.74,499
C06904,reliable,25,24,1,0.16,0.9,499
C06905,reliable,28,28,0,0.44,0.73,499
C06906,occasionally_late,13,12,1,2.86,0.61,499
C06907,reliable,27,26,1,0.4,0.91,499
C06908,reliable,14,12,2,0.43,0.89,499
C06909,frequent_failure,16,7,9,7.93,0.39,499
C06910,occasionally_late,18,14,4,3.79,0.63,499
C06911,churn_risk,10,5,5,6.13,0.29,499
C06912,reliable,24,21,3,0.66,0.92,499
C06913,reliable,9,9,0,0.15,0.93,499
C06914,churn_risk,10,6,4,7.85,0.06,499
C06915,frequent_failure,17,11,6,7.83,0.46,499
C06916,occasionally_late,23,21,2,2.44,0.66,499
C06917,reliable,15,14,1,0.26,0.77,499
C06918,reliable,30,27,3,0.5,0.85,499
C06919,occasionally_late,16,16,0,1.69,0.55,499
C06920,reliable,25,25,0,0.36,0.92,499
C06921,reliable,29,28,1,0.88,0.71,499
C06922,reliable,34,34,0,0.6,0.78,499
C06923,frequent_failure,9,3,6,5.52,0.47,499
C06924,reliable,13,12,1,0.26,0.79,499
C06925,reliable,12,12,0,0.73,0.79,499
C06926,reliable,10,8,2,0.93,0.79,499
C06927,reliable,17,15,2,0.16,0.87,499
C06928,frequent_failure,19,12,7,7.88,0.49,499
C06929,reliable,22,20,2,0.4,0.91,499
C06930,occasionally_late,17,14,3,3.07,0.57,499
C06931,reliable,35,34,1,0.93,0.74,499
C06932,occasionally_late,6,5,1,1.71,0.68,499
C06933,occasionally_late,14,13,1,3.04,0.79,499
C06934,occasionally_late,9,7,2,1.55,0.66,499
C06935,reliable,20,18,2,0.13,0.98,499
C06936,occasionally_late,6,5,1,1.57,0.54,499
C06937,reliable,9,9,0,0.48,0.93,499
C06938,frequent_failure,11,9,2,4.17,0.16,499
C06939,reliable,28,27,1,0.34,0.99,499
C06940,reliable,15,15,0,0.39,0.75,499
C06941,occasionally_late,16,12,4,2.0,0.67,499
C06942,reliable,18,18,0,0.92,0.97,499
C06943,reliable,9,9,0,0.71,0.82,499
C06944,occasionally_late,7,5,2,2.95,0.55,499
C06945,reliable,32,32,0,0.19,0.79,499
C06946,occasionally_late,18,15,3,2.41,0.56,499
C06947,occasionally_late,18,16,2,1.64,0.51,499
C06948,reliable,21,20,1,0.34,0.77,499
C06949,occasionally_late,6,5,1,2.09,0.77,499
C06950,occasionally_late,9,8,1,1.42,0.45,499
C06951,reliable,13,13,0,0.71,0.86,499
C06952,frequent_failure,3,1,2,5.43,0.34,499
C06953,reliable,33,33,0,0.64,0.93,499
C06954,reliable,33,32,1,0.0,0.99,499
C06955,reliable,8,8,0,0.48,0.95,499
C06956,occasionally_late,23,19,4,1.83,0.48,499
C06957,churn_risk,4,3,1,5.9,0.11,499
C06958,reliable,12,12,0,0.86,0.98,499
C06959,reliable,11,10,1,0.59,0.92,499
C06960,reliable,28,27,1,0.35,0.94,499
C06961,churn_risk,1,1,0,10.57,0.05,499
C06962,frequent_failure,19,11,8,5.79,0.24,499
C06963,occasionally_late,20,14,6,3.54,0.7,499
C06964,reliable,21,20,1,0.36,0.98,499
C06965,reliable,23,20,3,0.7,0.95,499
C06966,reliable,31,30,1,0.3,0.79,499
C06967,reliable,24,24,0,0.36,0.76,499
C06968,occasionally_late,22,22,0,2.51,0.51,499
C06969,occasionally_late,12,9,3,1.64,0.62,499
C06970,reliable,14,14,0,0.0,0.99,499
C06971,occasionally_late,18,18,0,3.48,0.6,499
C06972,occasionally_late,6,5,1,3.6,0.5,499
C06973,occasionally_late,23,22,1,3.1,0.45,499
C06974,occasionally_late,7,6,1,1.79,0.62,499
C06975,occasionally_late,7,5,2,1.88,0.54,499
C06976,occasionally_late,22,20,2,1.04,0.72,499
C06977,occasionally_late,14,12,2,1.42,0.57,499
C06978,frequent_failure,14,10,4,7.76,0.42,499
C06979,reliable,34,33,1,0.55,0.94,499
C06980,reliable,29,28,1,0.95,0.77,499
C06981,frequent_failure,18,14,4,6.59,0.43,499
C06982,reliable,11,11,0,0.63,0.88,499
C06983,reliable,23,22,1,0.85,0.71,499
C06984,occasionally_late,14,12,2,3.0,0.62,499
C06985,reliable,7,7,0,0.3,0.83,499
C06986,frequent_failure,17,13,4,6.18,0.49,499
C06987,frequent_failure,5,4,1,4.07,0.45,499
C06988,churn_risk,11,6,5,12.17,0.23,499
C06989,frequent_failure,11,7,4,3.44,0.16,499
C06990,reliable,21,21,0,0.79,0.87,499
C06991,reliable,13,12,1,0.64,0.78,499
C06992,churn_risk,5,3,2,9.53,0.26,499
C06993,frequent_failure,11,10,1,3.31,0.2,499
C06994,reliable,13,12,1,0.75,0.9,499
C06995,frequent_failure,7,7,0,5.48,0.48,499
C06996,frequent_failure,9,8,1,6.85,0.2,499
C06997,reliable,35,32,3,0.72,0.87,499
C06998,frequent_failure,13,10,3,5.54,0.24,499
C06999,occasionally_late,24,21,3,3.68,0.58,499
C07000,frequent_failure,7,3,4,6.04,0.3,499
C07001,churn_risk,3,2,1,6.76,0.28,499
C07002,reliable,26,24,2,0.24,0.95,499
C07003,reliable,34,33,1,0.86,0.85,499
C07004,occasionally_late,9,9,0,1.72,0.49,499
C07005,reliable,8,8,0,0.19,0.86,499
C07006,occasionally_late,22,22,0,1.59,0.71,499
C07007,reliable,29,27,2,0.11,0.9,499
C07008,reliable,23,22,1,0.93,0.99,499
C07009,reliable,22,20,2,0.04,0.78,499
C07010,churn_risk,4,3,1,6.95,0.22,499
C07011,reliable,33,33,0,0.56,0.99,499
C07012,occasionally_late,14,14,0,1.68,0.48,499
C07013,occasionally_late,13,10,3,2.46,0.52,499
C07014,reliable,10,10,0,0.89,0.94,499
C07015,reliable,32,30,2,0.67,0.93,499
C07016,reliable,10,10,0,0.26,0.88,499
C07017,reliable,19,19,0,0.79,0.79,499
C07018,reliable,14,14,0,0.35,0.73,499
C07019,reliable,29,28,1,0.79,0.82,499
C07020,churn_risk,3,2,1,14.91,0.1,499
C07021,frequent_failure,6,5,1,4.3,0.3,499
C07022,churn_risk,7,3,4,7.14,0.08,499
C07023,occasionally_late,8,8,0,2.88,0.61,499
C07024,reliable,12,12,0,0.54,0.95,499
C07025,reliable,14,14,0,0.85,0.76,499
C07026,reliable,30,29,1,0.35,0.88,499
C07027,occasionally_late,21,20,1,3.38,0.68,499
C07028,churn_risk,5,1,4,8.75,0.21,499
C07029,occasionally_late,19,18,1,3.54,0.7,499
C07030,occasionally_late,19,16,3,2.9,0.76,499
C07031,occasionally_late,12,10,2,1.96,0.61,499
C07032,reliable,36,36,0,0.47,0.93,499
C07033,frequent_failure,4,2,2,4.87,0.21,499
C07034,occasionally_late,14,12,2,2.22,0.52,499
C07035,occasionally_late,7,6,1,1.41,0.54,499
C07036,occasionally_late,19,19,0,1.38,0.62,499
C07037,reliable,16,15,1,0.91,0.78,499
C07038,reliable,8,8,0,0.91,0.89,499
C07039,reliable,36,29,7,0.43,0.85,499
C07040,frequent_failure,8,7,1,3.14,0.5,499
C07041,frequent_failure,12,9,3,4.21,0.33,499
C07042,churn_risk,10,5,5,9.91,0.12,499
C07043,reliable,11,11,0,0.5,0.76,499
C07044,occasionally_late,17,14,3,3.2,0.61,499
C07045,reliable,24,22,2,0.26,0.71,499
C07046,churn_risk,5,1,4,12.64,0.1,499
C07047,reliable,34,32,2,1.0,0.99,499
C07048,reliable,30,27,3,0.87,0.73,499
C07049,reliable,26,26,0,0.61,0.87,499
C07050,reliable,34,33,1,0.73,0.8,499
C07051,reliable,24,24,0,0.08,0.76,499
C07052,frequent_failure,19,12,7,6.28,0.16,499
C07053,reliable,9,9,0,0.65,0.76,499
C07054,reliable,20,20,0,0.38,0.72,499
C07055,reliable,14,14,0,0.66,0.73,499
C07056,reliable,33,31,2,0.9,0.91,499
C07057,occasionally_late,13,13,0,1.02,0.54,499
C07058,occasionally_late,6,6,0,3.61,0.67,499
C07059,reliable,12,12,0,0.83,0.85,499
C07060,reliable,34,32,2,0.97,0.8,499
C07061,occasionally_late,14,12,2,1.99,0.5,499
C07062,churn_risk,6,2,4,12.46,0.11,499
C07063,reliable,10,8,2,0.52,0.76,499
C07064,reliable,8,7,1,0.14,0.86,499
C07065,reliable,17,14,3,0.98,0.98,499
C07066,reliable,21,21,0,0.65,0.81,499
C07067,reliable,14,13,1,0.89,0.85,499
C07068,occasionally_late,10,10,0,3.33,0.48,499
C07069,churn_risk,10,4,6,9.15,0.18,499
C07070,reliable,12,12,0,0.76,0.78,499
C07071,reliable,29,29,0,0.36,0.73,499
C07072,frequent_failure,18,12,6,5.52,0.47,499
C07073,reliable,16,15,1,0.92,0.75,499
C07074,reliable,34,33,1,0.17,0.83,499
C07075,reliable,20,20,0,0.15,0.85,499
C07076,reliable,8,7,1,0.76,0.95,499
C07077,reliable,25,22,3,0.43,0.95,499
C07078,reliable,7,7,0,0.11,0.84,499
C07079,occasionally_late,20,17,3,1.0,0.49,499
C07080,reliable,25,25,0,0.97,0.72,499
C07081,occasionally_late,9,6,3,2.07,0.71,499
C07082,reliable,31,30,1,0.75,0.94,499
C07083,occasionally_late,5,4,1,1.38,0.7,499
C07084,reliable,8,7,1,0.9,0.9,499
C07085,frequent_failure,4,2,2,6.17,0.2,499
C07086,reliable,8,8,0,0.4,0.81,499
C07087,reliable,24,24,0,0.2,0.81,499
C07088,occasionally_late,18,15,3,2.27,0.77,499
C07089,reliable,17,15,2,0.66,0.92,499
C07090,occasionally_late,19,16,3,1.08,0.79,499
C07091,frequent_failure,4,1,3,3.86,0.42,499
C07092,churn_risk,3,2,1,5.94,0.1,499
C07093,reliable,16,15,1,0.16,0.74,499
C07094,churn_risk,1,1,0,12.22,0.21,499
C07095,reliable,25,25,0,0.22,0.93,499
C07096,frequent_failure,9,7,2,7.9,0.32,499
C07097,frequent_failure,5,5,0,6.09,0.24,499
C07098,reliable,7,7,0,0.29,0.74,499
C07099,occasionally_late,19,17,2,2.33,0.77,499
C07100,reliable,31,28,3,0.3,0.77,499
C07101,reliable,16,16,0,0.91,0.73,499
C07102,occasionally_late,15,14,1,2.31,0.54,499
C07103,reliable,10,10,0,0.59,0.77,499
C07104,churn_risk,2,1,1,9.17,0.25,499
C07105,reliable,27,27,0,1.0,0.93,499
C07106,reliable,24,24,0,0.83,0.92,499
C07107,reliable,32,29,3,0.07,0.74,499
C07108,churn_risk,8,4,4,11.42,0.22,499
C07109,occasionally_late,18,15,3,1.81,0.62,499
C07110,reliable,11,10,1,0.9,0.96,499
C07111,frequent_failure,10,8,2,6.24,0.17,499
C07112,reliable,34,34,0,0.21,0.84,499
C07113,reliable,10,10,0,0.85,0.86,499
C07114,reliable,9,9,0,0.59,0.95,499
C07115,reliable,17,17,0,0.62,0.77,499
C07116,occasionally_late,17,16,1,1.56,0.69,499
C07117,occasionally_late,22,20,2,1.84,0.64,499
C07118,frequent_failure,18,14,4,3.64,0.26,499
C07119,occasionally_late,13,9,4,3.03,0.66,499
C07120,reliable,34,34,0,0.11,0.92,499
C07121,reliable,32,30,2,0.31,0.97,499
C07122,occasionally_late,22,20,2,2.43,0.68,499
C07123,reliable,35,34,1,0.65,0.89,499
C07124,occasionally_late,22,16,6,3.06,0.56,499
C07125,reliable,20,18,2,0.85,1.0,499
C07126,reliable,29,28,1,0.32,0.87,499
C07127,reliable,28,27,1,0.6,0.9,499
C07128,reliable,6,5,1,0.83,0.94,499
C07129,reliable,32,32,0,0.26,0.77,499
C07130,churn_risk,2,2,0,10.92,0.11,499
C07131,frequent_failure,16,11,5,4.11,0.5,499
C07132,reliable,31,30,1,0.32,0.81,499
C07133,reliable,33,30,3,0.94,0.9,499
C07134,reliable,18,18,0,0.87,0.79,499
C07135,occasionally_late,23,23,0,3.34,0.64,499
C07136,occasionally_late,14,12,2,1.61,0.55,499
C07137,reliable,11,11,0,0.86,0.98,499
C07138,occasionally_late,11,11,0,1.98,0.72,499
C07139,frequent_failure,13,9,4,6.17,0.25,499
C07140,occasionally_late,12,10,2,2.98,0.53,499
C07141,frequent_failure,17,9,8,7.14,0.42,499
C07142,frequent_failure,3,2,1,3.12,0.32,499
C07143,occasionally_late,16,11,5,2.7,0.72,499
C07144,reliable,15,14,1,0.91,0.88,499
C07145,reliable,28,28,0,0.11,0.74,499
C07146,occasionally_late,12,11,1,1.5,0.68,499
C07147,reliable,12,8,4,0.02,0.74,499
C07148,occasionally_late,24,19,5,2.87,0.47,499
C07149,churn_risk,3,1,2,12.85,0.23,499
C07150,churn_risk,10,7,3,5.39,0.22,499
C07151,frequent_failure,17,13,4,4.51,0.31,499
C07152,reliable,28,26,2,0.72,0.83,499
C07153,occasionally_late,21,18,3,2.18,0.79,499
C07154,reliable,6,6,0,0.88,0.98,499
C07155,occasionally_late,13,8,5,1.27,0.66,499
C07156,reliable,31,31,0,0.4,0.91,499
C07157,reliable,30,30,0,0.73,0.71,499
C07158,reliable,19,15,4,0.75,0.83,499
C07159,reliable,16,16,0,0.78,0.94,499
C07160,reliable,29,27,2,0.05,0.94,499
C07161,reliable,33,33,0,0.2,0.97,499
C07162,reliable,8,7,1,0.33,0.88,499
C07163,reliable,30,29,1,0.69,0.94,499
C07164,occasionally_late,12,11,1,1.58,0.5,499
C07165,occasionally_late,10,9,1,1.8,0.52,499
C07166,reliable,24,24,0,0.39,0.75,499
C07167,occasionally_late,6,5,1,1.76,0.51,499
C07168,reliable,36,36,0,0.37,0.75,499
C07169,frequent_failure,10,5,5,5.19,0.25,499
C07170,reliable,28,28,0,0.21,0.78,499
C07171,reliable,26,24,2,0.01,0.76,499
C07172,reliable,20,20,0,0.59,0.94,499
C07173,reliable,28,28,0,0.4,0.74,499
C07174,occasionally_late,13,13,0,2.72,0.63,499
C07175,churn_risk,11,7,4,13.1,0.07,499
C07176,reliable,9,7,2,0.42,0.93,499
C07177,occasionally_late,16,14,2,2.3,0.68,499
C07178,reliable,33,33,0,0.04,0.83,499
C07179,reliable,30,28,2,0.52,0.74,499
C07180,reliable,16,16,0,0.42,0.71,499
C07181,frequent_failure,15,7,8,7.56,0.27,499
C07182,reliable,27,27,0,0.13,0.73,499
C07183,frequent_failure,4,3,1,6.38,0.18,499
C07184,reliable,29,26,3,0.54,1.0,499
C07185,reliable,12,11,1,0.95,0.85,499
C07186,reliable,24,22,2,0.3,0.83,499
C07187,reliable,28,27,1,0.15,0.77,499
C07188,reliable,19,19,0,0.41,0.94,499
C07189,churn_risk,4,2,2,14.47,0.27,499
C07190,churn_risk,10,7,3,12.02,0.29,499
C07191,churn_risk,6,4,2,6.63,0.13,499
C07192,occasionally_late,14,13,1,1.38,0.47,499
C07193,churn_risk,7,2,5,6.76,0.14,499
C07194,churn_risk,2,1,1,13.97,0.11,499
C07195,frequent_failure,3,0,3,5.91,0.23,499
C07196,reliable,21,21,0,0.19,0.76,499
C07197,occasionally_late,17,15,2,1.68,0.54,499
C07198,reliable,32,32,0,0.54,0.76,499
C07199,occasionally_late,17,14,3,2.52,0.63,499
C07200,reliable,28,27,1,0.13,0.72,499
C07201,churn_risk,1,1,0,7.13,0.07,499
C07202,reliable,19,18,1,0.51,0.81,499
C07203,reliable,35,34,1,0.49,0.74,499
C07204,reliable,18,16,2,0.07,0.76,499
C07205,frequent_failure,13,6,7,5.96,0.46,499
C07206,occasionally_late,16,14,2,1.14,0.53,499
C07207,reliable,20,18,2,0.77,0.79,499
C07208,reliable,9,9,0,0.8,0.94,499
C07209,reliable,10,10,0,0.4,0.83,499
C07210,reliable,10,10,0,0.15,0.85,499
C07211,reliable,22,19,3,0.88,0.92,499
C07212,frequent_failure,8,7,1,4.93,0.41,499
C07213,reliable,11,11,0,0.9,0.94,499
C07214,frequent_failure,15,11,4,3.75,0.27,499
C07215,reliable,27,27,0,0.79,0.84,499
C07216,reliable,35,35,0,0.34,0.7,499
C07217,reliable,27,26,1,0.46,0.75,499
C07218,reliable,27,26,1,0.17,0.78,499
C07219,churn_risk,8,7,1,10.96,0.2,499
C07220,frequent_failure,17,12,5,3.87,0.42,499
C07221,frequent_failure,9,8,1,7.54,0.22,499
C07222,reliable,21,19,2,0.35,0.93,499
C07223,reliable,35,33,2,0.15,0.74,499
C07224,occasionally_late,10,7,3,1.64,0.51,499
C07225,reliable,13,13,0,0.43,0.89,499
C07226,frequent_failure,16,9,7,3.24,0.5,499
C07227,reliable,16,14,2,0.65,0.95,499
C07228,frequent_failure,15,10,5,4.58,0.31,499
C07229,occasionally_late,21,17,4,3.91,0.77,499
C07230,reliable,32,28,4,0.97,0.79,499
C07231,reliable,25,24,1,0.37,0.95,499
C07232,churn_risk,10,7,3,10.37,0.29,499
C07233,reliable,17,16,1,0.53,0.74,499
C07234,occasionally_late,11,10,1,3.35,0.64,499
C07235,churn_risk,6,4,2,11.34,0.13,499
C07236,reliable,9,8,1,0.78,0.75,499
C07237,occasionally_late,21,20,1,3.13,0.53,499
C07238,occasionally_late,10,9,1,3.11,0.49,499
C07239,occasionally_late,11,11,0,2.86,0.8,499
C07240,reliable,13,12,1,0.65,0.88,499
C07241,reliable,19,19,0,0.54,0.79,499
C07242,occasionally_late,21,17,4,3.07,0.49,499
C07243,reliable,27,26,1,0.4,0.94,499
C07244,reliable,18,18,0,0.87,0.99,499
C07245,reliable,9,9,0,0.41,0.85,499
C07246,occasionally_late,5,4,1,1.68,0.79,499
C07247,reliable,23,23,0,0.77,0.75,499
C07248,churn_risk,2,2,0,9.08,0.18,499
C07249,occasionally_late,8,6,2,3.29,0.69,499
C07250,occasionally_late,4,3,1,3.79,0.45,499
C07251,reliable,16,14,2,0.1,0.89,499
C07252,occasionally_late,4,4,0,1.04,0.51,499
C07253,frequent_failure,7,7,0,6.48,0.28,499
C07254,churn_risk,11,6,5,14.86,0.05,499
C07255,reliable,33,32,1,0.97,0.95,499
C07256,occasionally_late,16,14,2,1.07,0.79,499
C07257,frequent_failure,3,2,1,4.47,0.17,499
C07258,occasionally_late,11,11,0,2.33,0.78,499
C07259,churn_risk,6,4,2,7.94,0.14,499
C07260,frequent_failure,7,7,0,5.59,0.34,499
C07261,reliable,31,31,0,0.37,0.75,499
C07262,reliable,22,21,1,0.38,0.78,499
C07263,occasionally_late,21,18,3,2.77,0.46,499
C07264,reliable,9,9,0,0.65,0.96,499
C07265,churn_risk,3,1,2,9.78,0.18,499
C07266,frequent_failure,5,4,1,3.9,0.26,499
C07267,occasionally_late,10,10,0,1.54,0.76,499
C07268,reliable,21,19,2,0.21,0.9,499
C07269,reliable,26,25,1,0.85,0.82,499
C07270,occasionally_late,21,20,1,2.14,0.45,499
C07271,reliable,12,11,1,0.99,0.81,499
C07272,reliable,27,27,0,0.97,0.83,499
C07273,reliable,8,8,0,0.8,0.72,499
C07274,reliable,21,21,0,0.43,0.83,499
C07275,occasionally_late,24,20,4,2.3,0.77,499
C07276,occasionally_late,9,9,0,3.72,0.61,499
C07277,reliable,35,35,0,0.92,0.87,499
C07278,frequent_failure,19,16,3,5.26,0.46,499
C07279,reliable,15,15,0,0.48,0.71,499
C07280,reliable,7,7,0,0.16,0.78,499
C07281,frequent_failure,9,5,4,4.25,0.24,499
C07282,occasionally_late,6,3,3,1.5,0.61,499
C07283,reliable,33,31,2,0.3,0.97,499
C07284,occasionally_late,13,12,1,1.16,0.76,499
C07285,occasionally_late,13,10,3,1.06,0.49,499
C07286,occasionally_late,15,11,4,2.93,0.52,499
C07287,frequent_failure,5,3,2,3.02,0.23,499
C07288,reliable,14,14,0,0.63,0.84,499
C07289,churn_risk,6,4,2,7.9,0.27,499
C07290,reliable,27,25,2,0.18,0.88,499
C07291,frequent_failure,4,1,3,6.23,0.2,499
C07292,occasionally_late,24,21,3,1.6,0.78,499
C07293,occasionally_late,19,12,7,2.57,0.66,499
C07294,reliable,7,7,0,0.84,0.81,499
C07295,reliable,32,30,2,0.73,0.85,499
C07296,occasionally_late,17,12,5,1.86,0.58,499
C07297,frequent_failure,18,15,3,5.33,0.39,499
C07298,churn_risk,2,1,1,14.76,0.23,499
C07299,churn_risk,5,3,2,14.29,0.23,499
C07300,reliable,26,26,0,0.97,0.88,499
C07301,reliable,31,29,2,0.58,0.86,499
C07302,occasionally_late,16,11,5,2.91,0.54,499
C07303,reliable,11,11,0,0.06,0.81,499
C07304,occasionally_late,12,9,3,2.49,0.63,499
C07305,reliable,7,7,0,0.62,0.96,499
C07306,reliable,20,20,0,0.6,0.94,499
C07307,reliable,29,27,2,0.11,0.8,499
C07308,reliable,13,13,0,0.96,0.91,499
C07309,reliable,18,16,2,0.37,0.74,499
C07310,occasionally_late,12,9,3,3.27,0.52,499
C07311,reliable,33,33,0,0.27,0.9,499
C07312,reliable,22,22,0,0.29,0.79,499
C07313,reliable,12,12,0,0.95,0.87,499
C07314,reliable,36,35,1,0.29,0.79,499
C07315,reliable,13,12,1,0.79,0.87,499
C07316,frequent_failure,19,19,0,5.39,0.48,499
C07317,reliable,23,23,0,0.82,0.73,499
C07318,reliable,35,35,0,0.52,0.92,499
C07319,reliable,15,15,0,0.18,0.76,499
C07320,reliable,26,24,2,0.39,0.96,499
C07321,frequent_failure,17,14,3,7.53,0.33,499
C07322,occasionally_late,24,23,1,1.03,0.46,499
C07323,occasionally_late,15,13,2,3.82,0.49,499
C07324,frequent_failure,15,14,1,6.86,0.32,499
C07325,occasionally_late,20,19,1,3.28,0.53,499
C07326,reliable,36,34,2,0.85,0.97,499
C07327,churn_risk,9,4,5,12.87,0.26,499
C07328,occasionally_late,12,10,2,3.55,0.8,499
C07329,reliable,31,29,2,0.37,0.96,499
C07330,occasionally_late,24,18,6,2.74,0.61,499
C07331,reliable,18,18,0,0.99,0.89,499
C07332,occasionally_late,16,12,4,3.54,0.56,499
C07333,reliable,20,20,0,0.52,0.8,499
C07334,reliable,33,32,1,0.9,0.85,499
C07335,reliable,12,12,0,0.56,0.78,499
C07336,occasionally_late,12,10,2,2.57,0.49,499
C07337,occasionally_late,22,20,2,2.77,0.61,499
C07338,occasionally_late,18,18,0,3.05,0.64,499
C07339,occasionally_late,12,12,0,3.24,0.63,499
C07340,occasionally_late,5,5,0,3.23,0.56,499
C07341,frequent_failure,7,2,5,7.36,0.33,499
C07342,occasionally_late,19,17,2,1.84,0.54,499
C07343,occasionally_late,17,10,7,1.98,0.61,499
C07344,churn_risk,1,1,0,7.54,0.1,499
C07345,occasionally_late,12,11,1,2.17,0.55,499
C07346,reliable,11,11,0,0.14,0.87,499
C07347,frequent_failure,9,7,2,7.47,0.26,499
C07348,churn_risk,2,2,0,12.04,0.28,499
C07349,occasionally_late,20,17,3,1.89,0.72,499
C07350,reliable,14,14,0,0.02,0.82,499
C07351,reliable,33,33,0,0.57,0.92,499
C07352,reliable,11,11,0,0.21,0.71,499
C07353,reliable,14,12,2,0.18,0.82,499
C07354,reliable,26,26,0,0.91,0.8,499
C07355,churn_risk,5,4,1,9.95,0.18,499
C07356,occasionally_late,16,16,0,1.35,0.64,499
C07357,reliable,11,9,2,0.94,0.73,499
C07358,occasionally_late,18,17,1,1.91,0.55,499
C07359,reliable,10,9,1,0.25,0.83,499
C07360,frequent_failure,9,8,1,7.05,0.32,499
C07361,reliable,24,22,2,0.99,0.99,499
C07362,reliable,34,34,0,0.56,0.78,499
C07363,reliable,11,11,0,0.17,0.93,499
C07364,churn_risk,6,2,4,9.39,0.27,499
C07365,reliable,23,21,2,0.22,0.74,499
C07366,reliable,14,14,0,0.13,0.95,499
C07367,occasionally_late,19,14,5,3.55,0.52,499
C07368,occasionally_late,8,7,1,3.65,0.51,499
C07369,reliable,30,30,0,0.95,0.81,499
C07370,occasionally_late,11,11,0,1.41,0.66,499
C07371,reliable,16,16,0,0.56,0.83,499
C07372,frequent_failure,10,8,2,6.95,0.21,499
C07373,reliable,12,12,0,0.84,0.94,499
C07374,reliable,36,35,1,0.01,0.71,499
C07375,reliable,32,32,0,0.2,0.95,499
C07376,reliable,30,30,0,0.31,0.7,499
C07377,reliable,15,15,0,0.28,0.94,499
C07378,churn_risk,1,1,0,8.11,0.18,499
C07379,occasionally_late,15,14,1,2.65,0.55,499
C07380,reliable,28,26,2,0.27,0.8,499
C07381,occasionally_late,20,15,5,1.12,0.52,499
C07382,reliable,21,21,0,0.55,0.91,499
C07383,occasionally_late,5,3,2,2.02,0.6,499
C07384,reliable,24,24,0,0.65,0.97,499
C07385,reliable,34,30,4,0.41,0.93,499
C07386,reliable,11,9,2,0.19,0.74,499
C07387,occasionally_late,17,14,3,3.07,0.56,499
C07388,reliable,8,7,1,0.1,0.73,499
C07389,churn_risk,8,7,1,10.12,0.23,499
C07390,occasionally_late,7,7,0,2.42,0.63,499
C07391,occasionally_late,5,4,1,3.8,0.47,499
C07392,reliable,31,29,2,0.42,0.73,499
C07393,churn_risk,10,6,4,6.9,0.29,499
C07394,occasionally_late,7,6,1,3.39,0.74,499
C07395,frequent_failure,4,2,2,7.21,0.5,499
C07396,frequent_failure,11,7,4,7.85,0.49,499
C07397,reliable,11,11,0,0.94,0.91,499
C07398,frequent_failure,16,11,5,4.38,0.27,499
C07399,churn_risk,7,2,5,8.08,0.05,499
C07400,reliable,17,17,0,0.71,0.81,499
C07401,occasionally_late,9,9,0,2.45,0.76,499
C07402,reliable,23,23,0,0.05,0.94,499
C07403,churn_risk,3,2,1,10.68,0.15,499
C07404,occasionally_late,10,9,1,3.64,0.73,499
C07405,occasionally_late,19,18,1,3.37,0.72,499
C07406,frequent_failure,15,12,3,7.23,0.23,499
C07407,frequent_failure,19,13,6,5.41,0.32,499
C07408,frequent_failure,8,7,1,6.03,0.21,499
C07409,reliable,18,16,2,0.26,0.92,499
C07410,reliable,35,33,2,0.8,0.93,499
C07411,occasionally_late,4,4,0,3.62,0.48,499
C07412,reliable,18,17,1,0.82,0.84,499
C07413,frequent_failure,8,5,3,6.23,0.22,499
C07414,reliable,34,33,1,0.69,0.99,499
C07415,occasionally_late,19,18,1,2.24,0.64,499
C07416,occasionally_late,6,5,1,2.52,0.76,499
C07417,frequent_failure,16,9,7,6.1,0.28,499
C07418,churn_risk,3,2,1,13.15,0.27,499
C07419,occasionally_late,24,21,3,3.5,0.69,499
C07420,reliable,23,21,2,0.72,0.76,499
C07421,reliable,13,13,0,0.05,0.91,499
C07422,churn_risk,7,5,2,5.65,0.24,499
C07423,frequent_failure,18,13,5,5.54,0.22,499
C07424,occasionally_late,12,10,2,2.53,0.66,499
C07425,churn_risk,2,0,2,10.64,0.14,499
C07426,churn_risk,6,3,3,5.5,0.13,499
C07427,frequent_failure,7,6,1,5.1,0.43,499
C07428,reliable,30,30,0,0.09,0.81,499
C07429,reliable,28,25,3,0.14,0.9,499
C07430,reliable,32,31,1,0.92,0.76,499
C07431,occasionally_late,21,17,4,1.61,0.56,499
C07432,frequent_failure,13,7,6,6.85,0.45,499
C07433,reliable,14,11,3,0.92,0.92,499
C07434,frequent_failure,18,13,5,4.6,0.5,499
C07435,reliable,18,17,1,0.18,0.85,499
C07436,occasionally_late,14,12,2,2.55,0.46,499
C07437,occasionally_late,9,7,2,2.91,0.61,499
C07438,reliable,26,25,1,0.68,0.78,499
C07439,reliable,22,22,0,0.04,0.81,499
C07440,occasionally_late,19,11,8,3.56,0.59,499
C07441,frequent_failure,8,4,4,7.72,0.3,499
C07442,reliable,20,19,1,0.33,0.81,499
C07443,occasionally_late,11,10,1,1.44,0.68,499
C07444,reliable,6,6,0,0.39,0.72,499
C07445,reliable,19,16,3,0.67,0.74,499
C07446,reliable,24,23,1,0.92,0.7,499
C07447,occasionally_late,24,23,1,3.11,0.68,499
C07448,reliable,8,7,1,0.13,0.79,499
C07449,reliable,11,9,2,0.99,0.83,499
C07450,reliable,20,20,0,0.99,0.81,499
C07451,reliable,18,18,0,0.77,0.86,499
C07452,reliable,11,11,0,0.1,0.71,499
C07453,reliable,10,7,3,0.73,0.81,499
C07454,reliable,36,35,1,0.12,0.73,499
C07455,churn_risk,4,4,0,11.51,0.11,499
C07456,reliable,11,11,0,0.93,0.95,499
C07457,occasionally_late,16,15,1,2.84,0.52,499
C07458,frequent_failure,16,11,5,4.09,0.25,499
C07459,occasionally_late,7,6,1,1.02,0.7,499
C07460,reliable,22,20,2,0.86,0.99,499
C07461,reliable,36,36,0,0.82,0.88,499
C07462,occasionally_late,18,15,3,2.65,0.57,499
C07463,churn_risk,5,3,2,9.77,0.24,499
C07464,churn_risk,5,1,4,10.16,0.28,499
C07465,occasionally_late,16,15,1,2.57,0.8,499
C07466,reliable,11,11,0,0.81,0.77,499
C07467,frequent_failure,9,7,2,7.11,0.48,499
C07468,reliable,7,7,0,0.65,0.96,499
C07469,frequent_failure,19,11,8,5.84,0.35,499
C07470,reliable,31,30,1,0.65,0.79,499
C07471,churn_risk,9,3,6,8.67,0.29,499
C07472,reliable,21,19,2,0.73,0.76,499
C07473,reliable,14,14,0,0.91,0.9,499
C07474,occasionally_late,18,15,3,2.22,0.67,499
C07475,churn_risk,4,2,2,9.22,0.19,499
C07476,occasionally_late,22,19,3,1.27,0.7,499
C07477,occasionally_late,15,13,2,1.55,0.55,499
C07478,reliable,17,17,0,0.76,0.8,499
C07479,reliable,24,23,1,0.61,0.86,499
C07480,frequent_failure,6,4,2,6.7,0.33,499
C07481,reliable,28,27,1,0.47,0.79,499
C07482,frequent_failure,12,9,3,4.59,0.2,499
C07483,reliable,9,8,1,0.89,0.96,499
C07484,reliable,19,19,0,0.05,0.97,499
C07485,occasionally_late,12,9,3,1.58,0.63,499
C07486,reliable,18,18,0,0.49,0.97,499
C07487,reliable,29,28,1,0.29,0.83,499
C07488,reliable,26,26,0,0.88,0.91,499
C07489,occasionally_late,16,14,2,1.54,0.78,499
C07490,occasionally_late,20,18,2,3.74,0.68,499
C07491,reliable,15,15,0,0.58,0.84,499
C07492,churn_risk,6,3,3,5.4,0.16,499
C07493,reliable,36,36,0,0.3,0.88,499
C07494,reliable,16,15,1,0.4,0.97,499
C07495,occasionally_late,14,12,2,3.77,0.75,499
C07496,reliable,31,30,1,0.58,0.88,499
C07497,frequent_failure,6,3,3,4.7,0.47,499
C07498,reliable,15,12,3,0.13,0.92,499
C07499,reliable,32,31,1,0.02,0.82,499
C07500,reliable,24,24,0,0.33,0.89,499
C07501,occasionally_late,10,9,1,2.43,0.79,499
C07502,churn_risk,5,3,2,6.84,0.13,499
C07503,reliable,7,7,0,0.18,0.8,499
C07504,reliable,17,17,0,0.93,0.73,499
C07505,reliable,6,6,0,0.61,0.87,499
C07506,reliable,19,17,2,0.95,0.83,499
C07507,occasionally_late,17,15,2,1.14,0.7,499
C07508,frequent_failure,19,14,5,7.32,0.2,499
C07509,reliable,26,26,0,0.57,0.8,499
C07510,occasionally_late,19,17,2,2.18,0.79,499
C07511,occasionally_late,14,14,0,1.1,0.54,499
C07512,frequent_failure,19,17,2,7.97,0.2,499
C07513,reliable,31,29,2,0.44,0.7,499
C07514,occasionally_late,16,13,3,1.42,0.61,499
C07515,reliable,8,8,0,0.54,0.84,499
C07516,reliable,16,15,1,0.41,0.92,499
C07517,occasionally_late,9,8,1,2.27,0.62,499
C07518,reliable,19,18,1,0.24,0.85,499
C07519,frequent_failure,3,1,2,5.23,0.21,499
C07520,frequent_failure,7,5,2,3.46,0.29,499
C07521,reliable,14,14,0,0.35,0.76,499
C07522,occasionally_late,9,6,3,1.88,0.78,499
C07523,reliable,19,19,0,0.58,0.84,499
C07524,reliable,36,36,0,0.05,0.74,499
C07525,reliable,20,19,1,0.9,0.85,499
C07526,occasionally_late,14,11,3,2.18,0.47,499
C07527,churn_risk,11,5,6,14.12,0.22,499
C07528,churn_risk,1,1,0,12.67,0.08,499
C07529,reliable,6,6,0,0.98,0.9,499
C07530,reliable,25,24,1,0.66,1.0,499
C07531,occasionally_late,12,10,2,2.05,0.8,499
C07532,reliable,8,7,1,0.13,0.8,499
C07533,churn_risk,3,3,0,13.39,0.23,499
C07534,occasionally_late,21,17,4,1.98,0.64,499
C07535,frequent_failure,14,13,1,6.3,0.5,499
C07536,reliable,25,24,1,0.87,0.93,499
C07537,churn_risk,1,1,0,11.1,0.23,499
C07538,reliable,36,36,0,0.89,0.97,499
C07539,reliable,16,15,1,0.6,0.89,499
C07540,occasionally_late,19,15,4,1.13,0.67,499
C07541,reliable,16,15,1,0.56,0.99,499
C07542,occasionally_late,19,17,2,2.93,0.49,499
C07543,occasionally_late,4,3,1,1.41,0.54,499
C07544,reliable,36,34,2,0.59,0.97,499
C07545,reliable,15,14,1,0.69,0.99,499
C07546,reliable,14,10,4,0.16,0.99,499
C07547,frequent_failure,19,15,4,5.03,0.43,499
C07548,reliable,13,12,1,0.07,0.85,499
C07549,reliable,20,20,0,0.62,0.85,499
C07550,reliable,24,22,2,0.67,0.99,499
C07551,reliable,12,12,0,0.49,0.94,499
C07552,frequent_failure,17,10,7,7.32,0.31,499
C07553,occasionally_late,24,20,4,3.65,0.76,499
C07554,reliable,10,10,0,0.08,0.73,499
C07555,occasionally_late,5,4,1,3.12,0.49,499
C07556,reliable,20,20,0,0.39,0.8,499
C07557,reliable,24,23,1,0.63,0.78,499
C07558,reliable,19,17,2,0.19,0.99,499
C07559,reliable,15,13,2,0.99,0.84,499
C07560,occasionally_late,19,18,1,3.11,0.7,499
C07561,reliable,35,32,3,0.76,0.89,499
C07562,frequent_failure,5,3,2,4.68,0.4,499
C07563,reliable,15,15,0,0.1,0.76,499
C07564,reliable,26,23,3,0.76,0.82,499
C07565,reliable,32,31,1,0.75,0.98,499
C07566,reliable,36,35,1,0.48,0.85,499
C07567,reliable,24,23,1,0.34,0.73,499
C07568,churn_risk,2,1,1,8.68,0.15,499
C07569,reliable,18,18,0,0.09,0.81,499
C07570,churn_risk,10,3,7,12.65,0.21,499
C07571,occasionally_late,10,9,1,2.95,0.53,499
C07572,frequent_failure,11,7,4,3.72,0.4,499
C07573,occasionally_late,8,5,3,2.13,0.71,499
C07574,occasionally_late,13,10,3,2.31,0.79,499
C07575,occasionally_late,11,9,2,1.17,0.51,499
C07576,reliable,33,33,0,0.78,0.86,499
C07577,reliable,11,11,0,0.65,0.91,499
C07578,reliable,30,24,6,0.82,0.76,499
C07579,reliable,27,27,0,0.03,0.72,499
C07580,occasionally_late,4,4,0,1.55,0.7,499
C07581,frequent_failure,6,3,3,4.66,0.19,499
C07582,occasionally_late,14,13,1,3.51,0.69,499
C07583,occasionally_late,14,12,2,3.66,0.51,499
C07584,occasionally_late,15,13,2,2.97,0.77,499
C07585,reliable,9,9,0,0.11,0.74,499
C07586,reliable,13,13,0,0.39,0.79,499
C07587,reliable,35,34,1,0.68,0.73,499
C07588,reliable,9,9,0,0.45,0.72,499
C07589,frequent_failure,10,7,3,5.0,0.3,499
C07590,frequent_failure,17,11,6,6.26,0.21,499
C07591,occasionally_late,16,10,6,2.32,0.77,499
C07592,churn_risk,2,0,2,13.0,0.29,499
C07593,frequent_failure,11,4,7,4.87,0.25,499
C07594,reliable,6,6,0,0.89,0.87,499
C07595,occasionally_late,12,11,1,3.2,0.75,499
C07596,reliable,36,34,2,0.57,0.72,499
C07597,occasionally_late,20,17,3,3.71,0.74,499
C07598,reliable,34,33,1,0.43,0.92,499
C07599,occasionally_late,23,20,3,2.95,0.71,499
C07600,frequent_failure,12,8,4,4.29,0.46,499
C07601,reliable,19,18,1,0.97,0.83,499
C07602,frequent_failure,19,13,6,3.87,0.24,499
C07603,occasionally_late,20,17,3,3.16,0.65,499
C07604,occasionally_late,6,5,1,3.92,0.74,499
C07605,occasionally_late,8,8,0,1.03,0.49,499
C07606,reliable,19,19,0,0.13,0.86,499
C07607,reliable,15,15,0,0.39,0.97,499
C07608,frequent_failure,7,6,1,7.81,0.16,499
C07609,reliable,6,6,0,0.5,0.73,499
C07610,churn_risk,6,3,3,14.23,0.12,499
C07611,reliable,12,11,1,0.56,0.7,499
C07612,frequent_failure,16,13,3,5.67,0.49,499
C07613,occasionally_late,19,16,3,3.97,0.75,499
C07614,reliable,22,20,2,0.5,0.76,499
C07615,frequent_failure,19,16,3,6.44,0.23,499
C07616,occasionally_late,6,6,0,2.9,0.68,499
C07617,reliable,34,33,1,1.0,0.78,499
C07618,occasionally_late,24,21,3,2.06,0.6,499
C07619,churn_risk,7,3,4,6.33,0.28,499
C07620,reliable,14,14,0,0.36,0.98,499
C07621,occasionally_late,23,21,2,3.23,0.51,499
C07622,occasionally_late,11,11,0,2.83,0.74,499
C07623,churn_risk,10,6,4,6.93,0.13,499
C07624,frequent_failure,5,4,1,5.2,0.36,499
C07625,reliable,33,33,0,0.98,0.83,499
C07626,occasionally_late,19,17,2,2.99,0.77,499
C07627,reliable,25,25,0,0.68,0.96,499
C07628,reliable,29,28,1,0.28,0.84,499
C07629,frequent_failure,15,9,6,7.27,0.44,499
C07630,reliable,25,25,0,0.83,0.9,499
C07631,occasionally_late,10,9,1,1.52,0.7,499
C07632,occasionally_late,9,8,1,1.4,0.48,499
C07633,reliable,30,28,2,0.89,0.74,499
C07634,reliable,34,32,2,0.8,0.91,499
C07635,occasionally_late,12,11,1,3.23,0.74,499
C07636,reliable,29,29,0,0.2,0.96,499
C07637,occasionally_late,18,14,4,3.51,0.46,499
C07638,reliable,35,35,0,0.11,1.0,499
C07639,occasionally_late,4,4,0,2.45,0.63,499
C07640,churn_risk,10,3,7,11.63,0.14,499
C07641,reliable,19,19,0,0.3,0.99,499
C07642,churn_risk,11,8,3,14.43,0.09,499
C07643,reliable,6,6,0,0.88,0.91,499
C07644,frequent_failure,9,4,5,5.53,0.34,499
C07645,churn_risk,10,8,2,12.66,0.28,499
C07646,reliable,29,27,2,0.05,0.87,499
C07647,reliable,35,33,2,0.33,0.99,499
C07648,frequent_failure,17,14,3,4.66,0.25,499
C07649,reliable,20,17,3,0.11,0.7,499
C07650,occasionally_late,20,18,2,2.72,0.59,499
C07651,occasionally_late,14,12,2,2.97,0.57,499
C07652,reliable,11,9,2,0.37,0.99,499
C07653,reliable,33,31,2,0.64,0.94,499
C07654,reliable,18,16,2,0.17,0.98,499
C07655,reliable,24,24,0,0.18,0.71,499
C07656,reliable,28,26,2,0.9,0.97,499
C07657,occasionally_late,17,15,2,2.62,0.54,499
C07658,reliable,7,7,0,0.89,0.98,499
C07659,reliable,35,34,1,0.56,0.85,499
C07660,occasionally_late,9,7,2,2.22,0.72,499
C07661,occasionally_late,5,5,0,3.88,0.72,499
C07662,occasionally_late,8,6,2,3.11,0.48,499
C07663,reliable,14,13,1,0.89,0.86,499
C07664,reliable,11,11,0,0.71,0.76,499
C07665,reliable,33,32,1,0.75,0.82,499
C07666,reliable,19,19,0,0.41,0.97,499
C07667,reliable,36,32,4,0.92,0.84,499
C07668,reliable,31,29,2,0.77,0.72,499
C07669,occasionally_late,4,4,0,3.22,0.5,499
C07670,reliable,28,28,0,0.69,0.8,499
C07671,occasionally_late,5,4,1,3.91,0.78,499
C07672,reliable,30,28,2,0.24,0.92,499
C07673,reliable,28,26,2,0.79,0.84,499
C07674,occasionally_late,15,13,2,2.19,0.72,499
C07675,occasionally_late,19,15,4,2.78,0.55,499
C07676,reliable,16,15,1,0.29,0.87,499
C07677,churn_risk,2,1,1,5.95,0.14,499
C07678,reliable,12,12,0,0.88,0.9,499
C07679,occasionally_late,7,6,1,1.26,0.5,499
C07680,occasionally_late,9,9,0,1.58,0.62,499
C07681,occasionally_late,24,23,1,1.83,0.79,499
C07682,churn_risk,2,2,0,14.09,0.12,499
C07683,reliable,33,31,2,0.79,0.73,499
C07684,churn_risk,5,3,2,9.85,0.28,499
C07685,reliable,30,30,0,0.73,0.81,499
C07686,frequent_failure,10,6,4,5.18,0.19,499
C07687,occasionally_late,7,6,1,2.17,0.54,499
C07688,occasionally_late,5,3,2,2.75,0.64,499
C07689,reliable,27,26,1,0.97,0.81,499
C07690,frequent_failure,5,3,2,3.16,0.29,499
C07691,reliable,11,11,0,0.76,0.74,499
C07692,reliable,24,22,2,0.71,0.7,499
C07693,reliable,32,29,3,0.17,1.0,499
C07694,reliable,15,15,0,0.44,0.84,499
C07695,reliable,28,27,1,0.46,0.86,499
C07696,frequent_failure,18,10,8,7.43,0.21,499
C07697,reliable,26,25,1,0.3,0.96,499
C07698,occasionally_late,13,10,3,1.27,0.66,499
C07699,reliable,7,6,1,0.03,0.73,499
C07700,reliable,18,18,0,0.75,0.89,499
C07701,frequent_failure,3,1,2,6.31,0.3,499
C07702,reliable,7,7,0,0.32,0.73,499
C07703,frequent_failure,3,3,0,6.41,0.47,499
C07704,frequent_failure,5,4,1,3.28,0.47,499
C07705,reliable,30,30,0,0.4,0.99,499
C07706,reliable,35,29,6,0.9,0.85,499
C07707,occasionally_late,4,4,0,1.05,0.75,499
C07708,reliable,15,14,1,0.81,0.8,499
C07709,frequent_failure,13,11,2,4.55,0.16,499
C07710,reliable,17,17,0,0.0,0.73,499
C07711,reliable,27,27,0,0.76,0.7,499
C07712,reliable,7,5,2,0.61,0.93,499
C07713,reliable,22,21,1,0.37,0.92,499
C07714,frequent_failure,14,10,4,3.71,0.21,499
C07715,reliable,22,18,4,0.49,0.9,499
C07716,occasionally_late,5,5,0,1.9,0.57,499
C07717,reliable,29,29,0,0.18,0.94,499
C07718,frequent_failure,5,2,3,7.26,0.18,499
C07719,reliable,10,9,1,0.61,0.7,499
C07720,occasionally_late,8,7,1,3.03,0.75,499
C07721,reliable,23,22,1,0.86,0.84,499
C07722,occasionally_late,18,14,4,3.45,0.62,499
C07723,churn_risk,6,4,2,10.29,0.08,499
C07724,reliable,27,25,2,0.96,0.95,499
C07725,reliable,28,25,3,0.76,0.83,499
C07726,reliable,29,28,1,0.48,0.74,499
C07727,churn_risk,5,3,2,12.36,0.05,499
C07728,reliable,17,16,1,0.01,0.82,499
C07729,churn_risk,3,2,1,7.63,0.18,499
C07730,reliable,12,12,0,0.76,0.95,499
C07731,occasionally_late,19,13,6,2.92,0.54,499
C07732,frequent_failure,5,5,0,6.75,0.43,499
C07733,occasionally_late,9,9,0,1.35,0.62,499
C07734,churn_risk,8,4,4,7.99,0.08,499
C07735,churn_risk,5,2,3,5.12,0.14,499
C07736,occasionally_late,11,9,2,1.88,0.48,499
C07737,reliable,36,36,0,0.58,0.85,499
C07738,reliable,15,13,2,0.67,0.95,499
C07739,reliable,27,27,0,0.14,0.72,499
C07740,frequent_failure,16,11,5,4.63,0.37,499
C07741,reliable,29,27,2,0.51,0.87,499
C07742,reliable,6,5,1,0.81,0.8,499
C07743,reliable,10,9,1,0.73,0.8,499
C07744,reliable,27,27,0,0.15,0.72,499
C07745,reliable,26,23,3,0.16,0.95,499
C07746,reliable,21,20,1,0.1,0.78,499
C07747,reliable,30,29,1,0.88,0.96,499
C07748,reliable,9,9,0,0.95,0.82,499
C07749,reliable,21,17,4,0.07,0.83,499
C07750,reliable,33,33,0,0.2,0.91,499
C07751,reliable,25,23,2,0.94,0.88,499
C07752,reliable,18,17,1,0.93,0.92,499
C07753,occasionally_late,21,15,6,3.31,0.49,499
C07754,reliable,18,17,1,0.53,0.82,499
C07755,occasionally_late,20,18,2,2.92,0.8,499
C07756,occasionally_late,22,19,3,3.57,0.52,499
C07757,reliable,34,33,1,0.76,0.96,499
C07758,frequent_failure,19,16,3,4.22,0.19,499
C07759,reliable,8,7,1,0.74,0.87,499
C07760,churn_risk,7,2,5,14.53,0.23,499
C07761,reliable,25,21,4,0.81,0.98,499
C07762,reliable,11,10,1,0.54,0.79,499
C07763,occasionally_late,11,7,4,3.73,0.49,499
C07764,occasionally_late,20,18,2,2.8,0.5,499
C07765,occasionally_late,16,14,2,3.79,0.8,499
C07766,reliable,34,34,0,0.84,0.72,499
C07767,reliable,27,27,0,0.33,0.94,499
C07768,frequent_failure,7,7,0,5.46,0.37,499
C07769,reliable,9,9,0,0.55,0.82,499
C07770,occasionally_late,18,14,4,2.57,0.56,499
C07771,reliable,14,13,1,0.65,0.96,499
C07772,occasionally_late,4,3,1,2.38,0.5,499
C07773,reliable,16,16,0,0.93,1.0,499
C07774,occasionally_late,7,6,1,3.93,0.75,499
C07775,reliable,16,14,2,0.26,0.93,499
C07776,reliable,24,24,0,0.04,0.93,499
C07777,occasionally_late,5,4,1,2.25,0.47,499
C07778,occasionally_late,11,10,1,2.46,0.55,499
C07779,frequent_failure,8,6,2,4.81,0.47,499
C07780,reliable,29,27,2,0.36,0.96,499
C07781,occasionally_late,17,15,2,1.18,0.56,499
C07782,occasionally_late,21,20,1,1.66,0.55,499
C07783,reliable,15,14,1,0.61,0.72,499
C07784,occasionally_late,7,6,1,2.53,0.8,499
C07785,churn_risk,3,2,1,13.31,0.26,499
C07786,reliable,27,27,0,0.36,0.73,499
C07787,reliable,7,7,0,0.62,0.75,499
C07788,reliable,25,24,1,0.24,0.98,499
C07789,reliable,19,19,0,0.84,0.94,499
C07790,reliable,22,21,1,0.39,0.91,499
C07791,reliable,30,26,4,0.75,0.91,499
C07792,reliable,27,25,2,0.0,0.72,499
C07793,frequent_failure,18,11,7,7.28,0.17,499
C07794,reliable,33,31,2,0.74,0.71,499
C07795,reliable,12,12,0,0.53,1.0,499
C07796,reliable,31,30,1,0.56,0.87,499
C07797,churn_risk,5,2,3,6.36,0.19,499
C07798,reliable,18,15,3,0.79,0.98,499
C07799,reliable,13,11,2,0.75,0.73,499
C07800,reliable,9,9,0,0.51,0.85,499
C07801,reliable,36,33,3,0.34,0.96,499
C07802,reliable,17,15,2,0.75,0.71,499
C07803,churn_risk,9,5,4,10.39,0.27,499
C07804,frequent_failure,8,5,3,3.4,0.34,499
C07805,churn_risk,10,4,6,7.95,0.29,499
C07806,reliable,22,20,2,0.84,0.78,499
C07807,reliable,36,34,2,0.44,0.78,499
C07808,occasionally_late,21,15,6,2.72,0.76,499
C07809,occasionally_late,15,13,2,1.69,0.66,499
C07810,reliable,8,8,0,0.97,0.95,499
C07811,churn_risk,4,4,0,11.19,0.08,499
C07812,occasionally_late,8,7,1,1.41,0.59,499
C07813,reliable,18,16,2,0.77,0.9,499
C07814,reliable,23,23,0,0.86,0.76,499
C07815,reliable,20,20,0,0.31,0.72,499
C07816,reliable,33,33,0,0.32,0.96,499
C07817,occasionally_late,5,4,1,1.59,0.53,499
C07818,churn_risk,7,3,4,10.9,0.15,499
C07819,occasionally_late,13,11,2,3.27,0.61,499
C07820,reliable,8,8,0,0.3,0.99,499
C07821,churn_risk,9,6,3,14.5,0.25,499
C07822,churn_risk,5,2,3,14.15,0.09,499
C07823,reliable,8,8,0,0.13,0.8,499
C07824,reliable,23,23,0,0.16,0.71,499
C07825,reliable,12,12,0,0.46,0.84,499
C07826,occasionally_late,15,14,1,3.13,0.71,499
C07827,frequent_failure,11,7,4,3.34,0.25,499
C07828,frequent_failure,6,3,3,5.0,0.49,499
C07829,frequent_failure,4,4,0,4.9,0.32,499
C07830,occasionally_late,14,12,2,1.99,0.57,499
C07831,occasionally_late,14,14,0,3.1,0.75,499
C07832,reliable,20,19,1,0.26,0.85,499
C07833,occasionally_late,14,13,1,3.34,0.59,499
C07834,reliable,34,34,0,0.15,0.95,499
C07835,reliable,14,14,0,0.86,0.84,499
C07836,reliable,21,21,0,0.31,0.76,499
C07837,reliable,23,21,2,0.81,0.91,499
C07838,reliable,10,9,1,0.37,0.99,499
C07839,reliable,28,28,0,0.48,0.92,499
C07840,frequent_failure,11,10,1,6.97,0.34,499
C07841,occasionally_late,18,18,0,3.54,0.68,499
C07842,occasionally_late,18,9,9,2.75,0.72,499
C07843,reliable,7,7,0,0.75,0.87,499
C07844,churn_risk,1,0,1,12.97,0.28,499
C07845,reliable,31,31,0,0.93,0.95,499
C07846,frequent_failure,19,14,5,7.75,0.35,499
C07847,frequent_failure,14,10,4,3.18,0.19,499
C07848,reliable,20,20,0,0.64,0.78,499
C07849,reliable,28,28,0,0.63,0.92,499
C07850,occasionally_late,18,14,4,1.93,0.74,499
C07851,churn_risk,7,5,2,10.71,0.28,499
C07852,reliable,31,27,4,0.84,0.84,499
C07853,occasionally_late,7,4,3,1.67,0.49,499
C07854,frequent_failure,8,6,2,7.04,0.36,499
C07855,churn_risk,2,2,0,13.25,0.21,499
C07856,occasionally_late,20,16,4,4.0,0.63,499
C07857,reliable,22,21,1,0.88,0.7,499
C07858,frequent_failure,11,8,3,5.6,0.2,499
C07859,occasionally_late,6,6,0,2.13,0.62,499
C07860,occasionally_late,24,23,1,2.34,0.56,499
C07861,reliable,13,13,0,0.89,0.88,499
C07862,reliable,8,7,1,0.5,0.86,499
C07863,churn_risk,4,1,3,13.85,0.24,499
C07864,reliable,16,16,0,0.08,0.84,499
C07865,reliable,20,20,0,0.34,0.85,499
C07866,reliable,35,33,2,0.05,0.82,499
C07867,reliable,6,6,0,0.98,0.73,499
C07868,reliable,34,33,1,0.16,0.73,499
C07869,occasionally_late,20,19,1,1.43,0.48,499
C07870,reliable,25,25,0,0.75,0.78,499
C07871,occasionally_late,22,21,1,3.23,0.55,499
C07872,reliable,29,29,0,0.24,0.92,499
C07873,reliable,31,31,0,0.48,0.99,499
C07874,reliable,26,25,1,0.72,0.86,499
C07875,reliable,32,31,1,0.33,0.89,499
C07876,occasionally_late,11,11,0,1.74,0.58,499
C07877,occasionally_late,17,15,2,2.2,0.71,499
C07878,churn_risk,8,4,4,8.38,0.26,499
C07879,churn_risk,2,0,2,13.86,0.12,499
C07880,reliable,19,17,2,0.42,0.98,499
C07881,reliable,33,32,1,0.32,0.95,499
C07882,churn_risk,6,4,2,9.74,0.13,499
C07883,churn_risk,1,0,1,14.8,0.16,499
C07884,frequent_failure,13,11,2,4.26,0.33,499
C07885,frequent_failure,6,5,1,4.62,0.22,499
C07886,reliable,13,13,0,0.79,0.91,499
C07887,occasionally_late,9,9,0,3.86,0.69,499
C07888,reliable,34,30,4,0.97,0.89,499
C07889,occasionally_late,7,7,0,3.37,0.49,499
C07890,reliable,17,17,0,0.28,0.85,499
C07891,churn_risk,2,2,0,9.2,0.28,499
C07892,reliable,36,36,0,0.26,0.91,499
C07893,reliable,21,20,1,0.24,0.93,499
C07894,occasionally_late,6,6,0,1.61,0.56,499
C07895,reliable,18,18,0,0.62,0.91,499
C07896,occasionally_late,20,18,2,3.14,0.74,499
C07897,reliable,32,32,0,0.07,0.94,499
C07898,occasionally_late,10,8,2,3.09,0.5,499
C07899,occasionally_late,15,14,1,3.63,0.78,499
C07900,reliable,27,27,0,0.08,0.88,499
C07901,frequent_failure,10,8,2,6.59,0.48,499
C07902,reliable,13,13,0,0.46,0.74,499
C07903,occasionally_late,10,8,2,3.35,0.8,499
C07904,frequent_failure,15,9,6,7.9,0.41,499
C07905,occasionally_late,8,7,1,1.64,0.66,499
C07906,occasionally_late,12,12,0,3.15,0.49,499
C07907,reliable,24,24,0,0.59,0.96,499
C07908,occasionally_late,19,16,3,2.96,0.57,499
C07909,reliable,7,7,0,0.02,0.75,499
C07910,reliable,32,30,2,0.25,0.75,499
C07911,reliable,10,10,0,0.11,0.98,499
C07912,occasionally_late,6,6,0,3.11,0.74,499
C07913,occasionally_late,18,16,2,2.38,0.59,499
C07914,reliable,17,17,0,0.76,0.8,499
C07915,reliable,36,36,0,0.77,0.95,499
C07916,occasionally_late,5,4,1,1.32,0.64,499
C07917,reliable,6,6,0,0.26,0.86,499
C07918,reliable,15,15,0,0.39,0.91,499
C07919,reliable,23,21,2,0.75,0.94,499
C07920,reliable,9,9,0,0.83,0.74,499
C07921,occasionally_late,12,10,2,2.43,0.47,499
C07922,occasionally_late,21,17,4,2.39,0.51,499
C07923,frequent_failure,5,2,3,5.85,0.22,499
C07924,frequent_failure,6,4,2,4.35,0.44,499
C07925,occasionally_late,12,12,0,1.41,0.58,499
C07926,occasionally_late,19,18,1,3.81,0.74,499
C07927,reliable,22,21,1,0.91,0.78,499
C07928,reliable,28,26,2,0.38,0.94,499
C07929,reliable,6,6,0,0.76,0.9,499
C07930,reliable,32,29,3,0.87,0.8,499
C07931,occasionally_late,21,17,4,3.75,0.61,499
C07932,occasionally_late,20,16,4,3.32,0.72,499
C07933,reliable,23,22,1,0.97,0.76,499
C07934,occasionally_late,24,22,2,2.19,0.61,499
C07935,frequent_failure,19,15,4,4.75,0.24,499
C07936,reliable,20,19,1,0.12,0.71,499
C07937,reliable,10,10,0,0.48,0.89,499
C07938,churn_risk,11,5,6,6.04,0.2,499
C07939,frequent_failure,4,2,2,4.76,0.32,499
C07940,churn_risk,1,0,1,13.61,0.17,499
C07941,churn_risk,8,6,2,8.97,0.14,499
C07942,reliable,18,17,1,0.49,0.98,499
C07943,reliable,26,26,0,0.68,0.97,499
C07944,reliable,23,23,0,0.84,0.74,499
C07945,reliable,27,24,3,0.57,0.72,499
C07946,occasionally_late,8,7,1,1.21,0.66,499
C07947,frequent_failure,14,10,4,7.39,0.35,499
C07948,occasionally_late,19,17,2,2.65,0.68,499
C07949,churn_risk,6,1,5,5.08,0.26,499
C07950,reliable,23,23,0,0.84,0.96,499
C07951,reliable,28,27,1,0.34,0.84,499
C07952,reliable,29,25,4,0.34,0.94,499
C07953,reliable,15,14,1,0.04,0.81,499
C07954,frequent_failure,15,13,2,6.84,0.2,499
C07955,occasionally_late,24,22,2,3.93,0.74,499
C07956,occasionally_late,6,4,2,2.71,0.47,499
C07957,reliable,27,25,2,0.35,0.79,499
C07958,reliable,12,12,0,0.09,0.82,499
C07959,reliable,26,23,3,0.15,0.89,499
C07960,frequent_failure,13,9,4,3.09,0.5,499
C07961,reliable,28,27,1,0.08,0.75,499
C07962,occasionally_late,8,6,2,1.56,0.48,499
C07963,reliable,22,22,0,0.11,0.85,499
C07964,occasionally_late,7,4,3,3.14,0.76,499
C07965,reliable,12,12,0,0.62,0.99,499
C07966,occasionally_late,12,9,3,1.77,0.73,499
C07967,occasionally_late,18,15,3,3.17,0.52,499
C07968,frequent_failure,5,5,0,6.06,0.31,499
C07969,occasionally_late,7,6,1,1.42,0.49,499
C07970,frequent_failure,18,11,7,3.7,0.44,499
C07971,reliable,27,27,0,0.93,0.93,499
C07972,reliable,34,33,1,0.53,0.95,499
C07973,reliable,8,8,0,0.34,0.78,499
C07974,churn_risk,1,1,0,5.2,0.16,499
C07975,churn_risk,4,1,3,14.94,0.07,499
C07976,reliable,12,11,1,0.73,0.96,499
C07977,churn_risk,4,1,3,13.77,0.28,499
C07978,occasionally_late,15,14,1,3.84,0.7,499
C07979,occasionally_late,15,15,0,3.09,0.61,499
C07980,reliable,15,15,0,0.55,0.96,499
C07981,reliable,11,11,0,0.03,0.84,499
C07982,occasionally_late,12,11,1,3.47,0.65,499
C07983,frequent_failure,5,4,1,6.45,0.39,499
C07984,churn_risk,6,3,3,9.08,0.27,499
C07985,reliable,31,30,1,0.31,0.79,499
C07986,reliable,15,15,0,0.97,0.85,499
C07987,reliable,30,29,1,0.87,0.86,499
C07988,frequent_failure,7,5,2,5.69,0.47,499
C07989,churn_risk,2,1,1,9.22,0.29,499
C07990,reliable,23,23,0,0.74,0.88,499
C07991,reliable,11,11,0,0.33,0.92,499
C07992,frequent_failure,7,5,2,4.23,0.41,499
C07993,reliable,24,24,0,0.79,1.0,499
C07994,churn_risk,9,7,2,8.71,0.29,499
C07995,occasionally_late,5,5,0,1.99,0.77,499
C07996,occasionally_late,10,10,0,3.73,0.59,499
C07997,occasionally_late,18,17,1,2.71,0.57,499
C07998,frequent_failure,7,5,2,6.41,0.29,499
C07999,reliable,18,17,1,0.7,0.86,499
C08000,reliable,23,23,0,0.67,1.0,499
C08001,reliable,31,31,0,0.43,0.9,499
C08002,frequent_failure,8,5,3,3.63,0.42,499
C08003,reliable,34,34,0,0.07,0.86,499
C08004,occasionally_late,14,11,3,3.32,0.78,499
C08005,reliable,15,13,2,0.96,0.89,499
C08006,reliable,28,26,2,0.71,1.0,499
C08007,occasionally_late,13,10,3,1.65,0.77,499
C08008,reliable,28,28,0,0.47,0.77,499
C08009,reliable,15,14,1,0.19,0.97,499
C08010,reliable,16,16,0,0.92,0.99,499
C08011,reliable,21,20,1,0.25,0.81,499
C08012,frequent_failure,10,8,2,4.18,0.36,499
C08013,reliable,24,23,1,0.26,0.96,499
C08014,occasionally_late,14,13,1,2.66,0.67,499
C08015,frequent_failure,14,11,3,5.33,0.48,499
C08016,occasionally_late,13,10,3,1.19,0.5,499
C08017,occasionally_late,5,5,0,2.12,0.73,499
C08018,reliable,32,32,0,0.93,0.88,499
C08019,occasionally_late,24,18,6,2.83,0.54,499
C08020,occasionally_late,14,14,0,1.66,0.66,499
C08021,frequent_failure,14,12,2,5.28,0.47,499
C08022,occasionally_late,4,3,1,2.24,0.46,499
C08023,frequent_failure,5,3,2,3.32,0.46,499
C08024,occasionally_late,24,22,2,1.42,0.73,499
C08025,reliable,10,10,0,0.13,0.96,499
C08026,reliable,35,33,2,0.55,0.94,499
C08027,reliable,33,33,0,0.98,0.86,499
C08028,reliable,22,22,0,0.29,0.78,499
C08029,frequent_failure,13,11,2,4.38,0.28,499
C08030,reliable,7,7,0,0.82,0.95,499
C08031,reliable,18,18,0,0.87,1.0,499
C08032,reliable,30,30,0,0.68,0.75,499
C08033,reliable,21,20,1,0.32,0.87,499
C08034,reliable,18,16,2,0.23,0.74,499
C08035,occasionally_late,19,17,2,3.82,0.7,499
C08036,occasionally_late,21,16,5,1.31,0.51,499
C08037,reliable,8,8,0,0.36,0.98,499
C08038,reliable,13,12,1,0.53,0.79,499
C08039,reliable,9,9,0,0.07,0.95,499
C08040,reliable,26,24,2,0.91,0.89,499
C08041,churn_risk,9,3,6,13.11,0.15,499
C08042,occasionally_late,14,10,4,1.58,0.67,499
C08043,reliable,10,10,0,0.73,0.86,499
C08044,occasionally_late,13,13,0,1.96,0.53,499
C08045,reliable,18,17,1,0.69,0.71,499
C08046,occasionally_late,12,10,2,3.52,0.66,499
C08047,occasionally_late,10,8,2,1.7,0.54,499
C08048,frequent_failure,7,4,3,4.06,0.24,499
C08049,frequent_failure,6,5,1,6.38,0.43,499
C08050,reliable,11,10,1,0.9,0.75,499
C08051,reliable,28,28,0,0.11,0.95,499
C08052,occasionally_late,6,6,0,1.59,0.67,499
C08053,reliable,27,27,0,0.77,0.89,499
C08054,reliable,34,33,1,0.96,0.77,499
C08055,reliable,26,24,2,0.39,0.87,499
C08056,frequent_failure,17,13,4,3.44,0.36,499
C08057,occasionally_late,4,3,1,2.2,0.76,499
C08058,reliable,20,20,0,0.94,0.96,499
C08059,churn_risk,10,2,8,13.66,0.29,499
C08060,reliable,28,28,0,0.91,0.86,499
C08061,churn_risk,5,3,2,14.71,0.27,499
C08062,occasionally_late,22,22,0,1.51,0.76,499
C08063,occasionally_late,10,10,0,1.62,0.57,499
C08064,occasionally_late,17,16,1,1.18,0.72,499
C08065,reliable,13,13,0,0.76,0.83,499
C08066,occasionally_late,11,10,1,1.67,0.65,499
C08067,reliable,22,22,0,0.09,0.7,499
C08068,churn_risk,2,0,2,9.65,0.26,499
C08069,reliable,22,22,0,0.5,0.73,499
C08070,churn_risk,8,4,4,8.95,0.29,499
C08071,frequent_failure,3,2,1,5.5,0.36,499
C08072,reliable,36,33,3,0.47,0.96,499
C08073,frequent_failure,13,8,5,6.75,0.39,499
C08074,occasionally_late,18,18,0,3.89,0.48,499
C08075,frequent_failure,6,4,2,4.43,0.5,499
C08076,reliable,7,6,1,0.31,0.75,499
C08077,occasionally_late,13,12,1,1.48,0.79,499
C08078,occasionally_late,19,12,7,2.29,0.48,499
C08079,reliable,16,14,2,0.63,0.82,499
C08080,reliable,35,34,1,0.92,0.89,499
C08081,occasionally_late,21,19,2,2.61,0.47,499
C08082,reliable,7,7,0,0.09,0.81,499
C08083,occasionally_late,6,4,2,1.48,0.47,499
C08084,frequent_failure,8,5,3,6.23,0.22,499
C08085,reliable,13,12,1,0.11,0.79,499
C08086,reliable,6,6,0,0.06,0.93,499
C08087,reliable,10,10,0,0.0,0.8,499
C08088,occasionally_late,20,17,3,3.15,0.56,499
C08089,reliable,36,33,3,0.33,0.92,499
C08090,reliable,27,23,4,0.83,0.72,499
C08091,churn_risk,5,4,1,8.46,0.25,499
C08092,frequent_failure,11,7,4,3.46,0.24,499
C08093,reliable,32,31,1,0.57,0.88,499
C08094,reliable,11,10,1,0.87,0.86,499
C08095,reliable,27,26,1,0.76,0.85,499
C08096,reliable,25,25,0,0.65,0.73,499
C08097,occasionally_late,24,19,5,1.46,0.51,499
C08098,churn_risk,10,7,3,11.93,0.25,499
C08099,occasionally_late,24,19,5,3.35,0.55,499
C08100,occasionally_late,4,2,2,3.32,0.5,499
C08101,reliable,26,23,3,0.37,0.98,499
C08102,frequent_failure,4,2,2,4.2,0.19,499
C08103,occasionally_late,16,14,2,1.19,0.47,499
C08104,reliable,17,17,0,0.18,0.77,499
C08105,frequent_failure,18,14,4,4.37,0.2,499
C08106,frequent_failure,11,6,5,3.05,0.28,499
C08107,churn_risk,6,3,3,11.69,0.14,499
C08108,frequent_failure,4,4,0,3.16,0.46,499
C08109,reliable,24,24,0,0.71,0.84,499
C08110,frequent_failure,19,15,4,3.72,0.21,499
C08111,occasionally_late,23,22,1,2.99,0.48,499
C08112,reliable,29,29,0,0.08,0.71,499
C08113,occasionally_late,5,4,1,2.59,0.53,499
C08114,reliable,10,10,0,0.69,0.82,499
C08115,reliable,8,8,0,0.21,0.8,499
C08116,frequent_failure,10,7,3,6.22,0.22,499
C08117,occasionally_late,6,6,0,2.79,0.74,499
C08118,reliable,34,32,2,0.17,0.74,499
C08119,reliable,13,12,1,0.73,0.71,499
C08120,frequent_failure,19,16,3,3.43,0.34,499
C08121,reliable,16,16,0,0.23,0.81,499
C08122,reliable,19,18,1,0.19,0.99,499
C08123,reliable,8,8,0,0.91,0.78,499
C08124,occasionally_late,24,19,5,2.02,0.71,499
C08125,churn_risk,1,0,1,13.55,0.28,499
C08126,occasionally_late,14,12,2,3.75,0.5,499
C08127,reliable,21,21,0,0.63,0.9,499
C08128,reliable,6,5,1,0.17,0.72,499
C08129,reliable,28,27,1,0.34,0.89,499
C08130,occasionally_late,7,5,2,2.27,0.71,499
C08131,reliable,34,32,2,0.91,0.95,499
C08132,occasionally_late,14,11,3,3.14,0.48,499
C08133,reliable,12,12,0,0.68,0.78,499
C08134,frequent_failure,12,10,2,4.75,0.2,499
C08135,frequent_failure,3,3,0,7.51,0.41,499
C08136,reliable,33,32,1,0.39,0.82,499
C08137,reliable,35,35,0,0.33,0.87,499
C08138,reliable,17,17,0,0.85,0.94,499
C08139,reliable,14,11,3,0.84,0.98,499
C08140,reliable,19,19,0,0.74,0.98,499
C08141,reliable,6,6,0,0.21,0.98,499
C08142,frequent_failure,6,2,4,7.34,0.48,499
C08143,frequent_failure,10,6,4,6.7,0.49,499
C08144,occasionally_late,17,16,1,1.37,0.51,499
C08145,reliable,10,10,0,0.26,0.79,499
C08146,reliable,18,18,0,0.91,0.79,499
C08147,frequent_failure,12,12,0,6.22,0.41,499
C08148,frequent_failure,6,4,2,7.04,0.39,499
C08149,reliable,33,31,2,0.65,0.83,499
C08150,reliable,19,19,0,0.39,0.88,499
C08151,reliable,34,33,1,0.14,0.83,499
C08152,churn_risk,7,4,3,10.63,0.19,499
C08153,reliable,6,6,0,0.28,0.8,499
C08154,reliable,27,26,1,0.29,0.72,499
C08155,occasionally_late,10,9,1,3.77,0.75,499
C08156,reliable,27,23,4,0.15,0.9,499
C08157,reliable,25,23,2,0.71,0.73,499
C08158,reliable,9,9,0,0.59,0.86,499
C08159,occasionally_late,18,14,4,1.6,0.6,499
C08160,frequent_failure,7,2,5,4.3,0.49,499
C08161,occasionally_late,21,15,6,1.32,0.62,499
C08162,reliable,30,27,3,0.9,0.78,499
C08163,occasionally_late,9,9,0,1.58,0.73,499
C08164,frequent_failure,17,8,9,5.85,0.43,499
C08165,reliable,36,33,3,0.43,0.99,499
C08166,reliable,16,14,2,0.76,0.95,499
C08167,occasionally_late,9,8,1,3.15,0.62,499
C08168,occasionally_late,15,12,3,1.97,0.63,499
C08169,occasionally_late,10,9,1,3.8,0.78,499
C08170,reliable,32,30,2,0.74,0.85,499
C08171,reliable,30,30,0,0.55,0.76,499
C08172,reliable,30,30,0,0.69,0.76,499
C08173,reliable,27,27,0,0.72,0.73,499
C08174,frequent_failure,5,2,3,7.37,0.45,499
C08175,occasionally_late,23,17,6,2.17,0.61,499
C08176,churn_risk,2,1,1,7.84,0.08,499
C08177,reliable,26,26,0,0.65,0.71,499
C08178,reliable,24,24,0,0.62,0.96,499
C08179,reliable,27,27,0,0.99,0.89,499
C08180,reliable,8,7,1,0.02,0.81,499
C08181,occasionally_late,22,20,2,3.79,0.79,499
C08182,occasionally_late,20,16,4,3.38,0.63,499
C08183,occasionally_late,11,9,2,2.21,0.58,499
C08184,occasionally_late,16,15,1,1.87,0.59,499
C08185,reliable,26,25,1,0.14,0.81,499
C08186,occasionally_late,11,9,2,1.81,0.5,499
C08187,reliable,35,35,0,0.64,0.89,499
C08188,reliable,12,12,0,0.96,0.79,499
C08189,reliable,21,21,0,0.33,0.78,499
C08190,reliable,18,17,1,0.7,0.75,499
C08191,reliable,20,19,1,0.97,0.85,499
C08192,reliable,8,7,1,0.23,0.94,499
C08193,reliable,24,22,2,0.29,0.93,499
C08194,occasionally_late,18,15,3,1.94,0.6,499
C08195,reliable,13,13,0,0.5,0.93,499
C08196,reliable,18,18,0,0.82,0.87,499
C08197,occasionally_late,23,18,5,2.84,0.63,499
C08198,churn_risk,1,1,0,11.36,0.27,499
C08199,occasionally_late,6,5,1,1.17,0.7,499
C08200,churn_risk,5,2,3,14.69,0.13,499
C08201,reliable,16,16,0,0.41,0.72,499
C08202,reliable,10,9,1,0.21,0.79,499
C08203,churn_risk,3,2,1,6.17,0.19,499
C08204,churn_risk,5,4,1,10.02,0.24,499
C08205,reliable,23,23,0,0.38,0.83,499
C08206,reliable,34,34,0,0.75,0.91,499
C08207,churn_risk,2,2,0,11.85,0.12,499
C08208,occasionally_late,17,15,2,2.52,0.77,499
C08209,occasionally_late,21,18,3,2.12,0.48,499
C08210,churn_risk,5,2,3,12.96,0.29,499
C08211,reliable,31,29,2,0.69,0.74,499
C08212,reliable,11,11,0,0.8,0.87,499
C08213,occasionally_late,24,19,5,3.34,0.76,499
C08214,occasionally_late,22,22,0,2.26,0.54,499
C08215,frequent_failure,13,9,4,4.39,0.48,499
C08216,occasionally_late,23,20,3,3.28,0.78,499
C08217,reliable,6,6,0,0.9,0.87,499
C08218,reliable,35,33,2,0.44,0.88,499
C08219,reliable,24,24,0,0.13,0.98,499
C08220,occasionally_late,5,4,1,2.24,0.72,499
C08221,occasionally_late,14,12,2,3.61,0.7,499
C08222,reliable,28,28,0,0.18,0.9,499
C08223,reliable,34,32,2,0.46,0.92,499
C08224,reliable,11,10,1,0.08,0.81,499
C08225,reliable,34,33,1,1.0,0.93,499
C08226,occasionally_late,17,14,3,3.81,0.7,499
C08227,reliable,8,8,0,0.7,0.9,499
C08228,reliable,15,13,2,0.19,0.98,499
C08229,reliable,9,9,0,0.43,0.8,499
C08230,reliable,17,15,2,0.81,0.89,499
C08231,occasionally_late,18,15,3,2.94,0.5,499
C08232,reliable,20,19,1,0.23,0.82,499
C08233,frequent_failure,11,8,3,7.66,0.43,499
C08234,frequent_failure,7,5,2,3.1,0.18,499
C08235,reliable,7,7,0,0.41,0.98,499
C08236,reliable,27,26,1,0.54,0.84,499
C08237,churn_risk,1,1,0,14.81,0.28,499
C08238,reliable,34,31,3,0.58,0.84,499
C08239,reliable,6,6,0,0.6,0.9,499
C08240,frequent_failure,4,3,1,3.75,0.32,499
C08241,reliable,15,14,1,0.6,0.84,499
C08242,occasionally_late,6,6,0,2.95,0.62,499
C08243,reliable,9,9,0,0.01,0.75,499
C08244,frequent_failure,11,8,3,3.5,0.31,499
C08245,reliable,26,26,0,0.0,0.84,499
C08246,reliable,21,19,2,0.39,0.96,499
C08247,reliable,6,6,0,0.62,0.78,499
C08248,reliable,28,28,0,0.32,0.86,499
C08249,occasionally_late,16,14,2,1.13,0.73,499
C08250,frequent_failure,7,3,4,4.9,0.36,499
C08251,reliable,8,8,0,0.33,0.85,499
C08252,reliable,9,9,0,0.94,0.98,499
C08253,reliable,35,35,0,0.84,0.94,499
C08254,occasionally_late,5,5,0,3.09,0.63,499
C08255,occasionally_late,8,8,0,3.63,0.56,499
C08256,occasionally_late,17,15,2,3.79,0.69,499
C08257,frequent_failure,3,1,2,4.9,0.22,499
C08258,frequent_failure,6,5,1,4.72,0.16,499
C08259,frequent_failure,9,5,4,7.11,0.23,499
C08260,occasionally_late,10,9,1,3.66,0.76,499
C08261,reliable,23,23,0,0.96,0.85,499
C08262,reliable,33,31,2,0.76,0.9,499
C08263,frequent_failure,12,6,6,7.69,0.36,499
C08264,occasionally_late,7,6,1,2.29,0.76,499
C08265,reliable,27,24,3,0.33,0.9,499
C08266,reliable,8,8,0,0.42,0.88,499
C08267,reliable,6,6,0,0.94,0.94,499
C08268,frequent_failure,11,7,4,4.48,0.31,499
C08269,churn_risk,4,1,3,6.94,0.08,499
C08270,frequent_failure,6,4,2,7.39,0.17,499
C08271,occasionally_late,14,14,0,1.96,0.55,499
C08272,churn_risk,4,2,2,13.02,0.28,499
C08273,churn_risk,8,5,3,13.45,0.25,499
C08274,reliable,18,18,0,0.56,0.92,499
C08275,reliable,18,16,2,0.05,0.9,499
C08276,reliable,35,34,1,0.36,0.75,499
C08277,occasionally_late,15,13,2,1.4,0.63,499
C08278,reliable,15,14,1,0.54,0.78,499
C08279,occasionally_late,16,12,4,3.87,0.62,499
C08280,reliable,22,21,1,0.9,0.89,499
C08281,reliable,7,7,0,0.73,0.95,499
C08282,reliable,6,5,1,0.91,0.91,499
C08283,occasionally_late,22,22,0,2.62,0.77,499
C08284,occasionally_late,23,22,1,2.69,0.69,499
C08285,occasionally_late,24,23,1,2.56,0.6,499
C08286,reliable,14,13,1,0.97,0.92,499
C08287,occasionally_late,11,8,3,3.66,0.5,499
C08288,frequent_failure,14,9,5,4.71,0.49,499
C08289,occasionally_late,15,12,3,3.42,0.59,499
C08290,reliable,11,8,3,0.07,0.84,499
C08291,churn_risk,6,4,2,13.53,0.06,499
C08292,frequent_failure,19,13,6,4.67,0.32,499
C08293,reliable,32,31,1,0.62,0.96,499
C08294,reliable,26,24,2,0.47,0.76,499
C08295,churn_risk,10,6,4,14.93,0.27,499
C08296,occasionally_late,12,11,1,3.85,0.74,499
C08297,frequent_failure,4,3,1,6.53,0.16,499
C08298,reliable,28,26,2,0.37,0.94,499
C08299,reliable,23,22,1,0.13,0.87,499
C08300,reliable,10,10,0,0.29,0.8,499
C08301,reliable,7,7,0,0.33,0.74,499
C08302,frequent_failure,5,4,1,4.49,0.38,499
C08303,reliable,26,24,2,0.08,0.87,499
C08304,reliable,10,10,0,0.33,0.94,499
C08305,churn_risk,1,0,1,9.68,0.16,499
C08306,frequent_failure,16,12,4,5.54,0.41,499
C08307,reliable,24,23,1,0.02,0.81,499
C08308,churn_risk,9,6,3,14.32,0.21,499
C08309,churn_risk,4,2,2,11.93,0.05,499
C08310,occasionally_late,11,11,0,1.96,0.74,499
C08311,churn_risk,1,1,0,13.68,0.06,499
C08312,reliable,34,30,4,0.04,0.91,499
C08313,occasionally_late,9,7,2,3.36,0.72,499
C08314,churn_risk,7,3,4,5.84,0.28,499
C08315,frequent_failure,5,5,0,3.17,0.16,499
C08316,reliable,30,29,1,0.1,0.86,499
C08317,reliable,35,35,0,0.14,0.74,499
C08318,reliable,6,6,0,0.71,0.76,499
C08319,churn_risk,4,1,3,11.55,0.24,499
C08320,frequent_failure,15,11,4,3.47,0.26,499
C08321,occasionally_late,16,15,1,3.52,0.75,499
C08322,occasionally_late,12,11,1,2.66,0.6,499
C08323,occasionally_late,19,16,3,2.74,0.69,499
C08324,churn_risk,2,2,0,11.62,0.18,499
C08325,occasionally_late,14,10,4,3.88,0.72,499
C08326,reliable,12,12,0,0.04,0.89,499
C08327,reliable,28,25,3,0.04,0.78,499
C08328,frequent_failure,16,11,5,3.63,0.33,499
C08329,occasionally_late,24,20,4,2.5,0.79,499
C08330,reliable,18,17,1,0.01,0.73,499
C08331,reliable,8,8,0,0.78,0.84,499
C08332,frequent_failure,11,10,1,5.31,0.4,499
C08333,reliable,35,34,1,0.44,0.77,499
C08334,reliable,19,18,1,0.11,0.97,499
C08335,occasionally_late,23,18,5,1.77,0.61,499
C08336,churn_risk,9,6,3,5.81,0.2,499
C08337,reliable,10,10,0,0.63,0.8,499
C08338,occasionally_late,15,13,2,3.79,0.69,499
C08339,occasionally_late,4,4,0,3.41,0.56,499
C08340,reliable,22,22,0,0.54,0.94,499
C08341,reliable,11,11,0,0.82,0.81,499
C08342,occasionally_late,16,14,2,3.61,0.5,499
C08343,reliable,11,10,1,0.74,0.92,499
C08344,frequent_failure,19,17,2,3.51,0.42,499
C08345,churn_risk,6,4,2,6.85,0.29,499
C08346,occasionally_late,21,17,4,3.96,0.74,499
C08347,occasionally_late,16,16,0,1.04,0.77,499
C08348,reliable,11,11,0,0.35,0.7,499
C08349,frequent_failure,11,7,4,6.18,0.19,499
C08350,reliable,16,15,1,0.29,0.93,499
C08351,reliable,24,24,0,0.29,0.74,499
C08352,reliable,25,24,1,0.78,0.92,499
C08353,reliable,20,20,0,0.4,0.96,499
C08354,reliable,23,22,1,0.26,0.88,499
C08355,frequent_failure,7,5,2,7.69,0.45,499
C08356,churn_risk,6,3,3,10.31,0.2,499
C08357,reliable,16,16,0,0.99,0.8,499
C08358,churn_risk,2,0,2,12.79,0.15,499
C08359,reliable,33,31,2,0.55,0.81,499
C08360,frequent_failure,9,7,2,6.64,0.47,499
C08361,occasionally_late,15,14,1,1.35,0.55,499
C08362,churn_risk,5,4,1,9.7,0.27,499
C08363,reliable,36,34,2,0.78,0.76,499
C08364,occasionally_late,23,15,8,3.45,0.51,499
C08365,churn_risk,11,7,4,9.47,0.12,499
C08366,occasionally_late,7,7,0,3.96,0.64,499
C08367,reliable,30,28,2,0.25,0.73,499
C08368,reliable,33,31,2,0.69,0.82,499
C08369,occasionally_late,22,16,6,2.99,0.79,499
C08370,reliable,22,21,1,0.33,0.84,499
C08371,reliable,22,22,0,0.88,0.98,499
C08372,reliable,14,13,1,0.7,0.91,499
C08373,reliable,22,20,2,0.13,0.98,499
C08374,reliable,15,15,0,0.69,0.88,499
C08375,occasionally_late,7,5,2,3.53,0.69,499
C08376,reliable,14,14,0,0.55,0.7,499
C08377,reliable,13,13,0,0.27,0.83,499
C08378,reliable,14,13,1,0.59,0.92,499
C08379,reliable,36,36,0,0.76,0.9,499
C08380,reliable,17,16,1,0.32,0.97,499
C08381,reliable,30,28,2,0.29,0.9,499
C08382,reliable,11,11,0,0.77,0.73,499
C08383,reliable,13,13,0,0.82,0.76,499
C08384,frequent_failure,8,7,1,6.84,0.36,499
C08385,occasionally_late,7,6,1,1.33,0.58,499
C08386,frequent_failure,19,15,4,5.42,0.22,499
C08387,reliable,18,18,0,0.99,0.92,499
C08388,frequent_failure,4,4,0,6.07,0.46,499
C08389,frequent_failure,7,6,1,7.85,0.21,499
C08390,reliable,9,9,0,0.62,0.87,499
C08391,occasionally_late,21,19,2,2.73,0.58,499
C08392,reliable,27,27,0,0.88,0.72,499
C08393,frequent_failure,7,5,2,4.82,0.17,499
C08394,reliable,24,22,2,0.85,0.71,499
C08395,reliable,30,29,1,0.05,0.93,499
C08396,occasionally_late,19,17,2,1.41,0.55,499
C08397,reliable,6,6,0,0.23,0.89,499
C08398,occasionally_late,9,6,3,2.58,0.54,499
C08399,reliable,27,27,0,0.1,0.78,499
C08400,frequent_failure,17,14,3,3.5,0.16,499
C08401,occasionally_late,10,7,3,2.62,0.51,499
C08402,reliable,7,7,0,0.24,0.88,499
C08403,frequent_failure,7,5,2,7.43,0.47,499
C08404,reliable,26,24,2,0.47,0.88,499
C08405,churn_risk,9,5,4,8.59,0.17,499
C08406,reliable,21,21,0,0.45,0.73,499
C08407,occasionally_late,13,11,2,1.37,0.67,499
C08408,occasionally_late,14,10,4,1.48,0.53,499
C08409,reliable,17,16,1,0.12,0.78,499
C08410,reliable,31,29,2,0.27,0.92,499
C08411,occasionally_late,4,2,2,2.69,0.62,499
C08412,reliable,27,26,1,0.9,0.77,499
C08413,reliable,27,26,1,0.17,0.85,499
C08414,occasionally_late,24,21,3,1.62,0.61,499
C08415,frequent_failure,6,5,1,6.65,0.43,499
C08416,reliable,9,8,1,0.94,0.94,499
C08417,occasionally_late,19,14,5,2.72,0.78,499
C08418,frequent_failure,13,8,5,6.04,0.35,499
C08419,reliable,20,20,0,0.87,0.8,499
C08420,occasionally_late,23,22,1,1.59,0.62,499
C08421,occasionally_late,17,13,4,1.14,0.75,499
C08422,occasionally_late,24,22,2,2.68,0.66,499
C08423,reliable,32,32,0,0.17,0.75,499
C08424,occasionally_late,24,20,4,1.79,0.53,499
C08425,reliable,29,29,0,0.08,0.89,499
C08426,frequent_failure,14,9,5,4.87,0.47,499
C08427,reliable,36,36,0,0.63,0.89,499
C08428,frequent_failure,7,5,2,4.24,0.41,499
C08429,reliable,24,22,2,0.76,0.91,499
C08430,reliable,35,35,0,0.28,0.7,499
C08431,occasionally_late,12,11,1,1.15,0.76,499
C08432,reliable,21,20,1,0.6,0.75,499
C08433,reliable,22,22,0,0.04,0.85,499
C08434,occasionally_late,20,16,4,1.3,0.56,499
C08435,frequent_failure,9,5,4,5.68,0.49,499
C08436,occasionally_late,24,18,6,2.03,0.76,499
C08437,occasionally_late,6,6,0,1.42,0.69,499
C08438,churn_risk,11,5,6,14.49,0.1,499
C08439,reliable,6,6,0,0.67,0.72,499
C08440,reliable,6,5,1,0.91,0.98,499
C08441,reliable,17,17,0,0.95,0.88,499
C08442,occasionally_late,14,11,3,3.71,0.79,499
C08443,occasionally_late,24,20,4,2.86,0.74,499
C08444,reliable,20,19,1,0.48,0.77,499
C08445,reliable,17,16,1,0.56,0.98,499
C08446,frequent_failure,9,6,3,5.45,0.42,499
C08447,occasionally_late,23,18,5,2.03,0.73,499
C08448,reliable,34,32,2,0.82,0.82,499
C08449,frequent_failure,17,11,6,5.97,0.46,499
C08450,occasionally_late,17,13,4,3.53,0.74,499
C08451,churn_risk,11,7,4,13.54,0.26,499
C08452,reliable,32,31,1,0.54,0.77,499
C08453,reliable,31,31,0,0.86,0.92,499
C08454,occasionally_late,9,7,2,3.57,0.68,499
C08455,reliable,28,27,1,0.14,0.93,499
C08456,reliable,36,31,5,0.97,0.97,499
C08457,reliable,8,7,1,0.93,0.92,499
C08458,frequent_failure,12,8,4,6.01,0.37,499
C08459,occasionally_late,20,20,0,3.95,0.63,499
C08460,reliable,24,23,1,0.2,0.94,499
C08461,occasionally_late,6,5,1,3.61,0.78,499
C08462,frequent_failure,16,12,4,7.59,0.23,499
C08463,occasionally_late,5,5,0,1.31,0.73,499
C08464,reliable,11,11,0,0.17,0.74,499
C08465,reliable,17,16,1,0.11,0.83,499
C08466,occasionally_late,13,13,0,1.15,0.46,499
C08467,churn_risk,6,3,3,12.87,0.23,499
C08468,reliable,20,20,0,0.21,0.97,499
C08469,frequent_failure,11,6,5,4.6,0.41,499
C08470,reliable,22,20,2,0.33,0.8,499
C08471,churn_risk,6,3,3,9.2,0.12,499
C08472,frequent_failure,3,2,1,4.76,0.17,499
C08473,reliable,34,31,3,0.27,0.75,499
C08474,churn_risk,4,2,2,11.97,0.29,499
C08475,reliable,26,25,1,0.06,0.74,499
C08476,churn_risk,1,1,0,11.15,0.07,499
C08477,reliable,32,29,3,0.75,0.92,499
C08478,frequent_failure,7,4,3,4.82,0.23,499
C08479,reliable,20,20,0,0.78,0.88,499
C08480,reliable,25,22,3,0.96,0.92,499
C08481,churn_risk,6,3,3,12.57,0.22,499
C08482,occasionally_late,16,12,4,2.25,0.47,499
C08483,frequent_failure,15,8,7,7.03,0.44,499
C08484,reliable,6,5,1,0.27,0.91,499
C08485,reliable,30,27,3,0.63,0.99,499
C08486,occasionally_late,22,14,8,1.85,0.65,499
C08487,reliable,19,19,0,0.64,0.9,499
C08488,reliable,15,15,0,0.33,0.71,499
C08489,reliable,17,16,1,0.41,0.78,499
C08490,occasionally_late,14,13,1,2.92,0.79,499
C08491,occasionally_late,23,21,2,2.85,0.52,499
C08492,occasionally_late,13,10,3,2.82,0.78,499
C08493,occasionally_late,14,12,2,3.16,0.64,499
C08494,occasionally_late,14,13,1,1.51,0.57,499
C08495,churn_risk,10,3,7,8.83,0.28,499
C08496,reliable,21,20,1,0.6,0.81,499
C08497,reliable,13,13,0,0.58,0.93,499
C08498,reliable,6,6,0,0.08,0.71,499
C08499,frequent_failure,11,9,2,7.59,0.2,499
C08500,reliable,10,10,0,0.91,0.9,499
C08501,reliable,18,18,0,0.78,0.85,499
C08502,reliable,24,24,0,0.17,0.86,499
C08503,frequent_failure,15,12,3,4.2,0.39,499
C08504,reliable,35,30,5,0.36,0.87,499
C08505,reliable,19,18,1,0.07,0.88,499
C08506,frequent_failure,3,2,1,6.25,0.48,499
C08507,reliable,32,32,0,0.93,0.95,499
C08508,reliable,10,10,0,0.46,1.0,499
C08509,occasionally_late,24,21,3,3.66,0.72,499
C08510,reliable,14,14,0,0.54,0.8,499
C08511,occasionally_late,4,4,0,3.95,0.73,499
C08512,reliable,36,36,0,0.01,0.76,499
C08513,reliable,19,18,1,0.84,0.89,499
C08514,frequent_failure,17,14,3,3.59,0.43,499
C08515,frequent_failure,15,10,5,7.93,0.47,499
C08516,occasionally_late,20,18,2,3.92,0.73,499
C08517,reliable,30,26,4,0.91,0.7,499
C08518,reliable,8,6,2,0.44,0.93,499
C08519,reliable,33,33,0,0.26,0.98,499
C08520,frequent_failure,5,3,2,5.77,0.44,499
C08521,occasionally_late,21,19,2,2.91,0.52,499
C08522,reliable,21,20,1,0.57,0.93,499
C08523,occasionally_late,24,22,2,2.79,0.65,499
C08524,reliable,18,17,1,0.9,0.71,499
C08525,reliable,34,31,3,0.81,0.81,499
C08526,reliable,28,27,1,0.19,0.92,499
C08527,reliable,31,30,1,0.99,0.75,499
C08528,occasionally_late,11,10,1,2.79,0.66,499
C08529,frequent_failure,5,2,3,4.82,0.17,499
C08530,reliable,29,27,2,0.23,0.76,499
C08531,churn_risk,3,2,1,9.68,0.21,499
C08532,reliable,36,35,1,0.92,0.81,499
C08533,occasionally_late,21,18,3,1.49,0.77,499
C08534,occasionally_late,24,21,3,2.84,0.45,499
C08535,occasionally_late,13,11,2,1.23,0.69,499
C08536,frequent_failure,8,4,4,4.67,0.39,499
C08537,reliable,17,17,0,0.11,0.86,499
C08538,occasionally_late,16,13,3,2.92,0.6,499
C08539,reliable,14,12,2,0.83,0.93,499
C08540,frequent_failure,17,13,4,6.08,0.18,499
C08541,reliable,32,32,0,0.4,0.77,499
C08542,reliable,8,8,0,0.4,0.89,499
C08543,reliable,23,23,0,0.81,0.71,499
C08544,reliable,23,22,1,0.31,0.95,499
C08545,reliable,35,33,2,0.52,0.84,499
C08546,occasionally_late,5,5,0,3.19,0.72,499
C08547,occasionally_late,10,9,1,3.05,0.61,499
C08548,occasionally_late,5,5,0,2.73,0.56,499
C08549,frequent_failure,16,7,9,6.5,0.39,499
C08550,occasionally_late,15,13,2,2.07,0.59,499
C08551,reliable,6,6,0,0.11,0.8,499
C08552,occasionally_late,7,7,0,1.04,0.62,499
C08553,reliable,18,18,0,0.13,0.86,499
C08554,occasionally_late,8,7,1,1.43,0.53,499
C08555,occasionally_late,4,4,0,3.58,0.78,499
C08556,reliable,21,21,0,0.09,0.99,499
C08557,reliable,34,32,2,0.03,0.92,499
C08558,churn_risk,10,4,6,10.21,0.3,499
C08559,reliable,28,25,3,0.39,0.95,499
C08560,reliable,29,28,1,0.31,0.98,499
C08561,frequent_failure,8,6,2,6.71,0.4,499
C08562,occasionally_late,7,7,0,1.85,0.76,499
C08563,occasionally_late,12,12,0,1.2,0.57,499
C08564,occasionally_late,7,6,1,2.56,0.55,499
C08565,occasionally_late,16,11,5,2.76,0.66,499
C08566,churn_risk,6,3,3,5.72,0.24,499
C08567,reliable,14,13,1,0.37,0.83,499
C08568,reliable,27,26,1,0.84,0.92,499
C08569,reliable,7,5,2,0.77,0.74,499
C08570,reliable,25,22,3,0.17,0.98,499
C08571,reliable,15,15,0,0.35,0.83,499
C08572,reliable,21,21,0,0.33,0.88,499
C08573,occasionally_late,13,12,1,1.28,0.52,499
C08574,occasionally_late,5,4,1,1.79,0.6,499
C08575,reliable,36,34,2,0.38,0.75,499
C08576,reliable,28,27,1,0.76,0.99,499
C08577,reliable,32,32,0,0.28,0.84,499
C08578,reliable,9,9,0,0.53,0.85,499
C08579,reliable,15,15,0,0.09,0.95,499
C08580,occasionally_late,21,18,3,3.28,0.65,499
C08581,frequent_failure,14,14,0,5.06,0.21,499
C08582,frequent_failure,13,11,2,6.71,0.2,499
C08583,reliable,31,30,1,0.6,0.98,499
C08584,churn_risk,8,3,5,6.43,0.21,499
C08585,frequent_failure,5,2,3,4.71,0.27,499
C08586,churn_risk,1,0,1,13.3,0.06,499
C08587,reliable,8,8,0,0.35,0.99,499
C08588,occasionally_late,12,12,0,3.58,0.55,499
C08589,reliable,36,33,3,0.37,0.89,499
C08590,reliable,33,33,0,0.06,0.8,499
C08591,reliable,9,9,0,0.11,0.72,499
C08592,reliable,32,30,2,0.2,0.79,499
C08593,reliable,35,35,0,0.64,0.75,499
C08594,reliable,30,29,1,0.45,0.83,499
C08595,reliable,31,31,0,0.09,0.96,499
C08596,occasionally_late,20,16,4,3.73,0.47,499
C08597,occasionally_late,12,11,1,2.75,0.73,499
C08598,frequent_failure,15,12,3,5.46,0.49,499
C08599,reliable,11,10,1,0.11,0.81,499
C08600,frequent_failure,14,10,4,7.87,0.41,499
C08601,frequent_failure,6,2,4,7.43,0.43,499
C08602,frequent_failure,17,11,6,5.12,0.31,499
C08603,occasionally_late,21,18,3,2.25,0.71,499
C08604,frequent_failure,16,12,4,7.96,0.46,499
C08605,occasionally_late,6,5,1,2.72,0.7,499
C08606,reliable,34,34,0,0.22,0.76,499
C08607,reliable,20,20,0,0.38,0.77,499
C08608,reliable,26,24,2,0.19,0.74,499
C08609,occasionally_late,22,21,1,3.51,0.65,499
C08610,occasionally_late,10,9,1,3.18,0.52,499
C08611,reliable,35,30,5,0.9,0.85,499
C08612,occasionally_late,14,13,1,2.45,0.57,499
C08613,frequent_failure,11,9,2,4.42,0.22,499
C08614,reliable,12,12,0,0.95,0.78,499
C08615,frequent_failure,10,4,6,4.4,0.47,499
C08616,reliable,34,34,0,0.82,0.75,499
C08617,reliable,18,18,0,0.85,0.96,499
C08618,frequent_failure,11,7,4,6.83,0.34,499
C08619,reliable,30,27,3,0.8,0.85,499
C08620,frequent_failure,3,3,0,3.86,0.4,499
C08621,frequent_failure,19,12,7,5.12,0.16,499
C08622,occasionally_late,21,14,7,2.31,0.64,499
C08623,reliable,32,29,3,0.14,0.9,499
C08624,occasionally_late,12,9,3,1.21,0.66,499
C08625,occasionally_late,5,4,1,3.64,0.64,499
C08626,churn_risk,5,2,3,12.31,0.22,499
C08627,reliable,6,6,0,0.11,0.7,499
C08628,occasionally_late,18,13,5,2.88,0.5,499
C08629,reliable,36,34,2,0.36,0.88,499
C08630,reliable,9,9,0,0.42,0.72,499
C08631,reliable,26,23,3,0.89,0.7,499
C08632,frequent_failure,11,10,1,4.82,0.47,499
C08633,reliable,30,29,1,0.45,0.93,499
C08634,reliable,9,9,0,0.49,0.76,499
C08635,occasionally_late,23,19,4,2.51,0.8,499
C08636,occasionally_late,6,6,0,1.55,0.69,499
C08637,occasionally_late,20,16,4,3.06,0.65,499
C08638,occasionally_late,9,8,1,2.28,0.63,499
C08639,occasionally_late,8,6,2,2.35,0.59,499
C08640,reliable,21,21,0,0.21,0.71,499
C08641,reliable,35,34,1,0.14,0.8,499
C08642,frequent_failure,8,4,4,3.08,0.17,499
C08643,reliable,22,20,2,0.93,0.87,499
C08644,reliable,19,18,1,0.03,0.86,499
C08645,reliable,15,14,1,0.27,0.79,499
C08646,occasionally_late,17,15,2,1.04,0.66,499
C08647,reliable,21,20,1,0.82,0.96,499
C08648,occasionally_late,10,7,3,1.0,0.72,499
C08649,reliable,27,27,0,0.91,0.74,499
C08650,reliable,16,14,2,0.29,0.9,499
C08651,reliable,33,32,1,0.38,0.88,499
C08652,frequent_failure,11,9,2,4.17,0.33,499
C08653,occasionally_late,18,18,0,2.82,0.72,499
C08654,reliable,31,28,3,0.6,0.9,499
C08655,occasionally_late,4,3,1,3.7,0.67,499
C08656,reliable,7,7,0,0.92,0.76,499
C08657,reliable,7,7,0,0.29,0.95,499
C08658,churn_risk,3,2,1,9.52,0.21,499
C08659,occasionally_late,23,20,3,1.79,0.72,499
C08660,churn_risk,4,1,3,14.05,0.14,499
C08661,frequent_failure,18,13,5,5.53,0.3,499
C08662,reliable,8,8,0,0.25,0.75,499
C08663,occasionally_late,22,19,3,3.41,0.69,499
C08664,churn_risk,10,3,7,11.4,0.27,499
C08665,reliable,14,14,0,0.37,0.96,499
C08666,occasionally_late,19,17,2,2.95,0.45,499
C08667,frequent_failure,9,5,4,5.81,0.49,499
C08668,occasionally_late,21,18,3,3.72,0.68,499
C08669,occasionally_late,21,17,4,2.07,0.77,499
C08670,reliable,26,26,0,0.2,0.87,499
C08671,churn_risk,7,5,2,12.37,0.21,499
C08672,occasionally_late,16,13,3,2.3,0.61,499
C08673,reliable,16,16,0,0.55,0.73,499
C08674,occasionally_late,22,18,4,3.1,0.66,499
C08675,occasionally_late,18,15,3,3.61,0.62,499
C08676,reliable,32,30,2,0.47,0.83,499
C08677,reliable,33,33,0,0.4,0.8,499
C08678,reliable,32,28,4,0.73,0.72,499
C08679,reliable,23,22,1,0.19,0.96,499
C08680,reliable,33,33,0,0.89,0.96,499
C08681,reliable,14,13,1,0.69,0.84,499
C08682,reliable,26,25,1,0.65,0.86,499
C08683,reliable,33,30,3,0.24,0.92,499
C08684,churn_risk,5,1,4,13.31,0.24,499
C08685,occasionally_late,21,18,3,3.04,0.48,499
C08686,occasionally_late,8,8,0,1.44,0.5,499
C08687,reliable,24,23,1,0.07,0.73,499
C08688,churn_risk,4,2,2,9.76,0.15,499
C08689,frequent_failure,12,8,4,3.62,0.32,499
C08690,frequent_failure,18,9,9,6.12,0.32,499
C08691,occasionally_late,24,24,0,2.17,0.55,499
C08692,frequent_failure,6,6,0,7.33,0.2,499
C08693,reliable,18,16,2,0.9,0.9,499
C08694,churn_risk,7,5,2,7.43,0.19,499
C08695,frequent_failure,14,11,3,6.68,0.2,499
C08696,occasionally_late,9,9,0,1.77,0.59,499
C08697,occasionally_late,4,4,0,3.57,0.62,499
C08698,reliable,36,35,1,0.6,0.89,499
C08699,churn_risk,10,5,5,5.81,0.22,499
C08700,occasionally_late,14,13,1,3.42,0.77,499
C08701,reliable,10,10,0,0.09,0.74,499
C08702,frequent_failure,15,10,5,6.77,0.36,499
C08703,churn_risk,2,1,1,13.69,0.07,499
C08704,reliable,33,31,2,0.42,0.83,499
C08705,reliable,26,24,2,0.44,0.97,499
C08706,reliable,18,17,1,0.15,0.94,499
C08707,reliable,6,5,1,0.49,0.81,499
C08708,occasionally_late,20,15,5,2.59,0.62,499
C08709,reliable,7,7,0,0.54,0.79,499
C08710,churn_risk,2,2,0,11.0,0.27,499
C08711,reliable,6,5,1,0.74,0.87,499
C08712,occasionally_late,4,4,0,2.88,0.52,499
C08713,reliable,34,31,3,0.05,0.83,499
C08714,reliable,21,21,0,0.12,0.7,499
C08715,reliable,32,31,1,0.32,0.82,499
C08716,occasionally_late,13,10,3,2.06,0.49,499
C08717,frequent_failure,17,14,3,5.64,0.22,499
C08718,frequent_failure,4,4,0,4.03,0.29,499
C08719,occasionally_late,11,9,2,1.43,0.64,499
C08720,reliable,10,10,0,0.41,0.75,499
C08721,reliable,10,10,0,0.13,0.92,499
C08722,frequent_failure,8,4,4,7.91,0.21,499
C08723,reliable,33,33,0,0.92,0.83,499
C08724,occasionally_late,8,8,0,3.92,0.57,499
C08725,occasionally_late,15,13,2,3.9,0.54,499
C08726,reliable,20,19,1,0.99,0.74,499
C08727,reliable,14,14,0,0.6,0.8,499
C08728,frequent_failure,6,5,1,5.41,0.37,499
C08729,reliable,28,25,3,0.52,0.75,499
C08730,reliable,15,14,1,0.39,0.72,499
C08731,occasionally_late,12,11,1,2.29,0.79,499
C08732,reliable,10,9,1,0.31,0.71,499
C08733,churn_risk,2,0,2,14.38,0.14,499
C08734,frequent_failure,18,14,4,6.5,0.37,499
C08735,occasionally_late,22,17,5,2.68,0.59,499
C08736,reliable,27,26,1,0.88,0.83,499
C08737,churn_risk,9,6,3,9.6,0.18,499
C08738,reliable,20,20,0,0.78,0.85,499
C08739,frequent_failure,8,6,2,4.26,0.42,499
C08740,reliable,9,8,1,0.83,0.96,499
C08741,reliable,35,34,1,0.25,0.79,499
C08742,churn_risk,4,2,2,6.86,0.26,499
C08743,occasionally_late,6,5,1,1.14,0.66,499
C08744,reliable,24,21,3,0.51,0.91,499
C08745,reliable,18,18,0,0.68,0.8,499
C08746,churn_risk,9,8,1,10.81,0.14,499
C08747,reliable,18,18,0,0.97,0.81,499
C08748,occasionally_late,15,12,3,2.85,0.6,499
C08749,reliable,10,10,0,0.22,0.95,499
C08750,reliable,10,9,1,0.43,0.79,499
C08751,reliable,23,20,3,0.7,0.93,499
C08752,occasionally_late,21,20,1,1.4,0.52,499
C08753,frequent_failure,4,3,1,7.85,0.41,499
C08754,reliable,9,9,0,0.48,0.91,499
C08755,reliable,29,29,0,0.56,0.85,499
C08756,churn_risk,1,0,1,8.66,0.14,499
C08757,occasionally_late,8,8,0,3.11,0.78,499
C08758,reliable,17,17,0,0.39,0.73,499
C08759,churn_risk,3,1,2,13.95,0.09,499
C08760,reliable,10,10,0,0.67,0.85,499
C08761,reliable,12,11,1,0.52,0.91,499
C08762,reliable,17,16,1,0.48,0.96,499
C08763,reliable,22,21,1,0.76,0.79,499
C08764,frequent_failure,17,14,3,4.77,0.47,499
C08765,occasionally_late,7,6,1,3.95,0.61,499
C08766,reliable,35,35,0,0.39,0.84,499
C08767,reliable,14,14,0,0.7,0.8,499
C08768,frequent_failure,8,7,1,6.06,0.28,499
C08769,churn_risk,5,3,2,14.59,0.13,499
C08770,frequent_failure,9,6,3,6.05,0.38,499
C08771,reliable,24,21,3,0.35,0.73,499
C08772,reliable,34,32,2,0.78,0.83,499
C08773,occasionally_late,10,9,1,3.52,0.68,499
C08774,occasionally_late,15,12,3,1.28,0.7,499
C08775,frequent_failure,8,4,4,5.63,0.19,499
C08776,churn_risk,11,6,5,8.71,0.08,499
C08777,occasionally_late,4,4,0,1.72,0.69,499
C08778,occasionally_late,20,15,5,1.54,0.63,499
C08779,reliable,15,15,0,0.73,0.79,499
C08780,occasionally_late,7,7,0,3.08,0.45,499
C08781,churn_risk,8,7,1,6.1,0.05,499
C08782,reliable,33,30,3,0.41,0.79,499
C08783,occasionally_late,21,19,2,1.72,0.47,499
C08784,reliable,14,14,0,0.38,0.85,499
C08785,frequent_failure,15,9,6,3.62,0.4,499
C08786,reliable,30,28,2,0.68,0.86,499
C08787,churn_risk,6,2,4,6.95,0.07,499
C08788,reliable,11,11,0,0.77,0.87,499
C08789,reliable,25,24,1,0.38,0.78,499
C08790,reliable,31,30,1,0.56,0.73,499
C08791,frequent_failure,14,12,2,5.05,0.38,499
C08792,reliable,35,33,2,0.55,0.89,499
C08793,reliable,6,6,0,0.92,0.85,499
C08794,reliable,9,9,0,0.77,0.73,499
C08795,reliable,12,10,2,0.66,0.96,499
C08796,frequent_failure,17,14,3,5.4,0.25,499
C08797,frequent_failure,3,2,1,5.66,0.18,499
C08798,reliable,6,6,0,0.97,0.85,499
C08799,occasionally_late,21,16,5,2.54,0.46,499
C08800,churn_risk,8,4,4,8.86,0.2,499
C08801,occasionally_late,22,17,5,3.05,0.59,499
C08802,churn_risk,3,1,2,7.42,0.19,499
C08803,reliable,28,26,2,0.79,0.94,499
C08804,reliable,15,15,0,0.2,0.88,499
C08805,reliable,16,16,0,0.08,0.7,499
C08806,frequent_failure,10,9,1,3.82,0.31,499
C08807,reliable,36,36,0,0.18,0.89,499
C08808,reliable,8,6,2,0.24,0.72,499
C08809,occasionally_late,20,17,3,3.33,0.74,499
C08810,frequent_failure,19,13,6,4.56,0.24,499
C08811,occasionally_late,14,13,1,3.29,0.49,499
C08812,occasionally_late,10,9,1,3.3,0.76,499
C08813,churn_risk,1,1,0,9.61,0.18,499
C08814,reliable,33,32,1,0.36,0.98,499
C08815,reliable,25,22,3,0.4,0.98,499
C08816,churn_risk,10,5,5,10.73,0.19,499
C08817,occasionally_late,12,10,2,1.8,0.54,499
C08818,frequent_failure,8,6,2,4.72,0.34,499
C08819,occasionally_late,22,17,5,2.38,0.79,499
C08820,frequent_failure,6,4,2,5.19,0.28,499
C08821,reliable,33,33,0,0.0,0.83,499
C08822,churn_risk,11,6,5,13.86,0.21,499
C08823,occasionally_late,8,6,2,1.97,0.79,499
C08824,occasionally_late,11,10,1,2.0,0.69,499
C08825,churn_risk,1,1,0,13.36,0.11,499
C08826,reliable,30,30,0,0.45,0.97,499
C08827,reliable,33,33,0,0.69,0.73,499
C08828,reliable,10,10,0,0.2,0.88,499
C08829,reliable,34,32,2,0.73,1.0,499
C08830,reliable,17,14,3,0.61,0.73,499
C08831,reliable,23,22,1,0.35,0.91,499
C08832,reliable,12,11,1,0.05,0.92,499
C08833,reliable,15,14,1,0.02,0.86,499
C08834,occasionally_late,16,15,1,2.97,0.66,499
C08835,reliable,11,11,0,0.45,0.72,499
C08836,occasionally_late,24,22,2,2.7,0.65,499
C08837,occasionally_late,12,10,2,3.59,0.66,499
C08838,occasionally_late,22,21,1,3.33,0.66,499
C08839,reliable,15,15,0,0.43,0.89,499
C08840,occasionally_late,22,20,2,3.54,0.62,499
C08841,occasionally_late,20,20,0,3.51,0.64,499
C08842,churn_risk,7,3,4,9.32,0.22,499
C08843,reliable,18,18,0,0.07,0.73,499
C08844,reliable,17,17,0,0.55,0.9,499
C08845,frequent_failure,14,9,5,3.57,0.26,499
C08846,reliable,32,29,3,0.46,0.9,499
C08847,occasionally_late,14,14,0,3.04,0.7,499
C08848,frequent_failure,6,4,2,5.1,0.4,499
C08849,reliable,17,17,0,0.52,0.93,499
C08850,churn_risk,4,3,1,9.29,0.15,499
C08851,reliable,28,25,3,0.79,0.84,499
C08852,reliable,19,19,0,0.99,0.96,499
C08853,churn_risk,2,1,1,6.96,0.12,499
C08854,reliable,19,16,3,0.8,0.85,499
C08855,reliable,27,27,0,0.19,0.94,499
C08856,reliable,16,14,2,0.63,0.95,499
C08857,reliable,17,17,0,0.2,0.78,499
C08858,occasionally_late,12,11,1,3.81,0.47,499
C08859,frequent_failure,11,9,2,7.41,0.4,499
C08860,churn_risk,6,4,2,9.18,0.15,499
C08861,occasionally_late,15,12,3,2.1,0.46,499
C08862,reliable,8,8,0,0.36,0.82,499
C08863,frequent_failure,9,5,4,3.67,0.18,499
C08864,reliable,28,28,0,0.21,0.72,499
C08865,occasionally_late,23,20,3,2.43,0.59,499
C08866,occasionally_late,6,6,0,2.81,0.59,499
C08867,reliable,18,17,1,0.39,0.97,499
C08868,occasionally_late,4,3,1,1.94,0.46,499
C08869,reliable,8,8,0,0.42,0.92,499
C08870,reliable,14,14,0,0.96,0.83,499
C08871,reliable,19,16,3,0.43,0.86,499
C08872,churn_risk,5,3,2,7.54,0.26,499
C08873,reliable,12,12,0,0.43,0.81,499
C08874,reliable,13,13,0,0.36,0.86,499
C08875,reliable,16,16,0,0.7,0.78,499
C08876,reliable,27,27,0,0.4,0.97,499
C08877,frequent_failure,12,10,2,6.0,0.46,499
C08878,reliable,24,23,1,0.19,0.83,499
C08879,reliable,9,8,1,0.96,0.77,499
C08880,reliable,24,24,0,0.91,0.8,499
C08881,frequent_failure,11,6,5,3.41,0.23,499
C08882,reliable,27,25,2,0.59,0.93,499
C08883,occasionally_late,7,5,2,2.79,0.7,499
C08884,occasionally_late,20,16,4,2.21,0.69,499
C08885,frequent_failure,12,8,4,4.87,0.3,499
C08886,occasionally_late,8,7,1,1.38,0.65,499
C08887,frequent_failure,8,5,3,3.35,0.37,499
C08888,churn_risk,8,6,2,9.82,0.11,499
C08889,reliable,15,15,0,0.13,0.72,499
C08890,reliable,27,21,6,0.93,0.85,499
C08891,reliable,30,30,0,0.23,0.91,499
C08892,reliable,34,32,2,0.88,0.9,499
C08893,churn_risk,2,1,1,8.48,0.11,499
C08894,occasionally_late,9,9,0,1.7,0.74,499
C08895,churn_risk,11,8,3,13.06,0.14,499
C08896,churn_risk,11,8,3,8.58,0.07,499
C08897,frequent_failure,9,7,2,3.07,0.47,499
C08898,occasionally_late,17,13,4,3.87,0.56,499
C08899,reliable,13,13,0,0.48,0.71,499
C08900,reliable,19,17,2,0.18,0.87,499
C08901,reliable,28,28,0,0.01,0.73,499
C08902,occasionally_late,4,3,1,3.92,0.63,499
C08903,reliable,30,27,3,0.66,0.82,499
C08904,reliable,9,9,0,0.5,0.89,499
C08905,frequent_failure,3,2,1,3.22,0.21,499
C08906,frequent_failure,11,7,4,3.77,0.36,499
C08907,reliable,17,16,1,0.54,0.97,499
C08908,reliable,26,26,0,0.92,0.89,499
C08909,occasionally_late,24,20,4,3.5,0.5,499
C08910,frequent_failure,11,9,2,6.06,0.18,499
C08911,reliable,22,21,1,0.63,0.72,499
C08912,reliable,14,14,0,0.07,0.74,499
C08913,occasionally_late,12,10,2,1.9,0.54,499
C08914,occasionally_late,12,12,0,1.05,0.56,499
C08915,churn_risk,10,4,6,5.91,0.06,499
C08916,reliable,21,18,3,0.04,0.74,499
C08917,churn_risk,2,0,2,6.4,0.2,499
C08918,reliable,7,5,2,0.18,1.0,499
C08919,reliable,28,28,0,0.15,0.97,499
C08920,occasionally_late,20,18,2,3.63,0.78,499
C08921,reliable,36,33,3,0.44,0.95,499
C08922,reliable,34,33,1,0.7,0.9,499
C08923,occasionally_late,18,18,0,2.35,0.68,499
C08924,reliable,27,26,1,0.46,0.71,499
C08925,reliable,24,21,3,0.31,0.71,499
C08926,reliable,30,30,0,0.79,0.89,499
C08927,reliable,17,17,0,0.04,0.71,499
C08928,occasionally_late,13,9,4,3.45,0.79,499
C08929,reliable,8,8,0,0.39,0.84,499
C08930,reliable,27,27,0,0.29,0.97,499
C08931,reliable,25,23,2,0.76,0.73,499
C08932,reliable,25,24,1,0.93,0.98,499
C08933,frequent_failure,7,6,1,5.82,0.38,499
C08934,frequent_failure,15,9,6,6.84,0.2,499
C08935,reliable,35,35,0,0.79,0.84,499
C08936,occasionally_late,21,16,5,1.75,0.78,499
C08937,reliable,29,29,0,0.61,0.93,499
C08938,occasionally_late,7,6,1,2.23,0.46,499
C08939,occasionally_late,16,13,3,1.21,0.65,499
C08940,reliable,6,6,0,0.91,0.91,499
C08941,reliable,35,34,1,0.56,0.71,499
C08942,reliable,8,6,2,0.33,0.95,499
C08943,frequent_failure,19,13,6,5.67,0.17,499
C08944,occasionally_late,15,12,3,1.63,0.66,499
C08945,occasionally_late,11,11,0,3.43,0.76,499
C08946,reliable,27,25,2,0.02,0.8,499
C08947,occasionally_late,14,13,1,2.81,0.74,499
C08948,churn_risk,10,5,5,12.11,0.11,499
C08949,occasionally_late,22,20,2,3.84,0.59,499
C08950,reliable,28,25,3,0.85,0.8,499
C08951,reliable,23,20,3,0.43,0.71,499
C08952,reliable,29,27,2,0.26,0.81,499
C08953,occasionally_late,13,11,2,3.4,0.48,499
C08954,reliable,6,6,0,0.22,0.85,499
C08955,frequent_failure,7,4,3,4.62,0.35,499
C08956,frequent_failure,9,7,2,5.45,0.19,499
C08957,frequent_failure,6,4,2,4.99,0.47,499
C08958,occasionally_late,24,19,5,3.22,0.73,499
C08959,reliable,7,6,1,0.37,0.77,499
C08960,reliable,32,29,3,0.05,0.95,499
C08961,reliable,6,5,1,0.03,0.82,499
C08962,occasionally_late,7,6,1,1.16,0.65,499
C08963,occasionally_late,23,20,3,3.7,0.61,499
C08964,frequent_failure,6,3,3,3.12,0.32,499
C08965,reliable,17,17,0,0.81,0.88,499
C08966,reliable,31,30,1,0.24,0.75,499
C08967,reliable,24,24,0,0.24,0.72,499
C08968,reliable,11,11,0,0.58,0.99,499
C08969,reliable,31,28,3,0.72,0.83,499
C08970,frequent_failure,6,4,2,5.94,0.41,499
C08971,frequent_failure,5,4,1,6.72,0.4,499
C08972,frequent_failure,13,6,7,3.58,0.19,499
C08973,reliable,30,26,4,0.77,0.75,499
C08974,churn_risk,7,4,3,14.36,0.13,499
C08975,churn_risk,10,3,7,14.17,0.25,499
C08976,occasionally_late,10,9,1,3.96,0.53,499
C08977,reliable,30,28,2,0.43,0.91,499
C08978,occasionally_late,13,12,1,1.41,0.57,499
C08979,reliable,9,9,0,0.63,0.83,499
C08980,reliable,26,24,2,0.76,0.95,499
C08981,occasionally_late,13,9,4,3.54,0.73,499
C08982,reliable,6,6,0,0.45,0.97,499
C08983,reliable,19,19,0,0.25,0.8,499
C08984,reliable,7,6,1,0.55,0.97,499
C08985,reliable,26,25,1,0.23,0.88,499
C08986,churn_risk,11,8,3,13.39,0.11,499
C08987,frequent_failure,14,11,3,6.69,0.4,499
C08988,reliable,15,14,1,0.78,0.72,499
C08989,reliable,13,13,0,0.62,0.88,499
C08990,reliable,18,16,2,0.7,0.91,499
C08991,reliable,9,9,0,0.3,0.76,499
C08992,reliable,14,13,1,0.11,0.85,499
C08993,reliable,8,8,0,0.37,0.79,499
C08994,frequent_failure,6,4,2,6.17,0.38,499
C08995,reliable,26,24,2,0.46,0.92,499
C08996,occasionally_late,16,11,5,2.03,0.64,499
C08997,occasionally_late,7,4,3,3.03,0.68,499
C08998,frequent_failure,5,3,2,4.33,0.39,499
C08999,reliable,11,11,0,0.58,0.81,499
C09000,occasionally_late,12,7,5,2.87,0.5,499
C09001,reliable,35,35,0,0.36,0.96,499
C09002,churn_risk,8,4,4,7.54,0.18,499
C09003,occasionally_late,9,9,0,3.66,0.65,499
C09004,reliable,14,14,0,0.76,0.93,499
C09005,reliable,27,27,0,0.81,0.81,499
C09006,reliable,33,29,4,0.13,0.74,499
C09007,reliable,34,31,3,0.3,0.82,499
C09008,occasionally_late,18,14,4,3.63,0.49,499
C09009,reliable,32,31,1,0.69,0.72,499
C09010,churn_risk,9,4,5,7.14,0.2,499
C09011,reliable,17,14,3,0.69,0.85,499
C09012,churn_risk,9,6,3,5.44,0.25,499
C09013,reliable,9,8,1,0.89,0.7,499
C09014,occasionally_late,22,20,2,3.32,0.69,499
C09015,churn_risk,1,0,1,5.11,0.2,499
C09016,occasionally_late,6,5,1,1.95,0.64,499
C09017,reliable,9,9,0,0.53,0.86,499
C09018,reliable,19,18,1,0.99,0.74,499
C09019,reliable,7,7,0,0.33,0.73,499
C09020,reliable,23,23,0,0.04,0.89,499
C09021,reliable,8,8,0,0.45,0.71,499
C09022,reliable,32,31,1,0.04,0.88,499
C09023,occasionally_late,22,18,4,1.45,0.57,499
C09024,occasionally_late,22,16,6,2.05,0.71,499
C09025,occasionally_late,12,11,1,1.49,0.72,499
C09026,churn_risk,5,2,3,8.38,0.11,499
C09027,occasionally_late,12,10,2,3.12,0.45,499
C09028,reliable,6,6,0,0.14,0.71,499
C09029,reliable,6,5,1,0.07,0.9,499
C09030,occasionally_late,15,12,3,2.91,0.73,499
C09031,reliable,14,13,1,0.46,0.97,499
C09032,reliable,8,8,0,0.46,0.91,499
C09033,occasionally_late,7,7,0,2.41,0.62,499
C09034,reliable,6,6,0,0.72,0.89,499
C09035,frequent_failure,6,3,3,7.94,0.34,499
C09036,occasionally_late,4,3,1,1.83,0.68,499
C09037,occasionally_late,20,17,3,3.77,0.59,499
C09038,occasionally_late,4,4,0,2.6,0.6,499
C09039,reliable,12,11,1,0.92,0.82,499
C09040,frequent_failure,18,16,2,5.53,0.37,499
C09041,occasionally_late,17,14,3,2.69,0.7,499
C09042,reliable,9,8,1,0.24,0.96,499
C09043,reliable,35,33,2,0.95,0.97,499
C09044,reliable,21,20,1,0.34,0.86,499
C09045,reliable,15,15,0,0.54,0.99,499
C09046,churn_risk,3,1,2,8.78,0.17,499
C09047,churn_risk,7,2,5,6.83,0.21,499
C09048,frequent_failure,12,11,1,6.96,0.21,499
C09049,occasionally_late,16,13,3,1.91,0.59,499
C09050,reliable,25,24,1,0.24,0.85,499
C09051,occasionally_late,8,7,1,1.24,0.65,499
C09052,frequent_failure,17,13,4,6.13,0.36,499
C09053,reliable,34,33,1,0.11,0.9,499
C09054,reliable,15,15,0,0.41,0.77,499
C09055,reliable,26,25,1,0.75,0.86,499
C09056,reliable,18,18,0,0.56,0.72,499
C09057,reliable,26,24,2,0.96,0.76,499
C09058,frequent_failure,7,6,1,4.3,0.43,499
C09059,occasionally_late,19,17,2,1.17,0.46,499
C09060,occasionally_late,12,7,5,1.01,0.59,499
C09061,reliable,24,24,0,0.22,0.75,499
C09062,churn_risk,2,1,1,7.71,0.29,499
C09063,occasionally_late,17,16,1,1.83,0.71,499
C09064,occasionally_late,13,10,3,2.42,0.74,499
C09065,reliable,11,11,0,0.56,0.8,499
C09066,occasionally_late,4,4,0,3.49,0.54,499
C09067,churn_risk,2,1,1,13.2,0.25,499
C09068,reliable,7,5,2,0.79,0.76,499
C09069,churn_risk,3,2,1,5.05,0.24,499
C09070,reliable,21,21,0,0.68,0.95,499
C09071,reliable,15,15,0,0.27,0.9,499
C09072,reliable,7,6,1,0.31,0.77,499
C09073,reliable,22,22,0,0.15,0.7,499
C09074,reliable,19,19,0,0.9,0.87,499
C09075,occasionally_late,17,13,4,3.14,0.55,499
C09076,frequent_failure,3,3,0,4.54,0.45,499
C09077,occasionally_late,19,17,2,2.66,0.5,499
C09078,reliable,29,29,0,0.13,0.79,499
C09079,reliable,28,28,0,0.56,0.96,499
C09080,reliable,9,9,0,0.14,0.87,499
C09081,churn_risk,11,5,6,14.08,0.06,499
C09082,reliable,26,24,2,0.38,0.86,499
C09083,churn_risk,6,3,3,10.29,0.07,499
C09084,reliable,27,24,3,0.28,0.79,499
C09085,reliable,32,28,4,0.68,0.78,499
C09086,reliable,7,7,0,0.07,0.99,499
C09087,reliable,8,8,0,0.33,0.71,499
C09088,frequent_failure,17,11,6,7.72,0.28,499
C09089,occasionally_late,18,16,2,3.08,0.66,499
C09090,occasionally_late,23,19,4,1.97,0.72,499
C09091,occasionally_late,18,12,6,3.69,0.45,499
C09092,reliable,13,13,0,0.02,0.74,499
C09093,churn_risk,9,3,6,9.67,0.21,499
C09094,reliable,23,23,0,0.9,0.96,499
C09095,frequent_failure,5,2,3,4.8,0.45,499
C09096,reliable,36,33,3,0.12,0.97,499
C09097,frequent_failure,14,13,1,7.42,0.27,499
C09098,churn_risk,2,1,1,5.12,0.11,499
C09099,occasionally_late,7,5,2,3.95,0.74,499
C09100,reliable,26,25,1,0.17,0.98,499
C09101,churn_risk,1,0,1,6.69,0.19,499
C09102,reliable,36,33,3,0.93,0.78,499
C09103,reliable,27,25,2,0.02,0.76,499
C09104,frequent_failure,19,13,6,5.08,0.43,499
C09105,frequent_failure,7,5,2,7.42,0.45,499
C09106,churn_risk,2,1,1,6.12,0.13,499
C09107,occasionally_late,15,12,3,3.78,0.57,499
C09108,frequent_failure,9,7,2,5.45,0.47,499
C09109,occasionally_late,13,12,1,2.17,0.47,499
C09110,reliable,10,9,1,0.2,0.74,499
C09111,occasionally_late,18,14,4,1.61,0.75,499
C09112,churn_risk,2,0,2,15.0,0.25,499
C09113,occasionally_late,8,7,1,3.26,0.75,499
C09114,occasionally_late,15,12,3,1.97,0.75,499
C09115,occasionally_late,15,14,1,1.69,0.49,499
C09116,reliable,20,19,1,0.28,0.85,499
C09117,occasionally_late,8,7,1,1.19,0.65,499
C09118,occasionally_late,9,8,1,3.09,0.75,499
C09119,reliable,7,7,0,0.35,0.77,499
C09120,churn_risk,6,4,2,8.17,0.07,499
C09121,churn_risk,6,1,5,9.08,0.13,499
C09122,churn_risk,8,4,4,13.02,0.16,499
C09123,reliable,11,9,2,0.56,0.75,499
C09124,reliable,7,7,0,0.81,0.97,499
C09125,reliable,29,27,2,0.35,0.92,499
C09126,reliable,29,29,0,0.16,0.77,499
C09127,reliable,31,30,1,0.18,0.97,499
C09128,reliable,13,13,0,0.91,0.96,499
C09129,frequent_failure,4,2,2,7.26,0.29,499
C09130,occasionally_late,22,17,5,3.45,0.61,499
C09131,reliable,19,19,0,0.36,0.73,499
C09132,reliable,22,21,1,0.43,0.97,499
C09133,occasionally_late,19,17,2,2.43,0.74,499
C09134,churn_risk,7,3,4,7.85,0.06,499
C09135,reliable,15,14,1,0.6,0.9,499
C09136,frequent_failure,11,10,1,7.58,0.25,499
C09137,reliable,20,18,2,0.92,0.94,499
C09138,occasionally_late,7,5,2,2.94,0.77,499
C09139,occasionally_late,8,7,1,1.23,0.6,499
C09140,reliable,10,9,1,0.95,0.81,499
C09141,reliable,11,10,1,0.67,0.99,499
C09142,reliable,21,20,1,0.08,0.86,499
C09143,occasionally_late,7,7,0,1.66,0.46,499
C09144,frequent_failure,4,4,0,3.64,0.3,499
C09145,reliable,9,9,0,0.61,0.8,499
C09146,frequent_failure,12,9,3,6.26,0.33,499
C09147,reliable,36,32,4,0.1,0.98,499
C09148,occasionally_late,7,6,1,3.19,0.62,499
C09149,churn_risk,11,5,6,11.67,0.07,499
C09150,reliable,13,12,1,0.69,0.8,499
C09151,reliable,17,17,0,0.78,0.94,499
C09152,reliable,13,13,0,0.4,0.79,499
C09153,frequent_failure,7,3,4,5.8,0.27,499
C09154,reliable,6,6,0,0.52,0.74,499
C09155,reliable,21,21,0,0.68,0.8,499
C09156,reliable,18,17,1,0.76,0.98,499
C09157,reliable,19,19,0,0.31,0.95,499
C09158,occasionally_late,22,20,2,3.65,0.55,499
C09159,reliable,6,4,2,0.61,0.81,499
C09160,churn_risk,6,3,3,7.67,0.22,499
C09161,churn_risk,3,2,1,11.92,0.08,499
C09162,churn_risk,2,1,1,14.54,0.21,499
C09163,reliable,18,18,0,0.57,0.98,499
C09164,reliable,27,26,1,0.21,0.86,499
C09165,frequent_failure,9,5,4,6.43,0.27,499
C09166,reliable,31,31,0,0.58,0.78,499
C09167,reliable,24,23,1,0.46,0.79,499
C09168,occasionally_late,15,14,1,1.05,0.6,499
C09169,reliable,27,25,2,0.42,0.74,499
C09170,reliable,25,24,1,0.64,0.73,499
C09171,frequent_failure,7,4,3,3.69,0.4,499
C09172,reliable,33,32,1,0.37,0.86,499
C09173,frequent_failure,3,2,1,4.11,0.19,499
C09174,reliable,27,25,2,0.72,0.82,499
C09175,occasionally_late,20,15,5,2.45,0.5,499
C09176,reliable,19,19,0,0.38,0.77,499
C09177,reliable,21,19,2,0.97,0.87,499
C09178,frequent_failure,19,12,7,7.42,0.37,499
C09179,reliable,36,33,3,0.87,0.9,499
C09180,reliable,27,25,2,0.08,0.95,499
C09181,reliable,12,12,0,0.75,0.95,499
C09182,reliable,33,33,0,0.35,0.96,499
C09183,reliable,16,15,1,0.44,0.86,499
C09184,reliable,23,23,0,0.16,0.71,499
C09185,reliable,23,23,0,0.61,0.86,499
C09186,occasionally_late,5,5,0,2.0,0.63,499
C09187,reliable,32,32,0,0.06,0.78,499
C09188,occasionally_late,8,7,1,1.84,0.55,499
C09189,reliable,18,18,0,0.62,0.95,499
C09190,reliable,19,19,0,0.45,0.96,499
C09191,reliable,16,15,1,0.66,0.77,499
C09192,occasionally_late,6,6,0,3.64,0.79,499
C09193,frequent_failure,8,6,2,6.53,0.22,499
C09194,occasionally_late,23,16,7,2.6,0.61,499
C09195,occasionally_late,10,9,1,1.63,0.62,499
C09196,reliable,27,27,0,0.67,0.76,499
C09197,reliable,23,20,3,0.91,0.81,499
C09198,frequent_failure,8,5,3,6.06,0.21,499
C09199,occasionally_late,5,2,3,1.57,0.69,499
C09200,reliable,32,30,2,0.69,0.98,499
C09201,occasionally_late,23,17,6,2.91,0.72,499
C09202,reliable,21,19,2,0.11,0.94,499
C09203,reliable,35,32,3,0.61,0.99,499
C09204,churn_risk,9,2,7,5.42,0.23,499
C09205,occasionally_late,10,8,2,1.68,0.65,499
C09206,reliable,11,10,1,0.39,0.81,499
C09207,frequent_failure,6,6,0,3.64,0.17,499
C09208,churn_risk,7,4,3,10.52,0.09,499
C09209,reliable,21,20,1,0.98,0.8,499
C09210,churn_risk,9,6,3,8.11,0.25,499
C09211,occasionally_late,12,10,2,1.03,0.62,499
C09212,churn_risk,2,2,0,14.83,0.26,499
C09213,occasionally_late,18,15,3,1.17,0.63,499
C09214,reliable,7,4,3,0.37,1.0,499
C09215,occasionally_late,7,7,0,2.85,0.73,499
C09216,churn_risk,11,8,3,10.17,0.05,499
C09217,frequent_failure,18,12,6,7.02,0.33,499
C09218,frequent_failure,6,3,3,4.68,0.36,499
C09219,reliable,25,23,2,0.15,0.8,499
C09220,reliable,14,14,0,0.16,0.84,499
C09221,reliable,35,35,0,0.21,0.82,499
C09222,reliable,12,12,0,0.09,0.95,499
C09223,reliable,32,30,2,0.11,0.71,499
C09224,occasionally_late,19,16,3,3.63,0.55,499
C09225,reliable,32,30,2,0.36,0.83,499
C09226,occasionally_late,5,5,0,1.71,0.68,499
C09227,reliable,23,23,0,0.33,0.85,499
C09228,reliable,16,16,0,0.38,0.84,499
C09229,frequent_failure,6,3,3,6.75,0.29,499
C09230,reliable,14,14,0,0.12,0.93,499
C09231,reliable,35,34,1,0.62,0.95,499
C09232,reliable,16,16,0,0.7,0.87,499
C09233,reliable,19,19,0,0.77,0.97,499
C09234,reliable,30,29,1,0.92,0.72,499
C09235,occasionally_late,14,11,3,3.85,0.77,499
C09236,frequent_failure,10,8,2,6.32,0.22,499
C09237,occasionally_late,15,13,2,3.22,0.68,499
C09238,frequent_failure,14,7,7,6.8,0.25,499
C09239,reliable,25,23,2,0.98,1.0,499
C09240,reliable,22,19,3,0.33,0.98,499
C09241,reliable,19,19,0,0.54,0.74,499
C09242,reliable,12,12,0,0.23,0.84,499
C09243,reliable,35,35,0,0.82,0.71,499
C09244,reliable,32,30,2,0.84,1.0,499
C09245,occasionally_late,16,15,1,2.04,0.56,499
C09246,reliable,21,21,0,0.42,0.72,499
C09247,occasionally_late,22,17,5,3.46,0.55,499
C09248,occasionally_late,10,8,2,2.39,0.62,499
C09249,churn_risk,1,0,1,14.13,0.29,499
C09250,reliable,27,25,2,0.65,0.8,499
C09251,reliable,25,25,0,0.56,0.93,499
C09252,frequent_failure,16,14,2,7.97,0.46,499
C09253,frequent_failure,18,8,10,6.5,0.4,499
C09254,reliable,32,29,3,0.33,0.77,499
C09255,churn_risk,9,3,6,13.46,0.27,499
C09256,reliable,14,14,0,0.65,0.97,499
C09257,occasionally_late,15,13,2,1.26,0.51,499
C09258,occasionally_late,10,9,1,1.1,0.68,499
C09259,reliable,35,34,1,0.96,0.97,499
C09260,occasionally_late,17,15,2,3.14,0.54,499
C09261,reliable,22,18,4,0.73,0.78,499
C09262,churn_risk,4,2,2,8.63,0.24,499
C09263,occasionally_late,8,6,2,2.01,0.59,499
C09264,occasionally_late,8,6,2,1.99,0.5,499
C09265,reliable,8,8,0,0.38,0.87,499
C09266,frequent_failure,12,5,7,3.3,0.27,499
C09267,reliable,33,33,0,0.49,0.92,499
C09268,churn_risk,6,1,5,14.06,0.27,499
C09269,reliable,24,23,1,0.12,0.97,499
C09270,occasionally_late,20,18,2,3.92,0.79,499
C09271,occasionally_late,8,8,0,2.05,0.54,499
C09272,churn_risk,6,3,3,14.57,0.25,499
C09273,reliable,26,24,2,0.64,0.89,499
C09274,churn_risk,11,7,4,14.14,0.28,499
C09275,reliable,36,35,1,0.15,0.96,499
C09276,reliable,16,16,0,0.09,0.82,499
C09277,frequent_failure,19,12,7,7.58,0.45,499
C09278,reliable,21,20,1,0.2,0.97,499
C09279,occasionally_late,23,20,3,3.32,0.61,499
C09280,occasionally_late,10,9,1,2.71,0.79,499
C09281,occasionally_late,6,5,1,2.58,0.46,499
C09282,reliable,24,24,0,0.31,0.89,499
C09283,reliable,7,6,1,0.79,0.92,499
C09284,reliable,14,13,1,0.81,0.97,499
C09285,reliable,35,33,2,0.56,0.84,499
C09286,reliable,18,14,4,0.23,0.88,499
C09287,reliable,13,12,1,0.7,0.87,499
C09288,occasionally_late,10,10,0,3.98,0.58,499
C09289,reliable,20,20,0,0.16,0.91,499
C09290,reliable,26,26,0,0.63,0.77,499
C09291,frequent_failure,7,6,1,3.02,0.43,499
C09292,reliable,21,21,0,0.05,0.77,499
C09293,frequent_failure,6,5,1,3.46,0.34,499
C09294,reliable,20,20,0,0.9,0.91,499
C09295,reliable,28,28,0,0.98,0.9,499
C09296,frequent_failure,7,7,0,4.93,0.47,499
C09297,occasionally_late,15,13,2,1.77,0.71,499
C09298,reliable,24,24,0,0.76,0.88,499
C09299,frequent_failure,9,6,3,4.24,0.47,499
C09300,reliable,15,14,1,0.32,0.99,499
C09301,frequent_failure,3,2,1,6.37,0.36,499
C09302,reliable,12,11,1,0.2,0.97,499
C09303,churn_risk,5,4,1,11.02,0.06,499
C09304,reliable,30,30,0,0.24,0.88,499
C09305,reliable,10,10,0,0.68,0.99,499
C09306,frequent_failure,7,5,2,4.83,0.27,499
C09307,frequent_failure,5,2,3,3.41,0.46,499
C09308,frequent_failure,16,11,5,7.36,0.46,499
C09309,reliable,31,29,2,0.74,0.94,499
C09310,reliable,19,18,1,0.75,0.93,499
C09311,frequent_failure,7,7,0,7.61,0.34,499
C09312,reliable,22,22,0,0.46,0.93,499
C09313,occasionally_late,19,15,4,1.77,0.71,499
C09314,occasionally_late,23,18,5,2.21,0.58,499
C09315,churn_risk,9,3,6,9.57,0.1,499
C09316,reliable,36,36,0,0.44,0.9,499
C09317,occasionally_late,23,20,3,2.04,0.67,499
C09318,reliable,29,26,3,0.51,0.9,499
C09319,reliable,18,17,1,0.76,0.84,499
C09320,frequent_failure,16,11,5,5.16,0.17,499
C09321,occasionally_late,10,8,2,2.77,0.48,499
C09322,occasionally_late,17,17,0,1.06,0.56,499
C09323,reliable,30,27,3,0.26,0.77,499
C09324,reliable,7,6,1,0.08,0.82,499
C09325,reliable,31,29,2,0.9,0.82,499
C09326,reliable,30,28,2,0.16,0.84,499
C09327,reliable,31,30,1,0.17,0.93,499
C09328,reliable,14,14,0,0.56,0.71,499
C09329,reliable,8,7,1,0.2,0.93,499
C09330,reliable,29,29,0,0.27,0.83,499
C09331,reliable,8,7,1,0.01,0.75,499
C09332,frequent_failure,3,1,2,4.15,0.22,499
C09333,reliable,21,19,2,0.76,0.87,499
C09334,occasionally_late,17,13,4,3.43,0.74,499
C09335,reliable,19,18,1,0.9,0.99,499
C09336,reliable,20,19,1,0.77,0.86,499
C09337,frequent_failure,4,4,0,6.43,0.49,499
C09338,reliable,27,26,1,0.6,0.78,499
C09339,occasionally_late,8,6,2,1.85,0.64,499
C09340,reliable,19,16,3,0.89,0.71,499
C09341,reliable,11,9,2,0.7,0.75,499
C09342,reliable,12,11,1,0.02,0.75,499
C09343,occasionally_late,5,4,1,3.47,0.62,499
C09344,occasionally_late,13,11,2,1.4,0.68,499
C09345,reliable,35,33,2,0.0,0.83,499
C09346,reliable,18,17,1,0.55,0.73,499
C09347,reliable,23,21,2,0.38,0.98,499
C09348,reliable,21,20,1,0.69,0.79,499
C09349,occasionally_late,15,10,5,3.73,0.66,499
C09350,reliable,31,29,2,0.52,0.88,499
C09351,reliable,8,8,0,0.47,0.77,499
C09352,reliable,32,31,1,0.05,0.94,499
C09353,occasionally_late,7,7,0,1.0,0.53,499
C09354,reliable,32,30,2,0.58,0.97,499
C09355,churn_risk,2,2,0,10.82,0.27,499
C09356,occasionally_late,6,5,1,2.43,0.58,499
C09357,reliable,7,7,0,0.62,1.0,499
C09358,reliable,22,21,1,0.92,0.92,499
C09359,reliable,29,29,0,0.15,0.85,499
C09360,occasionally_late,17,14,3,1.7,0.62,499
C09361,occasionally_late,11,9,2,3.26,0.74,499
C09362,churn_risk,1,0,1,9.63,0.21,499
C09363,occasionally_late,9,9,0,1.04,0.69,499
C09364,reliable,14,13,1,0.81,0.92,499
C09365,reliable,13,13,0,0.1,0.89,499
C09366,reliable,28,27,1,0.57,0.89,499
C09367,reliable,19,19,0,0.22,0.9,499
C09368,reliable,15,15,0,0.4,0.96,499
C09369,occasionally_late,23,22,1,2.77,0.49,499
C09370,churn_risk,2,1,1,8.58,0.12,499
C09371,reliable,29,27,2,0.81,0.84,499
C09372,reliable,31,30,1,0.5,0.98,499
C09373,occasionally_late,17,17,0,3.53,0.62,499
C09374,occasionally_late,8,6,2,2.24,0.53,499
C09375,churn_risk,11,4,7,14.93,0.1,499
C09376,reliable,26,23,3,0.08,0.91,499
C09377,occasionally_late,5,4,1,1.16,0.58,499
C09378,occasionally_late,13,8,5,3.89,0.55,499
C09379,frequent_failure,4,2,2,7.64,0.15,499
C09380,occasionally_late,18,16,2,2.31,0.6,499
C09381,reliable,23,23,0,0.83,0.82,499
C09382,frequent_failure,18,11,7,3.67,0.47,499
C09383,reliable,20,17,3,0.6,0.73,499
C09384,reliable,10,10,0,0.02,0.8,499
C09385,reliable,11,9,2,0.27,0.78,499
C09386,reliable,21,20,1,0.2,0.83,499
C09387,reliable,22,20,2,0.82,0.86,499
C09388,reliable,35,35,0,0.03,0.9,499
C09389,reliable,7,6,1,0.08,0.93,499
C09390,reliable,24,23,1,0.89,0.79,499
C09391,churn_risk,11,7,4,9.93,0.1,499
C09392,reliable,16,16,0,0.77,0.73,499
C09393,occasionally_late,6,6,0,3.92,0.47,499
C09394,occasionally_late,13,12,1,2.4,0.71,499
C09395,reliable,10,9,1,0.05,0.72,499
C09396,occasionally_late,7,6,1,1.02,0.73,499
C09397,occasionally_late,16,15,1,2.52,0.75,499
C09398,reliable,9,9,0,0.73,0.94,499
C09399,occasionally_late,7,6,1,3.09,0.68,499
C09400,occasionally_late,12,10,2,2.78,0.49,499
C09401,reliable,26,24,2,0.19,0.88,499
C09402,frequent_failure,18,12,6,3.62,0.35,499
C09403,reliable,14,12,2,0.6,0.86,499
C09404,reliable,6,6,0,0.35,0.97,499
C09405,reliable,35,34,1,0.52,0.86,499
C09406,occasionally_late,8,8,0,1.77,0.79,499
C09407,reliable,34,33,1,0.07,0.97,499
C09408,occasionally_late,17,16,1,2.52,0.78,499
C09409,reliable,20,19,1,0.69,0.71,499
C09410,frequent_failure,9,7,2,6.69,0.47,499
C09411,frequent_failure,12,9,3,3.24,0.33,499
C09412,reliable,22,22,0,0.63,0.99,499
C09413,reliable,22,21,1,0.98,0.83,499
C09414,reliable,25,24,1,0.24,0.83,499
C09415,reliable,17,17,0,0.47,0.99,499
C09416,churn_risk,8,4,4,14.45,0.08,499
C09417,reliable,31,30,1,0.12,0.9,499
C09418,occasionally_late,16,13,3,2.65,0.64,499
C09419,frequent_failure,14,9,5,4.17,0.39,499
C09420,reliable,33,33,0,0.72,0.9,499
C09421,occasionally_late,16,14,2,2.97,0.55,499
C09422,frequent_failure,16,9,7,4.88,0.34,499
C09423,reliable,7,7,0,0.45,0.84,499
C09424,churn_risk,1,1,0,14.09,0.07,499
C09425,churn_risk,10,7,3,12.35,0.21,499
C09426,reliable,10,8,2,0.41,0.77,499
C09427,frequent_failure,11,9,2,5.46,0.34,499
C09428,reliable,25,24,1,0.79,0.76,499
C09429,reliable,12,11,1,0.69,0.85,499
C09430,reliable,23,21,2,0.89,0.74,499
C09431,occasionally_late,9,8,1,1.11,0.54,499
C09432,occasionally_late,20,20,0,3.18,0.72,499
C09433,churn_risk,5,3,2,6.7,0.12,499
C09434,churn_risk,7,3,4,6.91,0.06,499
C09435,reliable,17,17,0,0.36,0.93,499
C09436,frequent_failure,11,9,2,8.0,0.49,499
C09437,frequent_failure,19,15,4,7.32,0.37,499
C09438,occasionally_late,23,20,3,3.62,0.56,499
C09439,reliable,22,22,0,0.7,0.78,499
C09440,reliable,14,14,0,0.22,0.92,499
C09441,frequent_failure,6,4,2,7.67,0.36,499
C09442,reliable,6,6,0,0.72,0.87,499
C09443,churn_risk,8,3,5,12.29,0.2,499
C09444,reliable,33,30,3,0.41,0.99,499
C09445,churn_risk,2,0,2,8.02,0.27,499
C09446,occasionally_late,11,10,1,3.44,0.66,499
C09447,frequent_failure,12,7,5,3.05,0.5,499
C09448,reliable,16,14,2,0.73,0.89,499
C09449,reliable,31,31,0,0.95,0.83,499
C09450,occasionally_late,9,8,1,2.64,0.71,499
C09451,reliable,19,18,1,0.61,0.77,499
C09452,occasionally_late,6,5,1,2.57,0.65,499
C09453,reliable,31,26,5,0.54,0.83,499
C09454,occasionally_late,13,12,1,1.5,0.51,499
C09455,reliable,15,15,0,0.93,0.93,499
C09456,reliable,32,30,2,0.02,0.77,499
C09457,occasionally_late,4,2,2,3.34,0.62,499
C09458,frequent_failure,9,3,6,7.78,0.48,499
C09459,reliable,24,20,4,0.02,0.7,499
C09460,reliable,29,27,2,0.78,0.95,499
C09461,reliable,18,16,2,0.63,0.79,499
C09462,reliable,8,8,0,0.19,0.84,499
C09463,occasionally_late,15,11,4,3.95,0.56,499
C09464,occasionally_late,12,9,3,3.53,0.58,499
C09465,occasionally_late,15,13,2,3.56,0.72,499
C09466,reliable,15,15,0,0.44,0.77,499
C09467,reliable,35,34,1,0.01,0.83,499
C09468,churn_risk,5,2,3,7.75,0.08,499
C09469,occasionally_late,20,19,1,3.48,0.48,499
C09470,churn_risk,11,6,5,12.7,0.27,499
C09471,reliable,22,22,0,0.37,0.71,499
C09472,reliable,8,8,0,0.86,0.87,499
C09473,reliable,11,11,0,0.42,0.88,499
C09474,reliable,29,28,1,0.74,0.91,499
C09475,occasionally_late,9,9,0,3.37,0.58,499
C09476,reliable,19,19,0,0.35,0.81,499
C09477,reliable,27,25,2,0.01,0.73,499
C09478,reliable,33,31,2,0.9,0.78,499
C09479,frequent_failure,17,13,4,4.4,0.17,499
C09480,reliable,6,6,0,0.98,0.89,499
C09481,frequent_failure,19,15,4,4.62,0.18,499
C09482,churn_risk,8,5,3,9.03,0.25,499
C09483,occasionally_late,7,7,0,3.46,0.73,499
C09484,churn_risk,5,3,2,11.4,0.08,499
C09485,occasionally_late,5,5,0,1.04,0.65,499
C09486,reliable,10,10,0,0.04,0.82,499
C09487,frequent_failure,16,14,2,5.24,0.15,499
C09488,occasionally_late,23,20,3,1.96,0.7,499
C09489,reliable,8,7,1,0.15,0.83,499
C09490,frequent_failure,11,10,1,7.87,0.16,499
C09491,reliable,16,13,3,0.9,0.94,499
C09492,reliable,9,9,0,0.1,0.98,499
C09493,occasionally_late,5,5,0,1.71,0.6,499
C09494,frequent_failure,11,7,4,5.08,0.21,499
C09495,occasionally_late,18,15,3,3.02,0.45,499
C09496,occasionally_late,14,10,4,1.04,0.57,499
C09497,reliable,6,6,0,0.81,0.94,499
C09498,occasionally_late,13,12,1,3.42,0.8,499
C09499,churn_risk,4,3,1,14.02,0.28,499
C09500,reliable,15,15,0,0.51,0.91,499
C09501,reliable,18,17,1,0.29,0.78,499
C09502,reliable,16,15,1,0.52,1.0,499
C09503,frequent_failure,7,5,2,3.04,0.3,499
C09504,frequent_failure,4,2,2,4.57,0.21,499
C09505,occasionally_late,4,2,2,1.83,0.7,499
C09506,churn_risk,9,4,5,5.29,0.27,499
C09507,frequent_failure,8,7,1,3.54,0.19,499
C09508,reliable,34,32,2,0.33,0.86,499
C09509,churn_risk,3,1,2,8.96,0.09,499
C09510,occasionally_late,18,14,4,3.53,0.5,499
C09511,reliable,36,35,1,0.04,0.99,499
C09512,reliable,22,19,3,0.16,0.84,499
C09513,frequent_failure,4,3,1,5.99,0.33,499
C09514,reliable,7,7,0,0.73,0.83,499
C09515,occasionally_late,22,22,0,2.31,0.79,499
C09516,reliable,10,10,0,0.88,0.82,499
C09517,occasionally_late,24,22,2,2.13,0.51,499
C09518,reliable,20,19,1,0.76,0.94,499
C09519,reliable,25,23,2,0.46,0.98,499
C09520,frequent_failure,15,10,5,5.24,0.39,499
C09521,frequent_failure,11,4,7,5.02,0.48,499
C09522,reliable,25,24,1,0.4,0.9,499
C09523,reliable,10,10,0,0.22,0.75,499
C09524,reliable,34,34,0,0.83,0.89,499
C09525,occasionally_late,11,10,1,2.55,0.73,499
C09526,churn_risk,11,6,5,9.15,0.26,499
C09527,occasionally_late,20,16,4,3.57,0.51,499
C09528,churn_risk,10,8,2,8.07,0.16,499
C09529,reliable,25,24,1,0.85,0.71,499
C09530,reliable,7,7,0,0.92,0.74,499
C09531,reliable,25,25,0,0.57,0.72,499
C09532,reliable,20,20,0,0.76,0.96,499
C09533,reliable,26,26,0,0.46,0.71,499
C09534,reliable,18,18,0,0.35,0.76,499
C09535,churn_risk,4,3,1,7.38,0.18,499
C09536,occasionally_late,19,14,5,3.48,0.49,499
C09537,reliable,9,9,0,0.39,0.81,499
C09538,frequent_failure,4,4,0,3.72,0.21,499
C09539,reliable,35,34,1,0.77,0.99,499
C09540,occasionally_late,15,13,2,2.78,0.5,499
C09541,occasionally_late,8,8,0,2.59,0.76,499
C09542,occasionally_late,18,18,0,3.86,0.77,499
C09543,occasionally_late,17,14,3,3.74,0.62,499
C09544,reliable,12,12,0,0.34,0.9,499
C09545,occasionally_late,9,9,0,1.33,0.68,499
C09546,frequent_failure,15,8,7,6.39,0.42,499
C09547,reliable,10,10,0,0.95,0.97,499
C09548,churn_risk,9,6,3,12.01,0.19,499
C09549,reliable,27,26,1,0.86,0.94,499
C09550,reliable,15,15,0,0.76,0.86,499
C09551,reliable,36,33,3,0.31,0.86,499
C09552,frequent_failure,13,11,2,5.18,0.49,499
C09553,churn_risk,11,6,5,7.72,0.22,499
C09554,reliable,26,25,1,0.68,0.96,499
C09555,reliable,29,29,0,0.03,0.87,499
C09556,reliable,35,34,1,0.69,1.0,499
C09557,reliable,26,26,0,0.62,0.99,499
C09558,occasionally_late,18,18,0,2.34,0.54,499
C09559,reliable,11,9,2,0.34,0.78,499
C09560,reliable,29,29,0,0.28,0.81,499
C09561,reliable,12,10,2,0.96,0.94,499
C09562,reliable,6,6,0,0.28,0.78,499
C09563,churn_risk,5,3,2,12.99,0.06,499
C09564,reliable,18,17,1,0.87,0.85,499
C09565,churn_risk,11,7,4,10.31,0.09,499
C09566,reliable,31,29,2,0.27,1.0,499
C09567,occasionally_late,21,16,5,3.58,0.74,499
C09568,reliable,25,24,1,0.69,0.72,499
C09569,occasionally_late,21,20,1,3.45,0.78,499
C09570,frequent_failure,15,9,6,6.58,0.17,499
C09571,occasionally_late,21,16,5,2.55,0.64,499
C09572,reliable,16,16,0,0.78,0.89,499
C09573,reliable,15,14,1,0.8,0.77,499
C09574,frequent_failure,4,2,2,4.82,0.26,499
C09575,occasionally_late,18,17,1,1.58,0.58,499
C09576,reliable,16,16,0,0.57,0.77,499
C09577,churn_risk,1,1,0,5.12,0.17,499
C09578,reliable,28,23,5,0.55,0.95,499
C09579,reliable,19,19,0,0.28,0.78,499
C09580,reliable,27,23,4,0.27,0.81,499
C09581,churn_risk,3,0,3,9.88,0.1,499
C09582,churn_risk,2,1,1,13.84,0.15,499
C09583,reliable,10,10,0,0.66,0.91,499
C09584,reliable,16,16,0,0.01,0.72,499
C09585,reliable,21,20,1,0.73,0.85,499
C09586,frequent_failure,19,12,7,7.58,0.48,499
C09587,reliable,31,29,2,0.8,0.96,499
C09588,occasionally_late,10,9,1,3.38,0.63,499
C09589,reliable,36,31,5,0.52,1.0,499
C09590,occasionally_late,23,15,8,3.57,0.75,499
C09591,reliable,31,30,1,0.35,0.94,499
C09592,reliable,35,33,2,0.71,0.85,499
C09593,occasionally_late,14,11,3,1.74,0.58,499
C09594,reliable,26,25,1,0.45,0.95,499
C09595,reliable,17,16,1,0.48,0.75,499
C09596,occasionally_late,14,12,2,3.44,0.54,499
C09597,occasionally_late,15,11,4,1.13,0.79,499
C09598,reliable,18,18,0,0.02,0.75,499
C09599,reliable,31,29,2,0.01,0.98,499
C09600,reliable,18,18,0,0.16,0.74,499
C09601,occasionally_late,11,10,1,2.04,0.55,499
C09602,reliable,9,9,0,0.36,0.83,499
C09603,reliable,21,21,0,0.46,0.79,499
C09604,occasionally_late,22,21,1,1.37,0.67,499
C09605,frequent_failure,5,2,3,7.24,0.44,499
C09606,reliable,34,31,3,0.96,0.7,499
C09607,reliable,21,19,2,0.34,0.88,499
C09608,reliable,34,33,1,0.52,0.85,499
C09609,frequent_failure,19,14,5,5.28,0.41,499
C09610,churn_risk,4,1,3,6.79,0.17,499
C09611,occasionally_late,15,13,2,1.94,0.75,499
C09612,reliable,31,29,2,0.63,0.8,499
C09613,occasionally_late,10,7,3,2.04,0.66,499
C09614,occasionally_late,23,19,4,2.52,0.74,499
C09615,occasionally_late,8,8,0,3.65,0.53,499
C09616,churn_risk,8,4,4,10.88,0.1,499
C09617,reliable,16,16,0,0.39,0.94,499
C09618,churn_risk,5,4,1,9.26,0.22,499
C09619,reliable,36,33,3,0.84,0.76,499
C09620,frequent_failure,18,12,6,7.13,0.47,499
C09621,reliable,11,11,0,0.71,0.88,499
C09622,occasionally_late,24,20,4,3.94,0.47,499
C09623,reliable,6,6,0,0.64,0.93,499
C09624,reliable,27,23,4,0.58,0.91,499
C09625,churn_risk,2,2,0,12.89,0.25,499
C09626,reliable,26,25,1,0.39,0.94,499
C09627,reliable,36,33,3,0.52,0.99,499
C09628,reliable,36,35,1,0.89,0.88,499
C09629,frequent_failure,4,2,2,4.35,0.26,499
C09630,frequent_failure,8,5,3,7.33,0.32,499
C09631,reliable,6,6,0,0.85,0.78,499
C09632,reliable,10,10,0,0.07,0.81,499
C09633,occasionally_late,17,14,3,1.44,0.61,499
C09634,frequent_failure,4,2,2,3.46,0.15,499
C09635,reliable,14,14,0,0.27,0.97,499
C09636,churn_risk,7,3,4,7.17,0.05,499
C09637,churn_risk,2,0,2,5.98,0.09,499
C09638,frequent_failure,16,11,5,5.78,0.32,499
C09639,occasionally_late,14,12,2,3.91,0.79,499
C09640,frequent_failure,17,9,8,7.9,0.2,499
C09641,occasionally_late,19,19,0,3.34,0.65,499
C09642,reliable,28,28,0,0.23,0.94,499
C09643,reliable,28,28,0,0.39,0.94,499
C09644,reliable,15,15,0,0.33,0.81,499
C09645,reliable,26,26,0,0.06,0.91,499
C09646,reliable,12,12,0,0.43,0.75,499
C09647,occasionally_late,5,5,0,3.73,0.47,499
C09648,frequent_failure,3,0,3,3.17,0.5,499
C09649,occasionally_late,13,12,1,1.69,0.57,499
C09650,churn_risk,3,1,2,14.31,0.16,499
C09651,reliable,21,20,1,0.39,0.93,499
C09652,reliable,12,12,0,0.44,0.76,499
C09653,occasionally_late,22,18,4,3.46,0.51,499
C09654,reliable,11,9,2,0.09,0.79,499
C09655,frequent_failure,14,10,4,6.04,0.15,499
C09656,occasionally_late,16,12,4,1.49,0.64,499
C09657,reliable,15,15,0,0.72,0.88,499
C09658,occasionally_late,16,12,4,2.32,0.58,499
C09659,reliable,30,30,0,0.9,0.75,499
C09660,reliable,34,30,4,0.22,0.91,499
C09661,frequent_failure,10,6,4,7.95,0.43,499
C09662,reliable,10,10,0,0.73,0.83,499
C09663,reliable,26,26,0,0.8,0.88,499
C09664,occasionally_late,19,15,4,3.8,0.68,499
C09665,reliable,18,18,0,0.71,0.78,499
C09666,reliable,30,29,1,0.81,0.89,499
C09667,reliable,35,33,2,0.13,0.75,499
C09668,reliable,29,27,2,0.28,0.95,499
C09669,occasionally_late,20,18,2,3.14,0.47,499
C09670,frequent_failure,18,11,7,6.84,0.27,499
C09671,reliable,25,25,0,0.96,0.76,499
C09672,frequent_failure,17,12,5,3.78,0.23,499
C09673,occasionally_late,23,23,0,2.76,0.66,499
C09674,reliable,34,30,4,0.57,0.92,499
C09675,occasionally_late,24,21,3,3.01,0.47,499
C09676,frequent_failure,9,7,2,4.65,0.43,499
C09677,reliable,22,21,1,0.78,0.96,499
C09678,reliable,29,27,2,0.19,0.85,499
C09679,reliable,35,35,0,0.0,0.77,499
C09680,occasionally_late,15,13,2,3.52,0.46,499
C09681,occasionally_late,4,3,1,3.9,0.73,499
C09682,reliable,15,14,1,0.35,0.86,499
C09683,reliable,28,28,0,0.13,0.98,499
C09684,reliable,16,16,0,0.21,0.87,499
C09685,reliable,18,18,0,0.99,0.81,499
C09686,reliable,31,30,1,0.39,0.75,499
C09687,occasionally_late,23,20,3,2.94,0.53,499
C09688,reliable,20,19,1,0.33,0.9,499
C09689,reliable,7,7,0,0.16,0.99,499
C09690,reliable,9,8,1,0.04,0.74,499
C09691,frequent_failure,4,2,2,3.73,0.24,499
C09692,occasionally_late,19,19,0,2.83,0.66,499
C09693,reliable,14,13,1,0.14,0.75,499
C09694,occasionally_late,23,21,2,3.9,0.46,499
C09695,reliable,6,5,1,0.23,0.75,499
C09696,frequent_failure,14,10,4,5.66,0.18,499
C09697,reliable,22,21,1,0.26,0.74,499
C09698,reliable,15,15,0,0.95,0.82,499
C09699,reliable,8,8,0,0.72,0.96,499
C09700,reliable,19,18,1,0.84,0.82,499
C09701,occasionally_late,7,7,0,3.05,0.7,499
C09702,reliable,29,28,1,0.41,0.84,499
C09703,frequent_failure,10,7,3,4.2,0.16,499
C09704,churn_risk,11,2,9,7.3,0.29,499
C09705,occasionally_late,19,14,5,1.69,0.57,499
C09706,reliable,6,6,0,0.98,0.9,499
C09707,frequent_failure,19,14,5,6.67,0.25,499
C09708,frequent_failure,8,5,3,4.17,0.46,499
C09709,reliable,15,14,1,0.54,0.94,499
C09710,occasionally_late,8,8,0,1.51,0.73,499
C09711,reliable,12,12,0,0.78,0.96,499
C09712,frequent_failure,10,5,5,3.67,0.49,499
C09713,reliable,19,17,2,0.83,0.71,499
C09714,churn_risk,9,8,1,8.31,0.17,499
C09715,reliable,29,29,0,0.89,0.94,499
C09716,frequent_failure,8,7,1,5.76,0.22,499
C09717,reliable,6,5,1,0.91,0.89,499
C09718,occasionally_late,7,6,1,1.5,0.46,499
C09719,occasionally_late,24,19,5,1.28,0.46,499
C09720,reliable,12,12,0,0.5,0.81,499
C09721,occasionally_late,15,15,0,3.33,0.62,499
C09722,reliable,32,31,1,0.88,0.86,499
C09723,frequent_failure,15,8,7,3.31,0.45,499
C09724,reliable,23,22,1,0.8,0.97,499
C09725,occasionally_late,17,14,3,3.92,0.72,499
C09726,occasionally_late,10,9,1,3.63,0.63,499
C09727,reliable,24,23,1,0.63,0.98,499
C09728,reliable,11,11,0,0.44,0.75,499
C09729,occasionally_late,15,12,3,2.24,0.6,499
C09730,occasionally_late,21,19,2,3.88,0.71,499
C09731,reliable,30,29,1,0.83,0.88,499
C09732,reliable,6,6,0,0.9,0.71,499
C09733,occasionally_late,16,13,3,2.69,0.8,499
C09734,churn_risk,7,2,5,8.52,0.24,499
C09735,reliable,25,22,3,0.01,0.86,499
C09736,occasionally_late,4,4,0,3.46,0.68,499
C09737,frequent_failure,11,7,4,6.59,0.38,499
C09738,reliable,34,34,0,0.03,0.88,499
C09739,reliable,14,13,1,0.76,0.95,499
C09740,frequent_failure,12,8,4,6.14,0.38,499
C09741,reliable,9,8,1,0.65,0.76,499
C09742,reliable,11,10,1,0.63,0.99,499
C09743,reliable,16,15,1,0.17,0.82,499
C09744,reliable,10,10,0,0.38,0.93,499
C09745,occasionally_late,15,15,0,2.38,0.8,499
C09746,occasionally_late,14,11,3,1.14,0.74,499
C09747,reliable,18,16,2,0.28,0.99,499
C09748,reliable,14,13,1,0.11,0.76,499
C09749,occasionally_late,15,10,5,2.97,0.69,499
C09750,frequent_failure,18,14,4,6.67,0.41,499
C09751,occasionally_late,4,4,0,3.74,0.49,499
C09752,reliable,30,28,2,0.92,0.87,499
C09753,churn_risk,7,5,2,14.06,0.27,499
C09754,occasionally_late,21,17,4,3.15,0.63,499
C09755,occasionally_late,13,13,0,1.24,0.55,499
C09756,reliable,33,29,4,0.56,0.83,499
C09757,reliable,13,12,1,0.32,0.74,499
C09758,frequent_failure,11,8,3,6.36,0.31,499
C09759,reliable,34,33,1,0.95,0.92,499
C09760,reliable,36,35,1,0.65,0.85,499
C09761,occasionally_late,8,7,1,2.66,0.7,499
C09762,reliable,34,32,2,0.12,0.87,499
C09763,occasionally_late,19,17,2,3.74,0.71,499
C09764,reliable,14,14,0,0.09,0.95,499
C09765,occasionally_late,11,10,1,1.04,0.55,499
C09766,occasionally_late,20,15,5,3.37,0.65,499
C09767,reliable,17,15,2,0.6,0.71,499
C09768,frequent_failure,13,10,3,5.7,0.25,499
C09769,reliable,23,22,1,0.48,0.9,499
C09770,reliable,16,15,1,0.44,0.87,499
C09771,reliable,6,6,0,0.81,0.95,499
C09772,frequent_failure,10,8,2,3.8,0.17,499
C09773,reliable,29,27,2,0.48,0.83,499
C09774,reliable,17,16,1,0.91,0.99,499
C09775,frequent_failure,14,8,6,7.45,0.29,499
C09776,reliable,17,15,2,0.56,0.99,499
C09777,occasionally_late,7,7,0,2.25,0.62,499
C09778,frequent_failure,3,3,0,6.33,0.29,499
C09779,frequent_failure,12,7,5,6.98,0.45,499
C09780,frequent_failure,10,6,4,5.48,0.17,499
C09781,occasionally_late,24,23,1,1.95,0.51,499
C09782,occasionally_late,16,11,5,2.93,0.71,499
C09783,reliable,15,15,0,0.72,0.95,499
C09784,frequent_failure,5,4,1,7.85,0.23,499
C09785,churn_risk,11,8,3,13.83,0.08,499
C09786,churn_risk,1,1,0,8.46,0.11,499
C09787,churn_risk,9,3,6,13.72,0.12,499
C09788,reliable,30,29,1,0.01,0.98,499
C09789,reliable,11,11,0,0.82,0.9,499
C09790,reliable,6,5,1,0.02,0.79,499
C09791,reliable,31,27,4,0.6,0.77,499
C09792,occasionally_late,9,9,0,2.11,0.6,499
C09793,reliable,14,13,1,0.28,0.84,499
C09794,reliable,25,23,2,0.84,0.86,499
C09795,reliable,19,19,0,0.34,0.92,499
C09796,reliable,29,29,0,0.01,0.83,499
C09797,churn_risk,7,4,3,7.83,0.07,499
C09798,reliable,32,32,0,0.4,0.93,499
C09799,reliable,13,12,1,0.85,0.91,499
C09800,occasionally_late,16,14,2,1.5,0.55,499
C09801,reliable,15,14,1,0.85,0.75,499
C09802,reliable,27,27,0,0.28,0.84,499
C09803,frequent_failure,7,5,2,3.6,0.44,499
C09804,reliable,35,33,2,0.04,0.89,499
C09805,reliable,17,17,0,0.65,0.76,499
C09806,reliable,19,18,1,0.16,1.0,499
C09807,occasionally_late,7,7,0,2.1,0.47,499
C09808,frequent_failure,9,6,3,7.3,0.43,499
C09809,reliable,27,27,0,0.87,0.82,499
C09810,reliable,12,9,3,0.06,0.81,499
C09811,reliable,7,7,0,0.61,0.87,499
C09812,reliable,15,15,0,0.48,0.8,499
C09813,reliable,14,14,0,0.01,0.96,499
C09814,frequent_failure,15,9,6,7.13,0.26,499
C09815,occasionally_late,7,6,1,3.86,0.63,499
C09816,reliable,11,11,0,0.65,0.83,499
C09817,occasionally_late,13,12,1,1.8,0.65,499
C09818,frequent_failure,11,9,2,3.59,0.24,499
C09819,reliable,11,11,0,0.89,0.86,499
C09820,reliable,28,27,1,0.69,0.82,499
C09821,churn_risk,10,5,5,9.37,0.2,499
C09822,frequent_failure,7,2,5,4.89,0.26,499
C09823,frequent_failure,5,4,1,6.6,0.27,499
C09824,churn_risk,6,2,4,8.3,0.21,499
C09825,reliable,30,27,3,0.8,0.98,499
C09826,frequent_failure,9,6,3,4.71,0.43,499
C09827,reliable,17,15,2,0.27,0.84,499
C09828,reliable,11,10,1,0.74,0.93,499
C09829,occasionally_late,23,18,5,1.46,0.72,499
C09830,churn_risk,1,1,0,13.98,0.27,499
C09831,frequent_failure,11,9,2,6.23,0.2,499
C09832,churn_risk,6,0,6,13.56,0.05,499
C09833,reliable,20,19,1,1.0,0.82,499
C09834,reliable,12,10,2,0.23,0.89,499
C09835,frequent_failure,18,13,5,7.72,0.39,499
C09836,reliable,31,29,2,0.31,0.96,499
C09837,reliable,33,30,3,0.9,0.97,499
C09838,occasionally_late,17,16,1,2.11,0.48,499
C09839,churn_risk,11,5,6,5.82,0.16,499
C09840,occasionally_late,16,16,0,3.25,0.77,499
C09841,reliable,13,13,0,0.53,0.98,499
C09842,reliable,6,6,0,0.38,0.7,499
C09843,frequent_failure,17,11,6,6.93,0.3,499
C09844,frequent_failure,15,12,3,7.21,0.34,499
C09845,frequent_failure,15,11,4,5.52,0.25,499
C09846,reliable,10,10,0,0.83,0.99,499
C09847,reliable,30,29,1,0.52,0.85,499
C09848,occasionally_late,6,6,0,3.23,0.78,499
C09849,reliable,8,7,1,0.67,0.79,499
C09850,reliable,32,31,1,0.18,0.96,499
C09851,occasionally_late,21,19,2,3.62,0.46,499
C09852,reliable,23,23,0,0.2,0.77,499
C09853,churn_risk,9,6,3,13.4,0.25,499
C09854,frequent_failure,12,7,5,6.32,0.37,499
C09855,frequent_failure,9,7,2,6.67,0.32,499
C09856,reliable,23,23,0,0.63,0.92,499
C09857,reliable,32,32,0,0.58,0.81,499
C09858,reliable,10,10,0,0.29,0.97,499
C09859,reliable,8,5,3,0.69,0.82,499
C09860,occasionally_late,12,12,0,3.82,0.73,499
C09861,frequent_failure,3,3,0,4.91,0.28,499
C09862,reliable,25,25,0,0.61,0.91,499
C09863,reliable,28,26,2,0.5,0.96,499
C09864,occasionally_late,5,4,1,1.24,0.76,499
C09865,reliable,34,33,1,0.13,0.93,499
C09866,reliable,30,26,4,0.15,0.79,499
C09867,frequent_failure,8,4,4,5.0,0.37,499
C09868,reliable,12,11,1,0.85,0.78,499
C09869,occasionally_late,20,17,3,1.93,0.73,499
C09870,reliable,30,28,2,0.45,0.92,499
C09871,reliable,33,33,0,0.15,0.92,499
C09872,frequent_failure,11,5,6,7.45,0.16,499
C09873,reliable,17,17,0,0.31,0.75,499
C09874,reliable,15,15,0,0.2,0.71,499
C09875,occasionally_late,12,12,0,2.66,0.74,499
C09876,reliable,29,29,0,0.9,0.78,499
C09877,reliable,9,9,0,0.36,0.85,499
C09878,occasionally_late,15,15,0,3.42,0.5,499
C09879,reliable,7,6,1,0.09,0.84,499
C09880,occasionally_late,24,15,9,3.88,0.68,499
C09881,reliable,12,11,1,0.52,0.95,499
C09882,occasionally_late,5,5,0,3.98,0.5,499
C09883,reliable,6,6,0,0.63,0.85,499
C09884,reliable,17,17,0,0.76,0.9,499
C09885,frequent_failure,13,9,4,3.65,0.45,499
C09886,occasionally_late,20,17,3,2.79,0.47,499
C09887,reliable,15,14,1,0.61,0.95,499
C09888,reliable,18,17,1,0.57,0.75,499
C09889,reliable,23,23,0,0.97,1.0,499
C09890,reliable,8,8,0,0.77,0.82,499
C09891,reliable,18,17,1,0.26,0.83,499
C09892,frequent_failure,16,10,6,4.08,0.48,499
C09893,reliable,24,23,1,0.4,1.0,499
C09894,occasionally_late,24,21,3,3.28,0.6,499
C09895,frequent_failure,10,7,3,7.24,0.31,499
C09896,reliable,18,17,1,0.36,0.83,499
C09897,reliable,15,14,1,0.69,0.86,499
C09898,frequent_failure,12,9,3,7.93,0.37,499
C09899,frequent_failure,4,4,0,3.97,0.27,499
C09900,reliable,28,26,2,0.75,0.73,499
C09901,reliable,14,13,1,0.77,0.99,499
C09902,occasionally_late,13,11,2,2.44,0.7,499
C09903,churn_risk,9,7,2,8.55,0.27,499
C09904,reliable,11,10,1,0.94,0.81,499
C09905,frequent_failure,8,6,2,7.96,0.38,499
C09906,reliable,13,12,1,0.86,0.93,499
C09907,frequent_failure,18,14,4,7.04,0.39,499
C09908,occasionally_late,5,4,1,1.62,0.61,499
C09909,reliable,7,7,0,0.53,0.75,499
C09910,reliable,14,14,0,0.76,0.72,499
C09911,frequent_failure,13,7,6,5.59,0.15,499
C09912,occasionally_late,13,12,1,1.3,0.72,499
C09913,reliable,12,12,0,0.7,0.97,499
C09914,frequent_failure,9,7,2,7.21,0.43,499
C09915,churn_risk,10,8,2,13.13,0.14,499
C09916,reliable,36,35,1,0.23,0.98,499
C09917,reliable,6,5,1,0.76,0.94,499
C09918,reliable,32,30,2,0.93,0.92,499
C09919,frequent_failure,15,9,6,3.45,0.44,499
C09920,reliable,34,33,1,0.01,0.8,499
C09921,reliable,21,19,2,0.78,0.75,499
C09922,reliable,15,15,0,0.58,0.95,499
C09923,reliable,17,13,4,0.25,0.9,499
C09924,reliable,23,23,0,0.73,0.82,499
C09925,reliable,36,35,1,0.05,0.76,499
C09926,reliable,7,7,0,0.82,0.78,499
C09927,occasionally_late,19,14,5,3.16,0.7,499
C09928,reliable,9,9,0,0.05,0.75,499
C09929,reliable,22,20,2,0.8,0.73,499
C09930,reliable,26,25,1,0.23,0.9,499
C09931,churn_risk,11,5,6,8.54,0.1,499
C09932,reliable,27,25,2,0.86,0.78,499
C09933,reliable,36,36,0,0.17,0.84,499
C09934,occasionally_late,22,20,2,3.1,0.76,499
C09935,frequent_failure,15,13,2,8.0,0.26,499
C09936,reliable,20,20,0,0.3,0.77,499
C09937,churn_risk,3,3,0,5.77,0.08,499
C09938,occasionally_late,15,15,0,2.67,0.47,499
C09939,reliable,34,34,0,0.51,0.79,499
C09940,occasionally_late,23,19,4,2.07,0.54,499
C09941,churn_risk,2,2,0,13.93,0.23,499
C09942,occasionally_late,14,11,3,3.68,0.75,499
C09943,occasionally_late,23,19,4,1.72,0.6,499
C09944,reliable,31,30,1,0.39,0.9,499
C09945,reliable,28,28,0,0.81,0.72,499
C09946,occasionally_late,18,17,1,2.05,0.66,499
C09947,reliable,15,14,1,0.53,0.92,499
C09948,reliable,21,21,0,0.88,0.93,499
C09949,reliable,30,29,1,0.62,0.99,499
C09950,frequent_failure,6,5,1,6.52,0.19,499
C09951,occasionally_late,11,11,0,3.43,0.74,499
C09952,occasionally_late,14,12,2,1.11,0.54,499
C09953,reliable,9,9,0,0.55,0.74,499
C09954,reliable,28,25,3,0.56,0.94,499
C09955,occasionally_late,19,15,4,1.38,0.77,499
C09956,reliable,35,35,0,0.97,0.71,499
C09957,reliable,18,15,3,0.45,0.79,499
C09958,churn_risk,2,2,0,13.12,0.28,499
C09959,occasionally_late,4,4,0,1.47,0.66,499
C09960,reliable,8,8,0,0.43,0.72,499
C09961,reliable,23,22,1,0.27,0.79,499
C09962,reliable,30,30,0,0.26,0.83,499
C09963,reliable,28,27,1,0.97,0.71,499
C09964,reliable,32,31,1,0.4,0.96,499
C09965,occasionally_late,21,19,2,3.13,0.74,499
C09966,occasionally_late,17,12,5,2.95,0.66,499
C09967,occasionally_late,9,9,0,2.37,0.63,499
C09968,reliable,8,8,0,0.04,0.83,499
C09969,reliable,12,12,0,0.29,0.93,499
C09970,reliable,6,5,1,0.83,0.73,499
C09971,reliable,29,27,2,0.4,0.79,499
C09972,frequent_failure,14,3,11,6.42,0.42,499
C09973,occasionally_late,17,15,2,1.14,0.75,499
C09974,churn_risk,1,0,1,14.24,0.05,499
C09975,frequent_failure,6,6,0,3.12,0.33,499
C09976,reliable,28,28,0,0.81,0.85,499
C09977,occasionally_late,18,15,3,1.09,0.57,499
C09978,frequent_failure,5,4,1,5.94,0.42,499
C09979,occasionally_late,17,16,1,2.18,0.49,499
C09980,reliable,17,16,1,0.78,0.88,499
C09981,churn_risk,8,3,5,12.06,0.22,499
C09982,reliable,11,11,0,0.42,0.74,499
C09983,occasionally_late,5,3,2,1.09,0.75,499
C09984,reliable,35,35,0,0.92,0.77,499
C09985,reliable,35,31,4,0.47,0.96,499
C09986,occasionally_late,22,19,3,3.62,0.5,499
C09987,frequent_failure,17,12,5,7.17,0.22,499
C09988,reliable,14,14,0,0.24,0.87,499
C09989,occasionally_late,15,11,4,1.43,0.46,499
C09990,occasionally_late,22,18,4,2.53,0.76,499
C09991,reliable,19,19,0,0.09,0.79,499
C09992,occasionally_late,24,20,4,2.85,0.47,499
C09993,occasionally_late,23,18,5,1.94,0.63,499
C09994,occasionally_late,24,23,1,1.17,0.79,499
C09995,occasionally_late,24,23,1,2.79,0.7,499
C09996,frequent_failure,6,2,4,4.03,0.25,499
C09997,occasionally_late,19,18,1,2.31,0.75,499
C09998,reliable,11,11,0,0.66,0.88,499
C09999,reliable,29,28,1,0.75,0.96,499
C10000,occasionally_late,14,14,0,1.37,0.58,499
