payment_id,customer_id,profile,amount,failure_reason,attempt_number,subscription_months,successful_payments,failed_payments,avg_delay_days,reminder_success_rate
P000001,C04701,reliable,499,authentication_failed,1,32,11,1,0.39,0.95
P000002,C02099,occasionally_late,499,bank_error,2,10,13,4,2.03,0.69
P000003,C01888,reliable,499,bank_error,1,29,27,2,0.01,0.7
P000004,C07096,reliable,499,payment_method_issue,2,7,9,0,0.18,0.71
P000005,C02387,occasionally_late,499,insufficient_funds,1,23,18,3,2.42,0.61
P000006,C00819,reliable,499,payment_method_issue,1,14,21,1,0.18,0.88
P000007,C01952,frequent_failure,499,authentication_failed,1,16,2,3,6.24,0.3
P000008,C03597,reliable,499,bank_error,1,21,33,1,0.92,0.93
P000009,C08083,reliable,499,payment_method_issue,1,22,8,2,0.02,0.83
P000010,C02706,occasionally_late,499,bank_error,1,9,4,3,3.38,0.46
P000011,C01990,reliable,499,bank_error,1,29,23,2,0.72,0.92
P000012,C01842,occasionally_late,499,payment_method_issue,1,11,3,1,1.86,0.54
P000013,C00037,churn_risk,499,insufficient_funds,2,1,2,7,12.35,0.1
P000014,C01306,reliable,499,authentication_failed,1,12,36,1,0.78,0.76
P000015,C01150,reliable,499,bank_error,1,17,12,2,0.27,0.71
P000016,C00822,reliable,499,insufficient_funds,2,32,7,2,0.81,0.82
P000017,C06374,churn_risk,499,bank_error,1,1,4,8,12.74,0.22
P000018,C07868,churn_risk,499,insufficient_funds,1,5,6,8,11.62,0.11
P000019,C07539,reliable,499,authentication_failed,1,23,27,1,0.34,0.72
P000020,C06508,reliable,499,insufficient_funds,1,23,34,2,0.55,0.95
P000021,C00856,occasionally_late,499,bank_error,1,21,8,3,2.01,0.49
P000022,C01639,frequent_failure,499,insufficient_funds,1,17,9,5,5.67,0.44
P000023,C00602,occasionally_late,499,bank_error,2,23,18,4,1.16,0.64
P000024,C00880,occasionally_late,499,payment_method_issue,1,8,14,1,1.99,0.66
P000025,C09693,reliable,499,payment_method_issue,2,12,32,0,0.69,0.98
P000026,C06616,reliable,499,payment_method_issue,1,13,15,1,0.26,0.92
P000027,C00088,frequent_failure,499,insufficient_funds,1,4,5,7,3.42,0.5
P000028,C03190,reliable,499,bank_error,1,34,25,0,0.8,0.81
P000029,C05018,frequent_failure,499,payment_method_issue,1,18,4,3,7.64,0.35
P000030,C04468,occasionally_late,499,authentication_failed,1,19,6,1,1.41,0.71
P000031,C07797,reliable,499,bank_error,1,34,8,1,0.33,0.89
P000032,C02792,reliable,499,bank_error,2,6,35,2,0.14,0.87
P000033,C04693,reliable,499,payment_method_issue,1,26,7,0,0.96,0.82
P000034,C01205,occasionally_late,499,authentication_failed,1,9,11,1,3.46,0.64
P000035,C01974,reliable,499,payment_method_issue,1,15,10,2,0.76,0.71
P000036,C01760,churn_risk,499,insufficient_funds,1,10,2,7,8.85,0.23
P000037,C08777,occasionally_late,499,insufficient_funds,2,6,13,1,4.0,0.73
P000038,C05384,frequent_failure,499,bank_error,1,11,4,3,4.79,0.32
P000039,C05724,reliable,499,bank_error,1,18,9,0,0.9,0.74
P000040,C08742,occasionally_late,499,insufficient_funds,1,14,7,4,1.9,0.51
P000041,C05941,reliable,499,authentication_failed,1,10,30,2,0.39,0.88
P000042,C04408,reliable,499,bank_error,2,8,32,2,0.7,0.83
P000043,C00487,churn_risk,499,authentication_failed,1,11,6,9,8.89,0.15
P000044,C08234,reliable,499,payment_method_issue,1,33,23,1,0.04,0.84
P000045,C06633,reliable,499,bank_error,1,6,17,1,0.61,0.82
P000046,C06832,reliable,499,bank_error,1,31,25,0,0.69,1.0
P000047,C03232,reliable,499,bank_error,1,17,15,2,0.24,1.0
P000048,C05762,reliable,499,bank_error,1,16,34,1,0.5,0.85
P000049,C03512,reliable,499,bank_error,1,21,14,2,0.61,0.83
P000050,C02712,frequent_failure,499,bank_error,2,9,6,4,7.27,0.22
P000051,C00413,reliable,499,authentication_failed,1,13,11,2,0.46,0.72
P000052,C04805,reliable,499,bank_error,1,25,33,2,0.87,0.75
P000053,C08154,reliable,499,insufficient_funds,1,34,12,2,0.07,0.93
P000054,C03606,reliable,499,authentication_failed,1,31,15,1,0.38,0.86
P000055,C04970,reliable,499,authentication_failed,1,7,20,0,0.01,0.84
P000056,C07089,reliable,499,bank_error,2,34,17,2,0.07,0.72
P000057,C03126,churn_risk,499,bank_error,1,10,3,6,8.22,0.09
P000058,C04757,occasionally_late,499,authentication_failed,1,8,18,4,3.86,0.51
P000059,C03650,reliable,499,bank_error,2,35,24,1,0.73,0.97
P000060,C03194,occasionally_late,499,bank_error,1,12,12,2,2.11,0.67
P000061,C07545,reliable,499,authentication_failed,1,9,13,0,0.01,0.97
P000062,C03425,frequent_failure,499,insufficient_funds,1,10,2,7,7.0,0.36
P000063,C03058,frequent_failure,499,insufficient_funds,1,5,11,7,4.95,0.5
P000064,C06405,occasionally_late,499,insufficient_funds,1,21,4,4,1.23,0.61
P000065,C03508,reliable,499,bank_error,1,22,29,1,0.48,0.84
P000066,C08073,occasionally_late,499,payment_method_issue,1,17,11,3,1.17,0.48
P000067,C00149,reliable,499,payment_method_issue,1,12,24,1,0.94,0.89
P000068,C09851,frequent_failure,499,payment_method_issue,1,9,9,5,6.66,0.38
P000069,C01423,reliable,499,payment_method_issue,1,29,16,2,0.28,0.71
P000070,C04735,churn_risk,499,insufficient_funds,1,9,6,9,6.95,0.3
P000071,C01059,reliable,499,payment_method_issue,1,35,36,0,0.94,0.84
P000072,C07553,reliable,499,payment_method_issue,1,25,20,2,0.14,0.79
P000073,C08108,churn_risk,499,bank_error,1,2,2,4,10.45,0.08
P000074,C06282,churn_risk,499,bank_error,1,3,6,9,6.38,0.2
P000075,C01788,reliable,499,bank_error,1,35,7,2,0.98,0.85
P000076,C01996,reliable,499,bank_error,1,18,26,0,0.6,0.88
P000077,C01870,reliable,499,authentication_failed,1,27,22,2,0.35,0.78
P000078,C06588,churn_risk,499,bank_error,1,9,3,8,12.75,0.1
P000079,C08060,reliable,499,payment_method_issue,1,29,17,0,0.66,0.92
P000080,C07139,frequent_failure,499,insufficient_funds,1,8,10,3,3.98,0.37
P000081,C08200,frequent_failure,499,insufficient_funds,1,8,9,4,4.93,0.41
P000082,C08405,reliable,499,bank_error,1,8,9,2,0.11,0.87
P000083,C07675,reliable,499,authentication_failed,1,18,18,0,0.77,0.96
P000084,C04501,frequent_failure,499,insufficient_funds,2,13,8,7,3.31,0.24
P000085,C02549,frequent_failure,499,payment_method_issue,1,16,3,6,7.94,0.35
P000086,C07873,occasionally_late,499,payment_method_issue,1,12,12,4,2.45,0.65
P000087,C05617,occasionally_late,499,insufficient_funds,1,9,10,1,1.08,0.57
P000088,C05462,reliable,499,bank_error,1,34,22,1,0.54,0.78
P000089,C00518,reliable,499,insufficient_funds,2,23,19,1,0.71,0.95
P000090,C01907,reliable,499,bank_error,2,21,26,2,0.3,0.91
P000091,C03184,reliable,499,insufficient_funds,1,7,12,0,0.9,0.77
P000092,C02556,reliable,499,payment_method_issue,1,36,8,0,0.81,0.95
P000093,C02113,reliable,499,bank_error,1,31,22,2,0.7,0.93
P000094,C08798,reliable,499,authentication_failed,1,29,29,2,0.51,0.87
P000095,C09723,churn_risk,499,authentication_failed,1,8,4,4,6.77,0.24
P000096,C08893,reliable,499,payment_method_issue,1,30,11,1,0.92,0.92
P000097,C06451,reliable,499,bank_error,2,24,11,0,0.1,0.82
P000098,C04995,reliable,499,insufficient_funds,1,35,22,2,0.23,0.72
P000099,C09855,reliable,499,bank_error,2,6,7,1,0.94,0.81
P000100,C08984,churn_risk,499,bank_error,1,1,6,4,12.47,0.22
P000101,C00930,reliable,499,payment_method_issue,1,32,6,2,0.22,0.73
P000102,C06204,occasionally_late,499,payment_method_issue,1,7,8,1,2.18,0.68
P000103,C03594,reliable,499,bank_error,2,14,7,0,0.1,0.7
P000104,C09162,reliable,499,payment_method_issue,2,35,30,0,0.5,0.85
P000105,C02306,frequent_failure,499,bank_error,1,5,9,6,6.51,0.21
P000106,C06016,frequent_failure,499,payment_method_issue,1,8,6,5,3.11,0.47
P000107,C01288,reliable,499,payment_method_issue,2,34,14,1,0.21,0.76
P000108,C00299,reliable,499,insufficient_funds,1,18,16,0,0.12,0.86
P000109,C09723,churn_risk,499,payment_method_issue,1,8,4,4,6.77,0.24
P000110,C09719,occasionally_late,499,insufficient_funds,2,18,16,4,3.37,0.58
P000111,C00488,reliable,499,bank_error,1,9,10,0,0.48,0.86
P000112,C08033,frequent_failure,499,payment_method_issue,1,15,9,7,7.77,0.34
P000113,C04403,occasionally_late,499,bank_error,2,10,5,1,1.18,0.79
P000114,C08046,reliable,499,insufficient_funds,2,20,25,0,0.05,0.82
P000115,C04548,occasionally_late,499,payment_method_issue,1,7,4,4,3.13,0.72
P000116,C00497,reliable,499,bank_error,1,31,17,1,0.15,0.84
P000117,C09389,reliable,499,bank_error,2,6,11,2,0.6,0.95
P000118,C05768,occasionally_late,499,bank_error,1,17,6,2,2.74,0.5
P000119,C05120,occasionally_late,499,insufficient_funds,1,4,3,1,1.44,0.63
P000120,C00567,reliable,499,insufficient_funds,2,32,30,0,0.48,0.9
P000121,C06110,occasionally_late,499,authentication_failed,1,14,12,1,3.39,0.7
P000122,C04500,reliable,499,payment_method_issue,1,6,14,1,0.92,0.85
P000123,C03389,frequent_failure,499,insufficient_funds,1,17,7,7,7.03,0.38
P000124,C02196,occasionally_late,499,payment_method_issue,2,17,17,4,3.91,0.69
P000125,C02161,reliable,499,bank_error,1,13,29,0,0.66,0.71
P000126,C03408,churn_risk,499,authentication_failed,1,2,6,7,6.35,0.24
P000127,C06361,reliable,499,payment_method_issue,1,30,16,1,0.77,0.97
P000128,C09121,reliable,499,bank_error,1,21,30,1,0.79,0.8
P000129,C09413,frequent_failure,499,payment_method_issue,2,17,6,6,7.47,0.23
P000130,C03419,frequent_failure,499,payment_method_issue,1,18,8,4,6.31,0.4
P000131,C09887,churn_risk,499,payment_method_issue,1,2,1,5,10.58,0.15
P000132,C04964,frequent_failure,499,bank_error,1,18,3,3,5.97,0.25
P000133,C00147,occasionally_late,499,bank_error,1,22,8,1,3.24,0.63
P000134,C05105,reliable,499,payment_method_issue,2,25,31,1,0.64,0.99
P000135,C05083,reliable,499,payment_method_issue,1,11,18,0,0.26,0.78
P000136,C02534,frequent_failure,499,payment_method_issue,1,13,3,3,6.53,0.5
P000137,C07423,reliable,499,authentication_failed,1,22,33,2,0.52,0.79
P000138,C03574,reliable,499,payment_method_issue,1,19,32,0,0.71,0.95
P000139,C04843,occasionally_late,499,insufficient_funds,2,13,7,4,2.95,0.65
P000140,C00260,reliable,499,authentication_failed,2,18,25,1,0.4,0.74
P000141,C09549,frequent_failure,499,payment_method_issue,1,16,4,6,5.84,0.4
P000142,C03812,occasionally_late,499,bank_error,1,22,11,4,2.92,0.68
P000143,C02677,reliable,499,payment_method_issue,1,31,18,0,0.92,0.79
P000144,C00081,reliable,499,bank_error,1,32,24,0,0.05,0.99
P000145,C05075,frequent_failure,499,insufficient_funds,1,12,6,7,3.48,0.23
P000146,C00681,reliable,499,insufficient_funds,1,27,34,1,0.09,1.0
P000147,C02951,reliable,499,payment_method_issue,2,35,12,2,0.81,0.89
P000148,C00585,frequent_failure,499,payment_method_issue,1,7,9,5,4.36,0.19
P000149,C02730,reliable,499,bank_error,1,11,22,2,0.02,0.74
P000150,C09761,occasionally_late,499,bank_error,1,21,5,2,3.19,0.59
P000151,C02308,reliable,499,bank_error,2,19,26,2,0.54,0.97
P000152,C06706,reliable,499,payment_method_issue,1,33,32,1,0.16,0.76
P000153,C05726,churn_risk,499,payment_method_issue,1,4,3,4,5.62,0.14
P000154,C03372,occasionally_late,499,authentication_failed,1,18,8,4,2.98,0.6
P000155,C04756,reliable,499,payment_method_issue,1,18,33,0,0.86,0.95
P000156,C00151,frequent_failure,499,insufficient_funds,1,6,6,3,4.56,0.24
P000157,C07126,occasionally_late,499,payment_method_issue,1,12,15,4,2.46,0.61
P000158,C06030,reliable,499,bank_error,1,7,16,2,0.21,0.93
P000159,C04703,reliable,499,payment_method_issue,2,6,27,1,0.71,0.83
P000160,C02685,reliable,499,bank_error,1,14,22,2,0.97,0.89
P000161,C05780,reliable,499,insufficient_funds,2,13,24,2,0.56,0.71
P000162,C05217,frequent_failure,499,payment_method_issue,2,18,3,5,3.67,0.3
P000163,C02195,occasionally_late,499,bank_error,1,11,14,4,1.32,0.62
P000164,C01053,reliable,499,bank_error,1,28,33,0,0.4,0.85
P000165,C06449,reliable,499,insufficient_funds,2,22,13,2,0.11,0.75
P000166,C08971,reliable,499,bank_error,1,18,10,1,0.78,0.87
P000167,C05809,reliable,499,payment_method_issue,2,7,23,0,0.61,0.86
P000168,C03842,frequent_failure,499,bank_error,1,12,5,7,4.32,0.38
P000169,C01659,churn_risk,499,payment_method_issue,1,2,1,7,7.47,0.3
P000170,C04628,occasionally_late,499,insufficient_funds,1,6,15,1,2.58,0.55
P000171,C07757,reliable,499,payment_method_issue,1,14,14,0,0.27,0.71
P000172,C02186,reliable,499,bank_error,1,30,23,2,0.21,0.89
P000173,C05353,occasionally_late,499,bank_error,1,10,12,4,2.91,0.73
P000174,C05088,occasionally_late,499,bank_error,1,8,5,1,1.88,0.51
P000175,C05971,frequent_failure,499,payment_method_issue,2,11,10,4,5.43,0.48
P000176,C02379,reliable,499,authentication_failed,1,19,12,1,0.04,0.84
P000177,C01881,occasionally_late,499,insufficient_funds,1,22,8,1,1.58,0.55
P000178,C00663,reliable,499,bank_error,1,27,19,2,0.71,0.81
P000179,C06383,occasionally_late,499,payment_method_issue,1,13,9,1,2.64,0.71
P000180,C02639,reliable,499,bank_error,1,20,25,1,0.51,0.75
P000181,C05876,reliable,499,insufficient_funds,1,24,24,2,0.03,0.91
P000182,C03956,occasionally_late,499,insufficient_funds,1,6,12,1,2.12,0.74
P000183,C02734,reliable,499,authentication_failed,1,22,32,1,0.85,0.88
P000184,C00580,frequent_failure,499,bank_error,2,4,9,3,5.7,0.25
P000185,C04084,churn_risk,499,bank_error,1,4,3,9,11.21,0.17
P000186,C05003,occasionally_late,499,payment_method_issue,1,14,3,3,1.47,0.47
P000187,C04476,frequent_failure,499,payment_method_issue,2,19,3,7,3.22,0.37
P000188,C07690,churn_risk,499,authentication_failed,2,8,2,7,14.53,0.3
P000189,C06529,reliable,499,authentication_failed,2,13,32,2,0.13,0.87
P000190,C04939,frequent_failure,499,insufficient_funds,2,13,3,3,3.96,0.3
P000191,C05459,frequent_failure,499,payment_method_issue,1,10,10,6,5.1,0.22
P000192,C05831,occasionally_late,499,bank_error,1,22,14,4,2.62,0.73
P000193,C06225,reliable,499,payment_method_issue,1,17,21,1,0.25,0.88
P000194,C05417,reliable,499,payment_method_issue,1,10,22,0,0.7,0.87
P000195,C03086,frequent_failure,499,payment_method_issue,1,19,2,7,3.02,0.29
P000196,C02083,frequent_failure,499,payment_method_issue,2,5,5,4,6.85,0.2
P000197,C00700,frequent_failure,499,insufficient_funds,1,17,8,5,6.69,0.25
P000198,C02590,frequent_failure,499,authentication_failed,2,12,5,7,3.98,0.45
P000199,C09270,reliable,499,payment_method_issue,1,25,10,1,0.89,0.87
P000200,C03666,reliable,499,bank_error,1,18,23,0,0.77,0.94
P000201,C00749,reliable,499,payment_method_issue,1,32,21,0,0.01,0.76
P000202,C05336,frequent_failure,499,payment_method_issue,1,7,8,6,6.96,0.3
P000203,C00415,frequent_failure,499,insufficient_funds,2,17,8,7,6.3,0.21
P000204,C05474,reliable,499,payment_method_issue,1,26,31,1,0.03,0.9
P000205,C02395,reliable,499,payment_method_issue,1,29,35,1,0.93,0.88
P000206,C06109,occasionally_late,499,payment_method_issue,1,15,17,3,3.4,0.48
P000207,C08045,churn_risk,499,insufficient_funds,1,7,2,7,9.51,0.26
P000208,C01865,frequent_failure,499,bank_error,2,18,10,3,6.66,0.36
P000209,C06109,occasionally_late,499,bank_error,1,15,17,3,3.4,0.48
P000210,C06735,occasionally_late,499,payment_method_issue,2,14,16,2,1.06,0.63
P000211,C02548,occasionally_late,499,insufficient_funds,1,10,17,1,1.76,0.58
P000212,C05322,occasionally_late,499,bank_error,2,11,5,2,3.2,0.79
P000213,C00978,frequent_failure,499,bank_error,2,7,11,7,4.93,0.18
P000214,C07513,reliable,499,payment_method_issue,1,25,6,0,0.7,0.86
P000215,C09098,reliable,499,bank_error,1,17,29,1,0.93,0.88
P000216,C01839,reliable,499,payment_method_issue,1,6,9,0,0.31,0.9
P000217,C05237,occasionally_late,499,insufficient_funds,2,9,10,1,3.74,0.76
P000218,C02522,occasionally_late,499,authentication_failed,1,16,10,4,1.4,0.55
P000219,C02161,reliable,499,bank_error,1,13,29,0,0.66,0.71
P000220,C09672,reliable,499,bank_error,1,15,21,0,0.42,0.81
P000221,C00976,occasionally_late,499,authentication_failed,1,17,4,3,1.33,0.76
P000222,C03320,reliable,499,payment_method_issue,1,6,27,1,0.47,0.84
P000223,C05120,occasionally_late,499,authentication_failed,1,4,3,1,1.44,0.63
P000224,C04806,frequent_failure,499,authentication_failed,1,10,9,7,4.88,0.44
P000225,C01437,frequent_failure,499,bank_error,1,17,3,5,4.59,0.41
P000226,C08594,occasionally_late,499,insufficient_funds,1,21,11,4,3.99,0.64
P000227,C08855,occasionally_late,499,bank_error,1,18,5,1,3.48,0.71
P000228,C07389,reliable,499,bank_error,1,11,14,1,0.27,0.75
P000229,C01533,occasionally_late,499,payment_method_issue,1,16,19,4,1.98,0.79
P000230,C02493,occasionally_late,499,insufficient_funds,2,8,16,2,2.61,0.64
P000231,C06075,occasionally_late,499,insufficient_funds,1,18,11,1,3.03,0.65
P000232,C00908,reliable,499,insufficient_funds,2,7,21,2,0.38,0.83
P000233,C02085,reliable,499,payment_method_issue,2,30,33,1,0.34,0.94
P000234,C03148,churn_risk,499,insufficient_funds,2,8,6,6,8.02,0.12
P000235,C02492,occasionally_late,499,payment_method_issue,1,15,11,3,2.15,0.65
P000236,C02765,occasionally_late,499,insufficient_funds,1,21,12,3,3.41,0.76
P000237,C07866,reliable,499,insufficient_funds,1,20,29,1,0.22,0.91
P000238,C05194,churn_risk,499,payment_method_issue,1,1,6,5,12.07,0.13
P000239,C04583,reliable,499,bank_error,1,21,13,1,0.69,0.98
P000240,C03856,occasionally_late,499,insufficient_funds,1,4,13,3,1.39,0.54
P000241,C08540,reliable,499,authentication_failed,1,8,11,0,0.5,0.79
P000242,C01542,churn_risk,499,insufficient_funds,2,1,4,8,5.74,0.06
P000243,C04808,reliable,499,payment_method_issue,1,33,31,0,0.93,0.91
P000244,C08656,reliable,499,payment_method_issue,1,14,7,1,0.87,0.87
P000245,C04138,occasionally_late,499,insufficient_funds,1,23,6,1,1.17,0.66
P000246,C06275,reliable,499,insufficient_funds,2,8,18,0,0.66,0.91
P000247,C02741,churn_risk,499,authentication_failed,1,10,6,6,13.53,0.11
P000248,C09086,reliable,499,payment_method_issue,2,30,13,0,0.56,0.98
P000249,C08787,reliable,499,payment_method_issue,2,34,14,1,0.26,0.99
P000250,C08468,occasionally_late,499,bank_error,1,11,17,3,3.74,0.57
P000251,C09200,occasionally_late,499,authentication_failed,1,11,7,2,3.34,0.47
P000252,C05268,occasionally_late,499,bank_error,1,13,4,1,3.18,0.5
P000253,C07275,frequent_failure,499,bank_error,1,11,9,7,3.6,0.48
P000254,C07934,frequent_failure,499,bank_error,2,15,11,6,5.93,0.31
P000255,C05592,frequent_failure,499,insufficient_funds,1,17,3,3,7.63,0.4
P000256,C04268,occasionally_late,499,authentication_failed,1,18,10,4,3.55,0.69
P000257,C05123,occasionally_late,499,payment_method_issue,1,21,11,4,3.52,0.49
P000258,C04066,reliable,499,bank_error,1,29,8,0,0.78,0.9
P000259,C00406,frequent_failure,499,authentication_failed,1,16,9,7,7.91,0.24
P000260,C00285,reliable,499,bank_error,2,23,19,1,0.12,0.77
P000261,C05207,reliable,499,bank_error,1,10,19,1,0.29,0.83
P000262,C04376,reliable,499,bank_error,1,23,36,0,0.2,0.98
P000263,C01671,occasionally_late,499,insufficient_funds,1,21,5,2,3.79,0.58
P000264,C08910,reliable,499,insufficient_funds,1,27,28,2,0.68,0.87
P000265,C09132,reliable,499,payment_method_issue,2,14,10,1,0.56,0.83
P000266,C00512,reliable,499,bank_error,1,11,21,1,0.08,0.85
P000267,C09998,reliable,499,bank_error,1,16,8,0,0.49,0.79
P000268,C01484,occasionally_late,499,insufficient_funds,1,4,16,4,1.07,0.57
P000269,C09223,occasionally_late,499,bank_error,1,21,7,4,3.46,0.51
P000270,C05440,occasionally_late,499,payment_method_issue,1,13,8,3,3.77,0.74
P000271,C05667,reliable,499,authentication_failed,1,7,15,1,0.18,0.71
P000272,C07462,occasionally_late,499,bank_error,1,16,7,2,1.29,0.56
P000273,C07625,occasionally_late,499,bank_error,1,16,11,4,1.64,0.5
P000274,C03085,reliable,499,bank_error,1,33,28,0,0.57,1.0
P000275,C08484,churn_risk,499,payment_method_issue,1,5,4,5,5.55,0.12
P000276,C05985,churn_risk,499,payment_method_issue,1,11,3,5,7.61,0.13
P000277,C07063,occasionally_late,499,bank_error,1,10,9,1,2.58,0.77
P000278,C05023,reliable,499,bank_error,1,22,11,0,0.73,0.82
P000279,C06945,reliable,499,payment_method_issue,2,18,21,2,0.75,0.96
P000280,C09969,reliable,499,bank_error,1,12,34,1,0.02,0.93
P000281,C05274,occasionally_late,499,payment_method_issue,1,21,7,4,3.57,0.45
P000282,C00090,frequent_failure,499,authentication_failed,1,8,3,7,4.89,0.4
P000283,C02538,reliable,499,bank_error,1,18,25,2,0.72,0.76
P000284,C03605,reliable,499,payment_method_issue,2,36,22,2,0.65,0.72
P000285,C05451,reliable,499,bank_error,1,17,8,2,0.6,0.98
P000286,C06374,churn_risk,499,bank_error,1,1,4,8,12.74,0.22
P000287,C04554,reliable,499,bank_error,1,15,34,0,0.69,0.79
P000288,C00714,occasionally_late,499,bank_error,1,22,14,4,2.99,0.52
P000289,C07869,reliable,499,bank_error,1,34,6,2,0.51,0.72
P000290,C01742,churn_risk,499,bank_error,1,3,5,8,6.77,0.11
P000291,C01329,reliable,499,insufficient_funds,1,34,20,1,0.2,0.79
P000292,C01892,frequent_failure,499,payment_method_issue,1,12,7,7,7.48,0.37
P000293,C04595,reliable,499,payment_method_issue,2,24,27,2,0.26,0.95
P000294,C02450,reliable,499,bank_error,1,28,28,0,0.11,0.78
P000295,C06003,frequent_failure,499,authentication_failed,1,10,6,7,5.33,0.43
P000296,C07543,reliable,499,bank_error,1,28,36,2,0.54,0.91
P000297,C09958,reliable,499,bank_error,1,26,18,1,0.56,0.75
P000298,C09806,frequent_failure,499,authentication_failed,2,16,1,7,6.16,0.41
P000299,C00139,occasionally_late,499,insufficient_funds,1,4,8,2,2.36,0.64
P000300,C02008,churn_risk,499,authentication_failed,2,7,2,7,10.79,0.22
P000301,C05464,churn_risk,499,insufficient_funds,2,11,6,6,10.79,0.15
P000302,C06668,churn_risk,499,insufficient_funds,1,10,0,8,12.71,0.21
P000303,C01684,occasionally_late,499,authentication_failed,1,5,12,3,1.68,0.65
P000304,C00665,reliable,499,payment_method_issue,1,35,22,0,0.01,0.94
P000305,C00767,reliable,499,payment_method_issue,1,22,36,0,0.2,0.71
P000306,C06197,frequent_failure,499,authentication_failed,1,6,7,4,5.35,0.33
P000307,C07269,reliable,499,insufficient_funds,1,18,11,2,0.87,0.97
P000308,C00005,reliable,499,bank_error,1,32,36,1,0.05,0.99
P000309,C00913,reliable,499,authentication_failed,1,18,15,0,0.29,0.96
P000310,C05657,reliable,499,bank_error,2,17,16,0,0.92,0.88
P000311,C00624,reliable,499,bank_error,1,6,30,1,0.27,0.77
P000312,C07093,reliable,499,insufficient_funds,1,36,22,2,0.03,1.0
P000313,C09038,reliable,499,authentication_failed,1,34,29,2,0.41,0.88
P000314,C03949,reliable,499,authentication_failed,1,33,14,0,0.52,0.79
P000315,C02312,churn_risk,499,bank_error,1,4,3,7,13.8,0.14
P000316,C00550,frequent_failure,499,authentication_failed,2,12,11,7,4.38,0.49
P000317,C01674,occasionally_late,499,payment_method_issue,1,15,6,4,2.39,0.71
P000318,C01188,churn_risk,499,insufficient_funds,1,3,5,6,5.84,0.3
P000319,C05351,reliable,499,bank_error,1,16,21,2,0.79,0.75
P000320,C06968,reliable,499,insufficient_funds,1,20,10,2,0.36,0.81
P000321,C05401,frequent_failure,499,insufficient_funds,1,4,10,7,5.94,0.44
P000322,C04140,occasionally_late,499,bank_error,1,16,16,1,3.07,0.59
P000323,C09185,churn_risk,499,insufficient_funds,1,2,5,9,7.09,0.09
P000324,C08435,reliable,499,bank_error,2,29,26,1,0.32,0.75
P000325,C08825,reliable,499,payment_method_issue,1,31,11,1,0.43,0.75
P000326,C02570,reliable,499,payment_method_issue,2,18,24,1,0.82,0.84
P000327,C00803,reliable,499,payment_method_issue,1,35,27,0,0.34,0.8
P000328,C04367,reliable,499,payment_method_issue,1,13,26,2,0.78,0.82
P000329,C07403,reliable,499,bank_error,1,33,26,2,0.84,0.99
P000330,C02711,reliable,499,authentication_failed,1,9,7,1,0.93,0.87
P000331,C09876,occasionally_late,499,authentication_failed,1,15,15,2,1.2,0.48
P000332,C03460,frequent_failure,499,insufficient_funds,1,15,2,3,5.74,0.37
P000333,C07085,occasionally_late,499,bank_error,2,24,19,3,1.08,0.45
P000334,C08872,reliable,499,bank_error,1,18,36,0,0.88,0.88
P000335,C03200,churn_risk,499,insufficient_funds,1,3,6,4,8.68,0.06
P000336,C02489,occasionally_late,499,bank_error,1,4,18,3,1.94,0.65
P000337,C08323,frequent_failure,499,payment_method_issue,1,7,3,5,7.1,0.26
P000338,C05730,reliable,499,bank_error,1,8,11,0,0.95,0.81
P000339,C03500,reliable,499,bank_error,1,22,24,1,0.6,0.99
P000340,C09433,reliable,499,payment_method_issue,1,17,28,1,0.38,0.74
P000341,C01343,occasionally_late,499,payment_method_issue,1,20,9,2,2.06,0.64
P000342,C03222,reliable,499,bank_error,1,9,33,0,0.82,0.99
P000343,C00534,reliable,499,bank_error,2,13,12,1,0.74,0.99
P000344,C01302,frequent_failure,499,authentication_failed,1,19,8,6,3.63,0.36
P000345,C05604,churn_risk,499,payment_method_issue,1,7,1,4,5.69,0.12
P000346,C03350,reliable,499,authentication_failed,1,32,26,1,0.62,0.75
P000347,C03289,frequent_failure,499,authentication_failed,2,14,1,4,3.08,0.29
P000348,C01089,occasionally_late,499,insufficient_funds,1,5,14,3,1.09,0.75
P000349,C05318,reliable,499,payment_method_issue,1,10,22,1,0.11,0.86
P000350,C02773,reliable,499,authentication_failed,2,13,21,2,0.46,0.83
P000351,C06399,churn_risk,499,bank_error,1,8,0,8,5.91,0.15
P000352,C04163,frequent_failure,499,payment_method_issue,1,16,4,7,6.32,0.49
P000353,C04396,frequent_failure,499,bank_error,1,10,1,6,3.7,0.4
P000354,C09238,reliable,499,authentication_failed,1,21,17,0,0.63,0.9
P000355,C00793,churn_risk,499,bank_error,1,9,3,6,8.06,0.06
P000356,C05169,reliable,499,bank_error,2,33,32,1,0.87,0.93
P000357,C07297,reliable,499,bank_error,2,10,27,2,0.78,0.9
P000358,C04467,reliable,499,bank_error,1,34,24,2,0.95,0.84
P000359,C02719,frequent_failure,499,bank_error,1,13,4,7,3.66,0.48
P000360,C09526,reliable,499,bank_error,1,24,22,0,0.81,0.71
P000361,C00798,reliable,499,payment_method_issue,1,27,34,2,0.87,0.73
P000362,C09473,reliable,499,payment_method_issue,2,35,14,0,0.44,0.77
P000363,C05038,churn_risk,499,bank_error,1,3,1,7,8.11,0.18
P000364,C02985,reliable,499,authentication_failed,2,24,28,2,0.19,0.82
P000365,C06596,reliable,499,payment_method_issue,2,33,7,2,0.84,0.89
P000366,C00821,reliable,499,authentication_failed,1,25,12,1,0.43,0.86
P000367,C03088,occasionally_late,499,payment_method_issue,1,13,7,2,3.49,0.52
P000368,C04418,reliable,499,bank_error,1,19,31,1,0.43,0.77
P000369,C08952,occasionally_late,499,insufficient_funds,1,10,10,4,1.47,0.71
P000370,C07890,occasionally_late,499,payment_method_issue,1,12,13,2,1.08,0.61
P000371,C00458,churn_risk,499,authentication_failed,1,3,3,5,14.72,0.13
P000372,C02598,reliable,499,payment_method_issue,1,10,27,1,0.53,0.97
P000373,C07826,reliable,499,bank_error,2,15,8,0,0.09,0.93
P000374,C06723,occasionally_late,499,bank_error,2,18,6,3,1.8,0.5
P000375,C02396,reliable,499,insufficient_funds,1,21,35,1,0.13,0.73
P000376,C05693,reliable,499,insufficient_funds,1,26,35,2,0.54,0.75
P000377,C02098,reliable,499,insufficient_funds,1,18,21,0,0.67,1.0
P000378,C04078,reliable,499,bank_error,1,12,29,2,0.17,0.83
P000379,C09877,frequent_failure,499,insufficient_funds,1,6,4,6,5.38,0.29
P000380,C08245,reliable,499,bank_error,1,8,17,2,0.97,0.86
P000381,C06078,reliable,499,bank_error,1,15,7,0,0.23,0.8
P000382,C08614,reliable,499,authentication_failed,1,33,22,2,0.83,0.74
P000383,C03990,occasionally_late,499,bank_error,1,5,6,1,1.7,0.75
P000384,C00190,occasionally_late,499,insufficient_funds,1,10,12,1,3.51,0.59
P000385,C03337,occasionally_late,499,bank_error,1,7,11,4,2.96,0.47
P000386,C01181,reliable,499,bank_error,1,31,21,0,1.0,0.84
P000387,C00459,reliable,499,payment_method_issue,1,13,19,2,0.45,0.84
P000388,C00984,churn_risk,499,authentication_failed,1,4,6,6,5.55,0.13
P000389,C02476,reliable,499,payment_method_issue,1,26,31,1,0.68,0.81
P000390,C05735,reliable,499,payment_method_issue,1,17,12,1,0.7,0.85
P000391,C05054,reliable,499,bank_error,1,34,14,1,0.05,0.97
P000392,C05499,reliable,499,payment_method_issue,1,30,36,2,0.38,0.9
P000393,C08880,occasionally_late,499,insufficient_funds,1,8,12,3,1.77,0.56
P000394,C08622,churn_risk,499,insufficient_funds,1,5,6,8,6.75,0.27
P000395,C04712,occasionally_late,499,authentication_failed,1,8,15,1,3.21,0.68
P000396,C05598,reliable,499,payment_method_issue,1,34,36,2,0.79,0.91
P000397,C06810,reliable,499,authentication_failed,1,24,27,1,0.96,0.88
P000398,C03763,reliable,499,payment_method_issue,1,16,12,0,0.89,0.72
P000399,C05353,occasionally_late,499,payment_method_issue,1,10,12,4,2.91,0.73
P000400,C07309,reliable,499,bank_error,2,17,35,0,0.9,0.83
P000401,C08058,reliable,499,payment_method_issue,1,16,31,1,0.01,0.86
P000402,C08105,occasionally_late,499,payment_method_issue,1,22,14,1,3.96,0.73
P000403,C07424,reliable,499,payment_method_issue,2,30,30,0,0.57,0.83
P000404,C09352,frequent_failure,499,payment_method_issue,1,11,5,6,6.3,0.34
P000405,C01541,frequent_failure,499,bank_error,1,15,8,5,7.93,0.33
P000406,C04704,churn_risk,499,insufficient_funds,1,8,6,5,13.37,0.25
P000407,C01486,frequent_failure,499,payment_method_issue,1,19,11,4,6.43,0.24
P000408,C02621,reliable,499,authentication_failed,1,27,31,2,0.59,0.78
P000409,C07188,occasionally_late,499,bank_error,1,17,8,3,1.52,0.61
P000410,C03706,occasionally_late,499,payment_method_issue,1,9,19,2,1.26,0.66
P000411,C09909,reliable,499,authentication_failed,1,23,15,0,0.05,0.74
P000412,C07173,reliable,499,payment_method_issue,1,21,25,0,0.34,0.88
P000413,C05825,reliable,499,payment_method_issue,1,27,30,2,0.2,0.72
P000414,C01819,reliable,499,bank_error,1,31,26,1,0.43,1.0
P000415,C05860,frequent_failure,499,insufficient_funds,1,10,10,3,4.13,0.16
P000416,C02181,reliable,499,authentication_failed,2,31,22,2,0.55,0.73
P000417,C01319,occasionally_late,499,bank_error,1,5,7,4,2.07,0.69
P000418,C02650,occasionally_late,499,insufficient_funds,2,20,19,4,2.67,0.74
P000419,C00908,reliable,499,bank_error,1,7,21,2,0.38,0.83
P000420,C06838,reliable,499,bank_error,2,26,26,1,0.01,0.79
P000421,C07113,reliable,499,authentication_failed,2,20,26,1,0.89,0.93
P000422,C02556,reliable,499,payment_method_issue,1,36,8,0,0.81,0.95
P000423,C06619,occasionally_late,499,payment_method_issue,1,11,15,2,3.92,0.55
P000424,C04738,reliable,499,bank_error,2,17,29,0,0.21,0.9
P000425,C01525,reliable,499,bank_error,1,14,28,0,0.72,0.97
P000426,C05624,reliable,499,bank_error,2,19,25,0,0.83,0.84
P000427,C06464,reliable,499,bank_error,1,8,29,2,0.33,0.74
P000428,C02438,frequent_failure,499,payment_method_issue,2,12,11,6,4.74,0.31
P000429,C08591,reliable,499,insufficient_funds,2,15,32,0,0.81,0.72
P000430,C02130,reliable,499,authentication_failed,1,11,18,2,0.33,0.76
P000431,C00501,occasionally_late,499,authentication_failed,1,10,15,3,1.6,0.49
P000432,C05932,reliable,499,bank_error,1,30,16,2,0.7,0.85
P000433,C03975,reliable,499,payment_method_issue,1,21,19,0,0.98,0.83
P000434,C05483,reliable,499,payment_method_issue,1,35,13,1,0.6,0.96
P000435,C01432,churn_risk,499,payment_method_issue,1,7,1,5,10.54,0.18
P000436,C02862,frequent_failure,499,payment_method_issue,1,11,3,6,3.2,0.41
P000437,C00771,occasionally_late,499,authentication_failed,2,6,6,3,2.21,0.74
P000438,C04314,frequent_failure,499,payment_method_issue,1,15,2,5,3.96,0.24
P000439,C09342,reliable,499,authentication_failed,1,16,13,1,0.06,0.83
P000440,C07155,occasionally_late,499,bank_error,1,9,4,2,2.08,0.7
P000441,C01671,occasionally_late,499,payment_method_issue,1,21,5,2,3.79,0.58
P000442,C00940,reliable,499,bank_error,1,10,19,0,0.6,0.82
P000443,C02975,reliable,499,payment_method_issue,1,13,18,2,0.91,0.79
P000444,C04297,reliable,499,authentication_failed,1,14,23,1,1.0,0.75
P000445,C09868,reliable,499,payment_method_issue,1,25,26,2,0.82,0.77
P000446,C02975,reliable,499,authentication_failed,2,13,18,2,0.91,0.79
P000447,C04071,frequent_failure,499,bank_error,2,13,4,7,7.64,0.28
P000448,C08025,occasionally_late,499,payment_method_issue,2,21,19,3,1.83,0.63
P000449,C06052,frequent_failure,499,bank_error,1,4,8,7,5.48,0.45
P000450,C00827,reliable,499,bank_error,1,18,32,2,0.92,0.8
P000451,C09955,reliable,499,authentication_failed,1,17,8,2,0.75,0.79
P000452,C05097,occasionally_late,499,insufficient_funds,1,15,15,4,2.95,0.72
P000453,C08681,churn_risk,499,insufficient_funds,2,4,5,9,9.07,0.08
P000454,C07107,churn_risk,499,payment_method_issue,2,11,3,9,12.17,0.1
P000455,C01864,occasionally_late,499,authentication_failed,1,18,6,2,3.68,0.63
P000456,C01118,frequent_failure,499,insufficient_funds,1,5,3,6,7.91,0.47
P000457,C08440,occasionally_late,499,insufficient_funds,1,17,9,3,1.29,0.67
P000458,C08131,frequent_failure,499,bank_error,1,17,11,7,6.7,0.23
P000459,C00860,occasionally_late,499,bank_error,2,21,18,3,1.45,0.6
P000460,C09633,reliable,499,payment_method_issue,1,18,22,1,0.9,0.97
P000461,C03689,reliable,499,authentication_failed,1,7,27,0,0.61,0.84
P000462,C05602,churn_risk,499,insufficient_funds,2,7,6,8,9.34,0.14
P000463,C02491,frequent_failure,499,payment_method_issue,1,6,4,3,6.41,0.48
P000464,C04410,churn_risk,499,insufficient_funds,1,7,0,4,7.92,0.06
P000465,C08607,occasionally_late,499,insufficient_funds,2,13,4,1,3.51,0.58
P000466,C09275,occasionally_late,499,payment_method_issue,1,17,9,3,2.88,0.48
P000467,C06052,frequent_failure,499,payment_method_issue,2,4,8,7,5.48,0.45
P000468,C09164,occasionally_late,499,payment_method_issue,1,22,5,1,1.86,0.71
P000469,C00588,occasionally_late,499,bank_error,1,5,11,1,3.86,0.46
P000470,C03323,reliable,499,authentication_failed,1,32,18,1,0.44,0.9
P000471,C04655,reliable,499,bank_error,2,29,27,2,0.61,0.93
P000472,C08249,reliable,499,insufficient_funds,1,33,27,0,0.97,0.95
P000473,C09928,reliable,499,bank_error,1,28,17,2,0.35,0.77
P000474,C05649,reliable,499,bank_error,1,24,32,0,0.41,0.77
P000475,C03822,frequent_failure,499,insufficient_funds,1,7,7,7,7.01,0.38
P000476,C08896,reliable,499,authentication_failed,1,8,25,1,0.21,0.84
P000477,C08889,reliable,499,bank_error,1,15,11,1,0.2,0.82
P000478,C01629,frequent_failure,499,payment_method_issue,1,14,9,5,7.01,0.36
P000479,C09425,occasionally_late,499,payment_method_issue,1,5,16,2,2.53,0.59
P000480,C08492,reliable,499,payment_method_issue,1,11,34,0,0.68,0.99
P000481,C02146,occasionally_late,499,bank_error,1,20,9,3,3.25,0.6
P000482,C01421,reliable,499,bank_error,1,34,6,2,0.64,0.87
P000483,C01584,reliable,499,bank_error,1,21,25,1,0.65,0.71
P000484,C05118,occasionally_late,499,payment_method_issue,1,12,13,4,3.22,0.51
P000485,C02579,reliable,499,authentication_failed,2,35,15,0,0.57,0.84
P000486,C04427,frequent_failure,499,bank_error,2,4,5,5,5.26,0.33
P000487,C03134,reliable,499,authentication_failed,1,29,13,1,0.69,0.9
P000488,C07833,reliable,499,authentication_failed,1,27,35,1,0.31,0.94
P000489,C06298,reliable,499,payment_method_issue,1,14,35,0,0.23,0.97
P000490,C09534,occasionally_late,499,payment_method_issue,1,24,8,1,3.8,0.48
P000491,C04528,churn_risk,499,insufficient_funds,1,7,3,4,6.83,0.13
P000492,C09879,reliable,499,bank_error,1,13,24,2,0.7,0.7
P000493,C06472,occasionally_late,499,authentication_failed,2,23,18,3,3.99,0.67
P000494,C00927,reliable,499,authentication_failed,1,31,21,0,0.68,0.77
P000495,C06787,occasionally_late,499,insufficient_funds,1,5,11,1,2.15,0.65
P000496,C09542,frequent_failure,499,bank_error,2,5,9,3,3.88,0.17
P000497,C01023,occasionally_late,499,payment_method_issue,1,13,7,2,2.45,0.72
P000498,C08379,occasionally_late,499,payment_method_issue,1,15,11,3,1.27,0.65
P000499,C02490,occasionally_late,499,authentication_failed,2,9,4,4,2.36,0.46
P000500,C09173,reliable,499,payment_method_issue,1,25,24,2,0.05,0.92
P000501,C01159,occasionally_late,499,insufficient_funds,1,20,14,3,1.71,0.68
P000502,C01466,frequent_failure,499,authentication_failed,1,13,2,4,7.01,0.37
P000503,C03341,reliable,499,bank_error,1,6,22,0,0.58,0.78
P000504,C06159,reliable,499,bank_error,2,36,33,0,0.58,0.71
P000505,C06187,reliable,499,authentication_failed,1,10,17,0,0.17,0.81
P000506,C00131,frequent_failure,499,payment_method_issue,1,4,11,5,7.93,0.36
P000507,C05973,frequent_failure,499,payment_method_issue,1,16,3,4,7.27,0.47
P000508,C02875,occasionally_late,499,insufficient_funds,2,11,13,4,2.91,0.76
P000509,C06077,churn_risk,499,authentication_failed,1,4,4,7,5.21,0.12
P000510,C00078,churn_risk,499,insufficient_funds,2,4,1,4,12.76,0.14
P000511,C07119,reliable,499,payment_method_issue,1,30,17,0,0.11,0.95
P000512,C02996,occasionally_late,499,authentication_failed,2,15,17,4,3.76,0.64
P000513,C01514,occasionally_late,499,insufficient_funds,1,24,9,4,2.05,0.59
P000514,C04639,occasionally_late,499,insufficient_funds,1,21,15,1,3.62,0.49
P000515,C04893,churn_risk,499,bank_error,1,7,5,7,7.41,0.13
P000516,C07436,reliable,499,payment_method_issue,1,30,24,1,1.0,0.73
P000517,C07647,reliable,499,bank_error,1,11,23,1,0.89,0.96
P000518,C03703,occasionally_late,499,insufficient_funds,1,22,5,1,3.52,0.57
P000519,C09752,reliable,499,bank_error,1,34,13,1,0.47,0.83
P000520,C07783,occasionally_late,499,insufficient_funds,1,10,4,1,3.16,0.68
P000521,C09604,frequent_failure,499,authentication_failed,1,16,3,7,7.09,0.47
P000522,C03389,frequent_failure,499,insufficient_funds,1,17,7,7,7.03,0.38
P000523,C01660,reliable,499,payment_method_issue,1,22,13,2,0.61,0.94
P000524,C06280,reliable,499,payment_method_issue,1,17,36,2,0.52,0.76
P000525,C09541,reliable,499,authentication_failed,1,32,34,1,0.55,0.93
P000526,C09587,reliable,499,payment_method_issue,2,14,26,1,0.98,0.91
P000527,C02608,reliable,499,bank_error,1,25,17,2,0.91,0.86
P000528,C04862,reliable,499,insufficient_funds,1,32,17,0,0.84,0.94
P000529,C06555,churn_risk,499,bank_error,1,9,3,8,6.69,0.1
P000530,C04494,reliable,499,bank_error,1,19,10,1,0.59,0.81
P000531,C07531,reliable,499,payment_method_issue,1,36,7,0,0.3,0.98
P000532,C08873,reliable,499,payment_method_issue,2,29,10,1,0.93,0.87
P000533,C04862,reliable,499,bank_error,1,32,17,0,0.84,0.94
P000534,C09683,occasionally_late,499,bank_error,2,4,8,4,1.11,0.49
P000535,C01483,reliable,499,bank_error,1,13,27,1,0.84,0.87
P000536,C04791,reliable,499,bank_error,1,33,36,1,0.34,0.88
P000537,C03312,reliable,499,bank_error,1,23,29,1,0.82,0.75
P000538,C08547,reliable,499,bank_error,1,16,13,1,0.14,0.91
P000539,C09706,occasionally_late,499,authentication_failed,1,17,15,2,1.47,0.49
P000540,C02516,churn_risk,499,bank_error,1,7,4,5,13.72,0.21
P000541,C07892,occasionally_late,499,authentication_failed,1,10,12,2,2.68,0.59
P000542,C07283,churn_risk,499,payment_method_issue,1,11,4,4,6.13,0.18
P000543,C06577,reliable,499,payment_method_issue,1,16,36,0,0.24,0.84
P000544,C03157,occasionally_late,499,insufficient_funds,1,22,16,3,3.57,0.54
P000545,C02524,reliable,499,bank_error,1,24,7,1,0.25,0.9
P000546,C07548,occasionally_late,499,bank_error,1,16,7,2,3.13,0.72
P000547,C05081,reliable,499,bank_error,1,21,23,0,0.89,0.89
P000548,C08457,frequent_failure,499,bank_error,1,18,7,7,3.99,0.43
P000549,C06314,reliable,499,bank_error,1,18,35,0,0.88,0.7
P000550,C07951,reliable,499,bank_error,1,18,16,2,0.97,0.92
P000551,C08156,reliable,499,payment_method_issue,1,36,26,2,0.53,0.86
P000552,C08876,occasionally_late,499,bank_error,1,18,19,1,3.47,0.62
P000553,C02866,reliable,499,authentication_failed,1,9,22,2,0.21,0.98
P000554,C03879,churn_risk,499,bank_error,1,3,4,9,9.19,0.16
P000555,C00900,reliable,499,payment_method_issue,1,26,18,0,0.8,0.92
P000556,C09664,reliable,499,payment_method_issue,1,21,24,0,0.12,0.85
P000557,C01801,reliable,499,bank_error,1,27,10,1,0.34,0.94
P000558,C04396,frequent_failure,499,payment_method_issue,1,10,1,6,3.7,0.4
P000559,C04449,churn_risk,499,bank_error,1,6,0,5,12.73,0.17
P000560,C08812,churn_risk,499,bank_error,1,6,4,5,10.3,0.15
P000561,C03556,occasionally_late,499,insufficient_funds,1,14,15,1,2.05,0.76
P000562,C00278,reliable,499,payment_method_issue,1,29,12,0,0.66,0.73
P000563,C01145,churn_risk,499,payment_method_issue,2,7,3,7,9.53,0.29
P000564,C01352,occasionally_late,499,bank_error,1,5,17,4,1.01,0.45
P000565,C09430,churn_risk,499,insufficient_funds,2,10,5,8,7.9,0.25
P000566,C04018,reliable,499,authentication_failed,1,31,12,0,0.13,0.98
P000567,C04135,occasionally_late,499,bank_error,1,24,9,4,2.21,0.69
P000568,C05162,churn_risk,499,authentication_failed,1,11,4,9,12.32,0.05
P000569,C03133,occasionally_late,499,insufficient_funds,1,5,12,3,2.78,0.73
P000570,C07647,reliable,499,authentication_failed,1,11,23,1,0.89,0.96
P000571,C06035,frequent_failure,499,bank_error,2,15,11,3,7.91,0.35
P000572,C00868,reliable,499,payment_method_issue,1,23,8,2,0.9,0.81
P000573,C04457,occasionally_late,499,insufficient_funds,1,22,15,3,1.19,0.79
P000574,C05496,reliable,499,authentication_failed,2,31,32,2,0.28,0.86
P000575,C02073,churn_risk,499,bank_error,1,2,4,9,5.04,0.06
P000576,C04698,reliable,499,bank_error,1,6,24,0,0.81,0.87
P000577,C00627,churn_risk,499,payment_method_issue,1,8,5,6,11.17,0.24
P000578,C08009,reliable,499,payment_method_issue,2,24,35,0,0.33,0.82
P000579,C00204,churn_risk,499,authentication_failed,1,7,1,8,9.73,0.13
P000580,C06915,reliable,499,payment_method_issue,1,11,28,2,0.77,0.74
P000581,C03383,occasionally_late,499,bank_error,1,9,7,4,2.75,0.45
P000582,C00182,reliable,499,bank_error,1,35,14,1,0.86,0.77
P000583,C07197,occasionally_late,499,payment_method_issue,2,11,7,3,3.87,0.59
P000584,C07018,occasionally_late,499,payment_method_issue,1,7,15,3,2.48,0.67
P000585,C09133,occasionally_late,499,bank_error,2,23,18,4,3.88,0.69
P000586,C03203,reliable,499,payment_method_issue,2,21,26,0,0.11,0.78
P000587,C00002,reliable,499,bank_error,1,28,16,2,0.87,0.88
P000588,C03190,reliable,499,payment_method_issue,1,34,25,0,0.8,0.81
P000589,C02789,occasionally_late,499,payment_method_issue,1,20,18,4,2.66,0.69
P000590,C08298,occasionally_late,499,bank_error,2,16,4,3,3.79,0.71
P000591,C06960,occasionally_late,499,payment_method_issue,1,19,12,3,3.83,0.78
P000592,C00406,frequent_failure,499,payment_method_issue,1,16,9,7,7.91,0.24
P000593,C08159,frequent_failure,499,bank_error,1,12,6,5,4.88,0.21
P000594,C07471,reliable,499,authentication_failed,1,15,7,1,0.78,0.71
P000595,C08957,occasionally_late,499,authentication_failed,1,12,18,3,2.34,0.48
P000596,C06538,reliable,499,insufficient_funds,1,16,8,1,0.7,0.86
P000597,C00523,churn_risk,499,payment_method_issue,1,9,0,6,7.7,0.26
P000598,C00859,reliable,499,bank_error,1,24,9,1,0.53,0.9
P000599,C04428,churn_risk,499,insufficient_funds,2,5,6,7,14.81,0.23
P000600,C02380,frequent_failure,499,insufficient_funds,1,12,2,4,5.67,0.19
P000601,C06925,reliable,499,bank_error,1,25,28,0,0.74,0.73
P000602,C07328,reliable,499,payment_method_issue,1,20,16,1,0.09,0.8
P000603,C08573,reliable,499,authentication_failed,1,16,6,0,0.72,0.77
P000604,C09596,reliable,499,bank_error,2,23,26,2,0.4,0.85
P000605,C08648,reliable,499,payment_method_issue,1,17,7,1,0.11,0.73
P000606,C04440,churn_risk,499,bank_error,1,11,1,8,8.26,0.15
P000607,C00567,reliable,499,bank_error,1,32,30,0,0.48,0.9
P000608,C04975,occasionally_late,499,bank_error,1,24,12,4,1.38,0.71
P000609,C04525,occasionally_late,499,insufficient_funds,1,15,14,3,3.66,0.53
P000610,C02497,frequent_failure,499,insufficient_funds,2,3,1,4,4.83,0.49
P000611,C05138,occasionally_late,499,authentication_failed,1,22,4,4,3.4,0.8
P000612,C04965,reliable,499,bank_error,1,36,14,1,0.43,0.87
P000613,C00879,reliable,499,authentication_failed,1,12,20,2,0.04,0.76
P000614,C03109,occasionally_late,499,insufficient_funds,2,16,11,4,2.82,0.52
P000615,C09215,reliable,499,payment_method_issue,1,20,14,1,0.63,0.93
P000616,C06543,reliable,499,insufficient_funds,1,34,11,1,0.97,0.72
P000617,C08380,reliable,499,authentication_failed,2,12,17,2,0.18,0.77
P000618,C05186,reliable,499,insufficient_funds,1,28,19,2,0.24,0.91
P000619,C09180,reliable,499,payment_method_issue,2,13,31,0,0.16,0.92
P000620,C01280,reliable,499,bank_error,1,33,32,2,0.16,0.85
P000621,C07133,occasionally_late,499,insufficient_funds,1,5,12,3,3.66,0.7
P000622,C08627,reliable,499,insufficient_funds,1,31,9,0,0.69,0.92
P000623,C04015,reliable,499,authentication_failed,1,21,12,2,0.7,0.74
P000624,C06840,occasionally_late,499,payment_method_issue,1,20,18,1,3.5,0.62
P000625,C00005,reliable,499,bank_error,1,32,36,1,0.05,0.99
P000626,C05013,occasionally_late,499,insufficient_funds,1,24,16,2,3.34,0.68
P000627,C08923,reliable,499,bank_error,1,31,16,0,0.98,0.99
P000628,C06315,occasionally_late,499,payment_method_issue,1,8,16,3,2.74,0.7
P000629,C00439,reliable,499,bank_error,1,6,11,2,0.0,0.75
P000630,C06275,reliable,499,authentication_failed,1,8,18,0,0.66,0.91
P000631,C07612,reliable,499,insufficient_funds,1,23,7,2,0.95,0.78
P000632,C06560,churn_risk,499,payment_method_issue,1,2,1,9,9.92,0.17
P000633,C06965,frequent_failure,499,insufficient_funds,1,9,1,5,7.05,0.21
P000634,C00398,occasionally_late,499,insufficient_funds,2,7,9,3,2.49,0.6
P000635,C04792,occasionally_late,499,insufficient_funds,1,15,15,3,1.9,0.69
P000636,C09758,reliable,499,insufficient_funds,1,31,22,1,0.19,0.95
P000637,C08377,reliable,499,bank_error,1,30,14,0,0.17,0.75
P000638,C02136,reliable,499,bank_error,1,29,21,2,0.4,0.79
P000639,C07490,reliable,499,payment_method_issue,1,10,8,2,0.01,0.94
P000640,C01483,reliable,499,authentication_failed,1,13,27,1,0.84,0.87
P000641,C09395,frequent_failure,499,insufficient_funds,1,8,2,3,6.12,0.48
P000642,C02633,occasionally_late,499,bank_error,2,16,6,1,1.59,0.68
P000643,C09508,churn_risk,499,bank_error,2,11,4,6,5.99,0.16
P000644,C08995,churn_risk,499,bank_error,1,11,1,6,7.8,0.28
P000645,C01395,reliable,499,insufficient_funds,1,14,6,1,0.67,0.71
P000646,C06800,reliable,499,bank_error,1,13,28,1,0.09,0.91
P000647,C08912,frequent_failure,499,bank_error,1,17,10,3,3.58,0.19
P000648,C02231,reliable,499,payment_method_issue,1,20,8,2,0.31,0.91
P000649,C07143,occasionally_late,499,insufficient_funds,1,19,19,1,3.93,0.72
P000650,C08974,occasionally_late,499,payment_method_issue,1,9,13,3,3.34,0.79
P000651,C08980,reliable,499,bank_error,1,20,29,0,0.9,0.81
P000652,C07848,occasionally_late,499,payment_method_issue,1,18,12,3,3.89,0.61
P000653,C08189,frequent_failure,499,bank_error,1,8,1,5,5.41,0.16
P000654,C07484,churn_risk,499,authentication_failed,2,10,5,6,10.64,0.15
P000655,C07428,churn_risk,499,insufficient_funds,1,7,5,8,5.43,0.13
P000656,C05930,frequent_failure,499,insufficient_funds,1,8,11,7,7.07,0.38
P000657,C09874,reliable,499,payment_method_issue,1,35,11,1,0.75,0.89
P000658,C05342,frequent_failure,499,payment_method_issue,1,4,10,6,3.78,0.24
P000659,C03030,reliable,499,authentication_failed,2,29,28,2,0.08,0.9
P000660,C02335,reliable,499,payment_method_issue,1,10,35,0,0.36,0.77
P000661,C01830,frequent_failure,499,payment_method_issue,1,8,5,3,6.59,0.48
P000662,C01261,churn_risk,499,insufficient_funds,1,8,4,9,8.65,0.26
P000663,C03841,occasionally_late,499,bank_error,1,17,6,4,3.25,0.46
P000664,C03503,reliable,499,authentication_failed,2,8,32,2,0.08,0.98
P000665,C01307,reliable,499,authentication_failed,1,31,29,2,0.04,0.9
P000666,C08380,reliable,499,bank_error,1,12,17,2,0.18,0.77
P000667,C01053,reliable,499,insufficient_funds,1,28,33,0,0.4,0.85
P000668,C09746,occasionally_late,499,insufficient_funds,2,23,11,2,1.41,0.78
P000669,C06491,occasionally_late,499,payment_method_issue,1,22,12,4,2.08,0.75
P000670,C03911,churn_risk,499,payment_method_issue,2,11,3,5,8.64,0.27
P000671,C01071,reliable,499,payment_method_issue,1,23,26,1,0.54,0.86
P000672,C07735,occasionally_late,499,insufficient_funds,1,24,11,3,1.58,0.53
P000673,C09224,reliable,499,bank_error,1,6,27,0,0.75,0.88
P000674,C04627,churn_risk,499,bank_error,2,6,3,8,11.61,0.08
P000675,C01301,frequent_failure,499,insufficient_funds,1,8,6,5,5.74,0.38
P000676,C09798,reliable,499,bank_error,1,27,8,0,0.5,0.94
P000677,C01464,frequent_failure,499,insufficient_funds,1,19,8,3,7.74,0.44
P000678,C07989,occasionally_late,499,bank_error,2,21,5,4,3.38,0.68
P000679,C04100,frequent_failure,499,authentication_failed,2,19,2,4,7.74,0.28
P000680,C04943,frequent_failure,499,bank_error,1,14,10,7,3.47,0.16
P000681,C06900,churn_risk,499,insufficient_funds,1,3,1,9,11.25,0.09
P000682,C03232,reliable,499,bank_error,1,17,15,2,0.24,1.0
P000683,C02454,frequent_failure,499,bank_error,1,7,10,5,4.58,0.43
P000684,C02236,reliable,499,bank_error,1,24,26,2,0.02,0.92
P000685,C05533,reliable,499,insufficient_funds,1,14,35,0,0.95,0.81
P000686,C08703,reliable,499,authentication_failed,1,15,27,0,0.1,0.84
P000687,C00249,reliable,499,insufficient_funds,1,22,30,1,0.86,0.84
P000688,C03893,churn_risk,499,payment_method_issue,1,5,6,5,10.34,0.12
P000689,C09008,occasionally_late,499,payment_method_issue,1,12,11,2,1.08,0.7
P000690,C04718,occasionally_late,499,payment_method_issue,2,11,10,1,3.31,0.73
P000691,C00214,reliable,499,payment_method_issue,1,35,30,2,0.42,0.92
P000692,C08628,frequent_failure,499,bank_error,1,8,10,5,6.54,0.29
P000693,C04455,occasionally_late,499,bank_error,1,5,8,1,3.33,0.61
P000694,C04011,frequent_failure,499,insufficient_funds,1,7,7,3,3.6,0.25
P000695,C05875,occasionally_late,499,insufficient_funds,1,7,19,2,3.79,0.61
P000696,C02575,occasionally_late,499,payment_method_issue,1,19,19,2,2.83,0.78
P000697,C03022,reliable,499,insufficient_funds,1,9,24,0,0.05,0.92
P000698,C09768,reliable,499,payment_method_issue,2,30,35,2,0.7,0.92
P000699,C04806,frequent_failure,499,authentication_failed,1,10,9,7,4.88,0.44
P000700,C08186,occasionally_late,499,payment_method_issue,1,16,6,1,1.97,0.67
P000701,C04643,frequent_failure,499,insufficient_funds,1,7,3,3,4.09,0.38
P000702,C08319,reliable,499,bank_error,2,23,30,1,0.4,0.91
P000703,C05899,occasionally_late,499,authentication_failed,2,16,18,1,2.48,0.51
P000704,C00521,reliable,499,bank_error,2,31,34,1,0.72,0.88
P000705,C07888,reliable,499,bank_error,1,16,11,2,0.44,0.88
P000706,C05399,reliable,499,payment_method_issue,1,21,36,1,0.24,0.7
P000707,C04561,occasionally_late,499,insufficient_funds,2,22,14,1,1.84,0.69
P000708,C08543,churn_risk,499,bank_error,1,9,6,7,6.62,0.14
P000709,C05021,reliable,499,authentication_failed,1,25,28,0,0.56,0.85
P000710,C03561,reliable,499,authentication_failed,2,8,13,2,0.02,0.96
P000711,C03159,churn_risk,499,authentication_failed,1,11,1,4,11.0,0.19
P000712,C08824,reliable,499,bank_error,1,6,20,2,0.71,0.81
P000713,C03161,occasionally_late,499,authentication_failed,1,18,10,3,2.41,0.72
P000714,C08290,frequent_failure,499,payment_method_issue,1,16,7,6,7.72,0.29
P000715,C01333,churn_risk,499,insufficient_funds,1,7,4,4,9.07,0.22
P000716,C09728,reliable,499,bank_error,1,24,20,1,0.45,0.86
P000717,C08902,occasionally_late,499,bank_error,1,17,6,2,3.1,0.57
P000718,C08462,reliable,499,authentication_failed,1,13,35,1,0.76,0.78
P000719,C01659,churn_risk,499,authentication_failed,2,2,1,7,7.47,0.3
P000720,C00947,reliable,499,bank_error,1,6,29,0,0.35,0.81
P000721,C01933,churn_risk,499,insufficient_funds,1,1,4,9,7.9,0.09
P000722,C07670,reliable,499,payment_method_issue,1,12,23,2,0.93,0.73
P000723,C03006,reliable,499,payment_method_issue,1,26,25,0,0.89,0.93
P000724,C09448,reliable,499,payment_method_issue,2,8,13,0,0.75,0.96
P000725,C02203,reliable,499,bank_error,1,30,16,2,0.86,0.82
P000726,C03118,reliable,499,insufficient_funds,1,23,36,2,0.53,0.85
P000727,C01831,occasionally_late,499,bank_error,1,10,17,3,1.13,0.67
P000728,C02347,occasionally_late,499,insufficient_funds,2,20,18,2,2.25,0.51
P000729,C05004,frequent_failure,499,authentication_failed,1,9,9,3,3.04,0.49
P000730,C08166,frequent_failure,499,bank_error,1,14,10,6,6.64,0.19
P000731,C08565,reliable,499,bank_error,2,6,25,1,0.93,0.96
P000732,C06031,reliable,499,payment_method_issue,1,27,27,2,0.09,0.99
P000733,C06916,reliable,499,bank_error,1,27,20,1,0.67,0.9
P000734,C02116,reliable,499,authentication_failed,1,35,23,2,0.58,0.72
P000735,C05363,reliable,499,payment_method_issue,1,31,15,0,0.66,0.9
P000736,C07472,occasionally_late,499,insufficient_funds,1,17,13,2,3.88,0.49
P000737,C09768,reliable,499,bank_error,1,30,35,2,0.7,0.92
P000738,C01515,reliable,499,authentication_failed,2,30,6,1,0.77,0.83
P000739,C03482,frequent_failure,499,payment_method_issue,1,12,11,3,4.98,0.4
P000740,C09737,occasionally_late,499,payment_method_issue,1,16,18,1,2.76,0.66
P000741,C04980,reliable,499,insufficient_funds,1,19,27,0,0.97,0.79
P000742,C04919,reliable,499,bank_error,1,33,18,0,0.03,0.89
P000743,C09364,reliable,499,bank_error,2,31,7,0,0.99,0.87
P000744,C01994,occasionally_late,499,payment_method_issue,2,20,18,2,3.26,0.62
P000745,C05782,occasionally_late,499,authentication_failed,1,11,15,1,3.4,0.71
P000746,C04389,occasionally_late,499,payment_method_issue,1,5,18,4,1.04,0.45
P000747,C04174,occasionally_late,499,bank_error,1,4,3,1,2.52,0.51
P000748,C05478,occasionally_late,499,payment_method_issue,1,9,16,1,1.31,0.61
P000749,C04193,frequent_failure,499,authentication_failed,1,4,1,6,4.3,0.36
P000750,C08568,frequent_failure,499,payment_method_issue,2,3,5,7,5.79,0.48
P000751,C05990,reliable,499,payment_method_issue,1,20,33,1,0.66,0.83
P000752,C04730,churn_risk,499,bank_error,1,3,4,8,10.86,0.11
P000753,C05476,frequent_failure,499,bank_error,1,3,10,7,6.36,0.43
P000754,C01572,reliable,499,bank_error,2,22,7,2,0.72,0.87
P000755,C01543,churn_risk,499,payment_method_issue,2,7,3,6,10.56,0.23
P000756,C09111,occasionally_late,499,authentication_failed,1,16,12,1,3.95,0.65
P000757,C02979,occasionally_late,499,insufficient_funds,1,6,17,1,2.94,0.54
P000758,C00179,reliable,499,payment_method_issue,1,28,26,2,0.12,0.96
P000759,C09768,reliable,499,bank_error,1,30,35,2,0.7,0.92
P000760,C00858,reliable,499,payment_method_issue,1,12,35,1,0.87,0.87
P000761,C03944,reliable,499,bank_error,1,29,32,2,0.26,0.95
P000762,C00178,reliable,499,authentication_failed,1,19,36,2,0.9,0.7
P000763,C06073,occasionally_late,499,payment_method_issue,1,10,14,3,3.6,0.79
P000764,C00988,reliable,499,authentication_failed,1,8,16,0,0.85,0.81
P000765,C06443,occasionally_late,499,bank_error,1,12,11,2,2.13,0.73
P000766,C01251,churn_risk,499,bank_error,1,10,1,7,8.9,0.19
P000767,C06941,frequent_failure,499,bank_error,2,7,3,3,7.02,0.36
P000768,C04422,churn_risk,499,payment_method_issue,1,3,6,9,9.21,0.2
P000769,C01859,reliable,499,bank_error,1,33,34,2,0.81,0.93
P000770,C09585,reliable,499,payment_method_issue,2,8,36,1,0.95,0.82
P000771,C01112,reliable,499,bank_error,1,18,32,1,0.26,0.74
P000772,C06552,occasionally_late,499,insufficient_funds,1,11,11,2,3.86,0.73
P000773,C05384,frequent_failure,499,payment_method_issue,1,11,4,3,4.79,0.32
P000774,C08023,occasionally_late,499,insufficient_funds,1,13,3,2,1.02,0.54
P000775,C05098,reliable,499,insufficient_funds,1,28,21,0,0.67,0.82
P000776,C02059,reliable,499,payment_method_issue,1,12,17,1,0.21,0.84
P000777,C00300,reliable,499,bank_error,1,20,6,1,0.4,0.91
P000778,C06997,reliable,499,bank_error,1,13,22,1,0.87,0.78
P000779,C09202,occasionally_late,499,insufficient_funds,1,12,17,3,2.24,0.61
P000780,C01209,occasionally_late,499,insufficient_funds,1,23,18,2,1.78,0.55
P000781,C06567,reliable,499,bank_error,1,31,35,2,0.56,0.75
P000782,C02985,reliable,499,payment_method_issue,1,24,28,2,0.19,0.82
P000783,C04582,reliable,499,bank_error,1,15,9,1,0.41,0.81
P000784,C03990,occasionally_late,499,authentication_failed,1,5,6,1,1.7,0.75
P000785,C01799,reliable,499,bank_error,1,24,27,0,0.93,0.77
P000786,C09090,occasionally_late,499,bank_error,1,12,16,3,1.42,0.74
P000787,C01693,occasionally_late,499,payment_method_issue,1,18,8,3,3.35,0.54
P000788,C08189,frequent_failure,499,bank_error,1,8,1,5,5.41,0.16
P000789,C04636,reliable,499,insufficient_funds,1,6,27,1,0.24,0.88
P000790,C07467,occasionally_late,499,bank_error,1,24,7,1,2.41,0.76
P000791,C00175,reliable,499,bank_error,1,28,32,2,0.02,0.73
P000792,C09557,reliable,499,bank_error,1,12,21,0,0.32,1.0
P000793,C01329,reliable,499,authentication_failed,1,34,20,1,0.2,0.79
P000794,C02677,reliable,499,payment_method_issue,1,31,18,0,0.92,0.79
P000795,C08409,reliable,499,insufficient_funds,1,20,8,1,0.27,0.98
P000796,C06481,reliable,499,insufficient_funds,2,32,33,2,0.09,0.93
P000797,C05846,occasionally_late,499,bank_error,2,19,14,2,3.51,0.75
P000798,C00594,occasionally_late,499,payment_method_issue,1,15,18,3,2.31,0.64
P000799,C05354,frequent_failure,499,authentication_failed,1,16,1,3,5.5,0.36
P000800,C00036,reliable,499,payment_method_issue,1,12,25,0,0.69,0.82
P000801,C04941,reliable,499,bank_error,1,10,27,0,0.98,0.77
P000802,C06506,reliable,499,bank_error,1,6,33,0,0.98,0.8
P000803,C09426,frequent_failure,499,authentication_failed,1,3,4,3,5.46,0.31
P000804,C08738,frequent_failure,499,insufficient_funds,1,4,7,6,5.75,0.41
P000805,C04992,reliable,499,payment_method_issue,1,32,22,1,0.66,0.8
P000806,C00909,occasionally_late,499,insufficient_funds,1,24,8,4,3.49,0.51
P000807,C02206,churn_risk,499,insufficient_funds,1,6,6,7,6.95,0.15
P000808,C06524,reliable,499,bank_error,1,9,25,1,0.47,0.8
P000809,C02454,frequent_failure,499,authentication_failed,1,7,10,5,4.58,0.43
P000810,C08238,frequent_failure,499,bank_error,1,3,7,7,5.45,0.24
P000811,C05901,frequent_failure,499,insufficient_funds,1,13,8,6,3.03,0.41
P000812,C08985,occasionally_late,499,insufficient_funds,2,8,16,2,1.64,0.66
P000813,C04252,reliable,499,bank_error,2,24,31,1,0.14,0.87
P000814,C01327,frequent_failure,499,insufficient_funds,1,6,8,6,4.54,0.45
P000815,C00740,reliable,499,payment_method_issue,1,24,7,2,0.04,0.89
P000816,C09089,reliable,499,authentication_failed,1,8,7,1,0.78,0.72
P000817,C07213,reliable,499,authentication_failed,1,35,26,2,0.32,0.99
P000818,C04956,reliable,499,bank_error,2,30,21,1,0.14,0.79
P000819,C07846,reliable,499,bank_error,1,15,32,0,0.82,0.72
P000820,C01147,occasionally_late,499,payment_method_issue,1,19,3,1,1.42,0.5
P000821,C06450,churn_risk,499,insufficient_funds,2,4,3,8,11.35,0.21
P000822,C06090,reliable,499,bank_error,2,17,34,2,0.92,0.94
P000823,C04681,occasionally_late,499,bank_error,1,13,19,1,1.22,0.52
P000824,C00781,frequent_failure,499,authentication_failed,1,10,10,3,4.54,0.35
P000825,C07645,reliable,499,insufficient_funds,1,7,27,0,0.83,0.71
P000826,C06994,occasionally_late,499,payment_method_issue,2,11,5,4,1.46,0.48
P000827,C07736,frequent_failure,499,insufficient_funds,2,7,2,6,5.09,0.19
P000828,C08342,frequent_failure,499,payment_method_issue,1,3,10,7,4.09,0.19
P000829,C09778,occasionally_late,499,bank_error,1,10,19,4,3.89,0.73
P000830,C06268,reliable,499,bank_error,1,7,26,0,0.03,0.9
P000831,C03611,occasionally_late,499,bank_error,1,24,4,3,3.88,0.54
P000832,C04496,reliable,499,bank_error,1,18,15,2,0.91,0.78
P000833,C05210,occasionally_late,499,insufficient_funds,2,7,18,3,2.78,0.64
P000834,C02263,frequent_failure,499,insufficient_funds,1,10,5,5,7.11,0.34
P000835,C01228,occasionally_late,499,authentication_failed,1,6,10,4,3.19,0.63
P000836,C02683,reliable,499,payment_method_issue,1,18,29,0,0.74,0.7
P000837,C04057,reliable,499,payment_method_issue,1,26,32,1,0.71,0.97
P000838,C06321,reliable,499,bank_error,1,31,14,2,0.65,0.79
P000839,C00185,occasionally_late,499,payment_method_issue,1,10,11,2,2.94,0.6
P000840,C04032,reliable,499,insufficient_funds,1,7,34,0,0.13,0.93
P000841,C04352,occasionally_late,499,authentication_failed,1,22,16,1,1.2,0.45
P000842,C08901,reliable,499,payment_method_issue,1,25,18,0,0.55,0.98
P000843,C06627,occasionally_late,499,bank_error,2,8,4,2,3.59,0.6
P000844,C07732,occasionally_late,499,insufficient_funds,1,12,6,4,3.83,0.5
P000845,C07241,reliable,499,payment_method_issue,1,16,31,2,0.3,0.75
P000846,C03175,reliable,499,payment_method_issue,2,27,32,0,0.05,0.88
P000847,C05388,reliable,499,bank_error,1,22,10,1,0.61,0.83
P000848,C07023,reliable,499,bank_error,1,36,8,1,0.14,0.78
P000849,C02758,reliable,499,payment_method_issue,1,29,7,2,0.27,0.72
P000850,C06350,reliable,499,authentication_failed,1,6,9,1,0.13,0.99
P000851,C02239,reliable,499,insufficient_funds,1,31,29,1,0.79,0.74
P000852,C08519,reliable,499,payment_method_issue,1,11,31,0,0.6,0.76
P000853,C06942,reliable,499,bank_error,2,22,30,0,0.8,0.97
P000854,C07947,occasionally_late,499,insufficient_funds,1,24,8,4,1.47,0.47
P000855,C09284,reliable,499,insufficient_funds,1,12,16,1,0.52,0.91
P000856,C08424,reliable,499,bank_error,1,18,20,2,0.64,0.81
P000857,C00174,occasionally_late,499,insufficient_funds,1,4,9,1,2.22,0.64
P000858,C05438,reliable,499,bank_error,1,30,25,0,0.5,0.83
P000859,C04154,frequent_failure,499,payment_method_issue,1,4,9,5,7.06,0.2
P000860,C07877,occasionally_late,499,payment_method_issue,1,16,14,3,2.0,0.63
P000861,C06728,churn_risk,499,insufficient_funds,1,1,1,5,14.55,0.08
P000862,C06179,reliable,499,bank_error,1,16,8,1,0.24,0.77
P000863,C08526,reliable,499,insufficient_funds,1,24,7,2,0.96,0.74
P000864,C00493,frequent_failure,499,bank_error,1,10,6,3,6.96,0.31
P000865,C00938,reliable,499,bank_error,1,30,34,1,0.17,0.84
P000866,C04524,occasionally_late,499,bank_error,1,17,9,3,3.75,0.71
P000867,C07401,reliable,499,authentication_failed,1,33,27,1,0.43,0.83
P000868,C00143,occasionally_late,499,authentication_failed,1,12,4,4,2.14,0.77
P000869,C04501,frequent_failure,499,bank_error,2,13,8,7,3.31,0.24
P000870,C00231,occasionally_late,499,bank_error,1,16,15,1,3.64,0.73
P000871,C04461,reliable,499,authentication_failed,1,26,28,0,0.33,0.94
P000872,C02723,frequent_failure,499,payment_method_issue,1,19,2,6,7.7,0.29
P000873,C00094,churn_risk,499,insufficient_funds,1,5,5,8,14.93,0.07
P000874,C01488,occasionally_late,499,payment_method_issue,2,7,5,2,2.0,0.47
P000875,C06903,reliable,499,bank_error,1,23,24,0,0.23,0.85
P000876,C05124,reliable,499,bank_error,2,30,13,0,0.88,0.83
P000877,C07087,reliable,499,payment_method_issue,1,8,19,0,0.43,0.73
P000878,C04998,occasionally_late,499,insufficient_funds,1,17,11,3,1.26,0.69
P000879,C04362,occasionally_late,499,bank_error,1,4,11,2,2.03,0.53
P000880,C06354,frequent_failure,499,insufficient_funds,1,6,10,5,7.43,0.22
P000881,C02153,occasionally_late,499,authentication_failed,1,10,16,2,3.18,0.48
P000882,C06457,occasionally_late,499,authentication_failed,1,21,9,2,3.25,0.74
P000883,C09822,reliable,499,insufficient_funds,1,21,21,0,0.16,0.7
P000884,C05646,reliable,499,insufficient_funds,1,15,34,2,0.45,0.91
P000885,C01944,reliable,499,authentication_failed,1,24,24,1,0.7,0.82
P000886,C06732,reliable,499,payment_method_issue,2,33,18,0,0.43,0.88
P000887,C02311,reliable,499,insufficient_funds,1,6,23,1,0.46,0.91
P000888,C09276,occasionally_late,499,insufficient_funds,1,7,9,1,3.06,0.7
P000889,C02430,occasionally_late,499,payment_method_issue,2,11,11,1,3.29,0.65
P000890,C09967,reliable,499,bank_error,1,16,21,2,0.54,0.89
P000891,C08235,reliable,499,payment_method_issue,1,28,10,0,0.23,0.95
P000892,C04300,reliable,499,payment_method_issue,1,35,9,1,0.17,0.93
P000893,C02096,reliable,499,payment_method_issue,2,9,15,1,0.21,0.79
P000894,C03343,reliable,499,bank_error,1,26,18,2,0.42,0.97
P000895,C00646,reliable,499,payment_method_issue,1,22,35,2,0.73,0.96
P000896,C05387,frequent_failure,499,insufficient_funds,1,14,11,4,5.75,0.49
P000897,C05362,reliable,499,payment_method_issue,1,14,26,1,0.78,0.81
P000898,C05789,frequent_failure,499,authentication_failed,1,15,4,3,6.2,0.26
P000899,C05197,occasionally_late,499,authentication_failed,1,13,11,2,1.42,0.62
P000900,C05212,reliable,499,bank_error,1,21,27,2,0.1,0.81
P000901,C08587,occasionally_late,499,payment_method_issue,2,17,19,2,1.03,0.7
P000902,C06461,reliable,499,insufficient_funds,1,27,36,0,0.1,0.76
P000903,C07391,reliable,499,bank_error,1,29,19,0,0.84,0.99
P000904,C09441,frequent_failure,499,payment_method_issue,1,8,11,3,4.21,0.31
P000905,C08382,frequent_failure,499,authentication_failed,1,10,6,7,3.98,0.32
P000906,C09187,reliable,499,payment_method_issue,1,18,26,2,0.64,0.98
P000907,C09696,reliable,499,payment_method_issue,2,29,13,0,0.66,0.85
P000908,C09417,reliable,499,bank_error,1,29,34,0,0.68,0.77
P000909,C02283,reliable,499,payment_method_issue,1,36,12,2,0.32,0.71
P000910,C08703,reliable,499,authentication_failed,2,15,27,0,0.1,0.84
P000911,C07710,occasionally_late,499,payment_method_issue,2,13,4,1,2.26,0.52
P000912,C04234,reliable,499,bank_error,1,7,34,2,0.55,0.95
P000913,C01601,churn_risk,499,bank_error,1,11,1,9,13.79,0.13
P000914,C08605,occasionally_late,499,authentication_failed,1,10,18,3,1.21,0.55
P000915,C02945,churn_risk,499,bank_error,1,4,4,9,9.05,0.09
P000916,C07923,occasionally_late,499,insufficient_funds,1,9,11,2,2.07,0.52
P000917,C04370,reliable,499,payment_method_issue,1,34,14,0,0.79,0.77
P000918,C05447,occasionally_late,499,payment_method_issue,1,21,12,4,2.52,0.68
P000919,C06614,reliable,499,bank_error,1,23,31,0,0.37,0.73
P000920,C04604,reliable,499,bank_error,1,26,13,1,0.12,0.9
P000921,C07879,frequent_failure,499,bank_error,1,13,9,3,7.92,0.29
P000922,C04733,reliable,499,bank_error,2,22,36,0,0.86,0.79
P000923,C03839,reliable,499,bank_error,1,18,17,2,0.66,0.75
P000924,C03707,occasionally_late,499,payment_method_issue,1,18,19,1,2.01,0.73
P000925,C07915,occasionally_late,499,authentication_failed,1,14,4,3,2.85,0.58
P000926,C09240,reliable,499,bank_error,1,6,24,0,0.21,0.86
P000927,C04020,frequent_failure,499,insufficient_funds,1,6,10,7,3.35,0.24
P000928,C07725,churn_risk,499,authentication_failed,1,3,5,6,6.44,0.2
P000929,C09192,reliable,499,payment_method_issue,1,32,6,0,0.03,0.7
P000930,C05871,reliable,499,payment_method_issue,1,16,25,2,0.59,0.99
P000931,C05123,occasionally_late,499,payment_method_issue,1,21,11,4,3.52,0.49
P000932,C05370,reliable,499,payment_method_issue,2,28,18,2,0.36,0.95
P000933,C09429,reliable,499,bank_error,2,12,18,1,0.19,0.78
P000934,C08763,frequent_failure,499,authentication_failed,2,18,7,5,3.58,0.18
P000935,C06739,occasionally_late,499,payment_method_issue,1,13,19,1,2.8,0.64
P000936,C07970,occasionally_late,499,payment_method_issue,1,11,19,4,1.55,0.62
P000937,C02613,reliable,499,bank_error,1,14,30,1,0.85,0.86
P000938,C08121,occasionally_late,499,authentication_failed,1,23,8,1,3.7,0.65
P000939,C09896,frequent_failure,499,bank_error,2,18,11,7,5.42,0.47
P000940,C03439,frequent_failure,499,insufficient_funds,1,10,2,3,4.16,0.27
P000941,C09775,churn_risk,499,payment_method_issue,1,10,5,7,8.92,0.07
P000942,C09676,churn_risk,499,bank_error,1,8,3,6,8.52,0.1
P000943,C04470,churn_risk,499,insufficient_funds,1,4,0,7,11.31,0.14
P000944,C04789,frequent_failure,499,payment_method_issue,1,10,4,6,5.97,0.27
P000945,C08552,reliable,499,bank_error,1,20,13,0,0.97,0.79
P000946,C05637,reliable,499,bank_error,1,21,28,0,0.44,0.94
P000947,C07200,occasionally_late,499,payment_method_issue,1,19,17,4,3.66,0.58
P000948,C08037,reliable,499,insufficient_funds,1,23,12,1,0.56,0.87
P000949,C07063,occasionally_late,499,payment_method_issue,2,10,9,1,2.58,0.77
P000950,C02235,frequent_failure,499,insufficient_funds,1,14,9,7,5.2,0.41
P000951,C09229,reliable,499,insufficient_funds,1,23,11,1,0.39,0.71
P000952,C03689,reliable,499,payment_method_issue,2,7,27,0,0.61,0.84
P000953,C02555,reliable,499,authentication_failed,1,30,34,0,0.17,0.71
P000954,C07699,reliable,499,bank_error,1,19,16,2,0.36,0.75
P000955,C04255,reliable,499,payment_method_issue,1,16,9,2,0.56,0.91
P000956,C04823,frequent_failure,499,payment_method_issue,1,10,2,3,6.29,0.25
P000957,C07309,reliable,499,payment_method_issue,1,17,35,0,0.9,0.83
P000958,C08780,reliable,499,payment_method_issue,1,28,26,1,0.76,0.83
P000959,C02619,reliable,499,authentication_failed,1,13,10,2,0.17,0.95
P000960,C06053,churn_risk,499,payment_method_issue,2,5,4,5,5.48,0.26
P000961,C09220,occasionally_late,499,insufficient_funds,1,23,5,1,1.4,0.62
P000962,C02650,occasionally_late,499,payment_method_issue,1,20,19,4,2.67,0.74
P000963,C02313,reliable,499,payment_method_issue,1,27,6,1,0.34,0.8
P000964,C06675,occasionally_late,499,payment_method_issue,2,17,6,4,1.27,0.7
P000965,C01169,churn_risk,499,payment_method_issue,1,9,1,8,10.0,0.08
P000966,C06421,frequent_failure,499,insufficient_funds,1,8,4,4,5.39,0.41
P000967,C07811,reliable,499,authentication_failed,1,22,16,1,0.94,0.84
P000968,C07808,frequent_failure,499,bank_error,1,12,11,5,7.82,0.28
P000969,C08551,occasionally_late,499,insufficient_funds,1,18,14,1,1.37,0.55
P000970,C04519,frequent_failure,499,payment_method_issue,1,17,3,6,3.08,0.21
P000971,C06969,reliable,499,bank_error,2,18,10,1,0.51,0.75
P000972,C06159,reliable,499,authentication_failed,1,36,33,0,0.58,0.71
P000973,C03084,churn_risk,499,payment_method_issue,2,6,0,7,14.27,0.15
P000974,C06384,churn_risk,499,payment_method_issue,1,5,0,7,12.36,0.12
P000975,C04466,reliable,499,bank_error,1,10,33,0,0.52,0.93
P000976,C04929,frequent_failure,499,authentication_failed,1,6,10,6,3.48,0.43
P000977,C06529,reliable,499,insufficient_funds,2,13,32,2,0.13,0.87
P000978,C00044,occasionally_late,499,bank_error,1,4,16,1,1.54,0.58
P000979,C01192,reliable,499,authentication_failed,1,29,8,1,0.73,0.91
P000980,C00686,reliable,499,payment_method_issue,1,34,15,2,0.58,1.0
P000981,C07537,reliable,499,insufficient_funds,1,9,13,0,0.37,0.84
P000982,C07030,reliable,499,payment_method_issue,1,34,8,0,0.54,0.9
P000983,C04421,churn_risk,499,insufficient_funds,1,10,5,9,7.0,0.11
P000984,C05961,reliable,499,insufficient_funds,1,13,16,2,0.56,0.87
P000985,C08524,churn_risk,499,bank_error,1,4,3,5,13.96,0.25
P000986,C01822,occasionally_late,499,insufficient_funds,1,18,18,4,1.53,0.74
P000987,C02243,reliable,499,bank_error,1,20,34,1,0.66,0.9
P000988,C09280,reliable,499,authentication_failed,1,33,20,1,0.59,0.78
P000989,C08950,reliable,499,bank_error,2,30,7,0,0.42,0.9
P000990,C01547,reliable,499,authentication_failed,1,6,10,0,0.03,0.87
P000991,C08383,occasionally_late,499,insufficient_funds,1,15,6,1,2.55,0.51
P000992,C03788,reliable,499,authentication_failed,1,22,20,1,0.64,0.97
P000993,C08161,reliable,499,bank_error,1,26,26,0,0.44,0.76
P000994,C07891,reliable,499,authentication_failed,2,28,26,2,0.34,0.99
P000995,C05150,reliable,499,payment_method_issue,1,27,20,0,0.55,0.84
P000996,C09021,reliable,499,authentication_failed,1,16,32,2,0.46,0.73
P000997,C07583,reliable,499,authentication_failed,1,26,16,0,0.88,0.82
P000998,C04593,occasionally_late,499,authentication_failed,2,24,11,3,1.13,0.52
P000999,C00623,reliable,499,authentication_failed,1,22,26,2,0.05,0.97
P001000,C07397,churn_risk,499,authentication_failed,1,3,4,9,10.48,0.27
P001001,C04763,reliable,499,insufficient_funds,1,25,11,0,0.64,0.75
P001002,C06278,reliable,499,bank_error,1,7,32,1,0.74,0.73
P001003,C00711,frequent_failure,499,insufficient_funds,1,13,5,4,5.53,0.2
P001004,C07887,churn_risk,499,payment_method_issue,1,9,6,7,9.89,0.24
P001005,C00767,reliable,499,authentication_failed,2,22,36,0,0.2,0.71
P001006,C06689,occasionally_late,499,payment_method_issue,1,11,12,3,2.82,0.76
P001007,C04998,occasionally_late,499,insufficient_funds,2,17,11,3,1.26,0.69
P001008,C09979,reliable,499,insufficient_funds,2,12,32,2,0.38,0.88
P001009,C08591,reliable,499,bank_error,1,15,32,0,0.81,0.72
P001010,C01802,reliable,499,bank_error,1,32,14,2,0.01,0.87
P001011,C04305,occasionally_late,499,insufficient_funds,1,11,12,1,3.84,0.69
P001012,C04382,occasionally_late,499,insufficient_funds,1,7,8,3,3.11,0.54
P001013,C02397,reliable,499,bank_error,1,36,17,2,0.84,0.95
P001014,C04290,reliable,499,bank_error,2,21,31,0,0.91,0.7
P001015,C06124,reliable,499,insufficient_funds,1,34,35,0,0.26,0.79
P001016,C08353,reliable,499,bank_error,1,30,12,0,0.25,0.79
P001017,C04799,occasionally_late,499,payment_method_issue,1,5,17,3,1.56,0.51
P001018,C08938,frequent_failure,499,payment_method_issue,1,19,11,4,6.04,0.36
P001019,C05981,churn_risk,499,bank_error,2,8,6,8,9.58,0.06
P001020,C05377,reliable,499,payment_method_issue,1,13,12,1,0.35,0.77
P001021,C00533,frequent_failure,499,payment_method_issue,2,3,4,7,6.77,0.16
P001022,C03896,reliable,499,authentication_failed,1,28,7,2,0.29,0.87
P001023,C04411,churn_risk,499,bank_error,1,3,6,4,7.13,0.09
P001024,C07694,occasionally_late,499,bank_error,1,24,8,2,1.86,0.48
P001025,C06366,reliable,499,payment_method_issue,1,30,14,0,0.47,0.79
P001026,C03664,reliable,499,bank_error,1,30,11,1,0.02,0.8
P001027,C07111,occasionally_late,499,insufficient_funds,1,5,17,4,2.87,0.71
P001028,C01375,occasionally_late,499,payment_method_issue,1,21,12,2,1.26,0.77
P001029,C02632,reliable,499,payment_method_issue,1,19,34,1,0.09,0.83
P001030,C01552,occasionally_late,499,authentication_failed,1,5,10,2,1.29,0.6
P001031,C09778,occasionally_late,499,payment_method_issue,2,10,19,4,3.89,0.73
P001032,C08586,frequent_failure,499,authentication_failed,1,14,3,3,5.44,0.33
P001033,C00370,occasionally_late,499,payment_method_issue,1,5,13,2,2.01,0.77
P001034,C04323,frequent_failure,499,insufficient_funds,1,17,2,6,6.65,0.23
P001035,C06557,frequent_failure,499,bank_error,2,9,10,4,6.12,0.21
P001036,C01390,frequent_failure,499,insufficient_funds,1,6,11,6,6.08,0.29
P001037,C09989,reliable,499,payment_method_issue,2,6,36,1,0.86,0.77
P001038,C08561,churn_risk,499,bank_error,1,3,6,5,13.39,0.23
P001039,C02821,churn_risk,499,payment_method_issue,1,8,0,8,8.3,0.19
P001040,C08978,churn_risk,499,authentication_failed,1,8,2,6,14.32,0.15
P001041,C09825,reliable,499,bank_error,1,13,14,0,0.99,0.76
P001042,C05816,occasionally_late,499,bank_error,1,8,19,2,3.37,0.61
P001043,C05136,occasionally_late,499,insufficient_funds,1,10,4,4,1.99,0.63
P001044,C05445,occasionally_late,499,authentication_failed,2,16,8,2,3.18,0.76
P001045,C02167,frequent_failure,499,bank_error,1,14,3,7,6.74,0.43
P001046,C06501,frequent_failure,499,insufficient_funds,1,7,11,7,3.4,0.24
P001047,C07782,occasionally_late,499,payment_method_issue,1,21,7,3,3.99,0.47
P001048,C06222,reliable,499,payment_method_issue,1,9,22,2,0.37,0.89
P001049,C04877,occasionally_late,499,bank_error,1,21,10,1,3.15,0.65
P001050,C00459,reliable,499,insufficient_funds,1,13,19,2,0.45,0.84
P001051,C08247,churn_risk,499,insufficient_funds,1,6,5,7,8.62,0.07
P001052,C01635,reliable,499,authentication_failed,1,14,17,1,0.56,0.84
P001053,C09021,reliable,499,authentication_failed,2,16,32,2,0.46,0.73
P001054,C00467,frequent_failure,499,authentication_failed,1,16,7,7,7.15,0.16
P001055,C07831,churn_risk,499,bank_error,2,10,5,6,7.91,0.15
P001056,C05405,reliable,499,bank_error,1,25,32,2,0.46,0.97
P001057,C08988,occasionally_late,499,insufficient_funds,1,16,18,4,2.75,0.77
P001058,C03994,reliable,499,bank_error,1,18,23,1,0.24,0.72
P001059,C01959,reliable,499,authentication_failed,1,36,30,0,0.27,0.91
P001060,C00010,frequent_failure,499,bank_error,1,5,1,6,3.91,0.41
P001061,C03530,reliable,499,payment_method_issue,1,26,25,2,0.36,0.75
P001062,C04311,reliable,499,bank_error,1,24,36,2,0.54,0.94
P001063,C05225,occasionally_late,499,payment_method_issue,1,12,19,1,2.83,0.61
P001064,C09559,frequent_failure,499,bank_error,2,17,1,6,6.5,0.22
P001065,C04354,reliable,499,insufficient_funds,1,29,10,0,0.98,0.95
P001066,C02332,occasionally_late,499,bank_error,2,20,17,2,2.97,0.58
P001067,C03272,reliable,499,authentication_failed,1,16,16,1,0.63,0.79
P001068,C04915,reliable,499,authentication_failed,1,7,11,2,0.9,0.74
P001069,C04231,churn_risk,499,bank_error,2,1,6,4,10.78,0.3
P001070,C09853,frequent_failure,499,authentication_failed,1,9,8,4,5.81,0.49
P001071,C06952,occasionally_late,499,authentication_failed,1,6,18,1,2.6,0.78
P001072,C03997,churn_risk,499,insufficient_funds,2,5,4,6,12.27,0.14
P001073,C00635,reliable,499,authentication_failed,1,30,6,1,0.16,0.75
P001074,C07494,churn_risk,499,insufficient_funds,1,5,6,8,11.71,0.29
P001075,C01586,reliable,499,payment_method_issue,1,8,21,2,0.39,0.79
P001076,C07467,occasionally_late,499,insufficient_funds,2,24,7,1,2.41,0.76
P001077,C05081,reliable,499,insufficient_funds,1,21,23,0,0.89,0.89
P001078,C01740,reliable,499,payment_method_issue,1,25,28,1,0.16,0.96
P001079,C03521,reliable,499,bank_error,1,14,7,1,0.9,0.89
P001080,C06068,reliable,499,authentication_failed,1,6,11,0,0.1,0.73
P001081,C03936,reliable,499,bank_error,2,17,8,1,0.07,0.92
P001082,C00352,reliable,499,bank_error,1,15,28,1,0.19,0.89
P001083,C08319,reliable,499,bank_error,2,23,30,1,0.4,0.91
P001084,C07116,occasionally_late,499,insufficient_funds,1,22,3,3,3.38,0.73
P001085,C07398,reliable,499,bank_error,1,9,20,1,0.32,0.82
P001086,C02077,churn_risk,499,insufficient_funds,2,1,5,5,14.74,0.06
P001087,C09441,frequent_failure,499,insufficient_funds,2,8,11,3,4.21,0.31
P001088,C04297,reliable,499,payment_method_issue,1,14,23,1,1.0,0.75
P001089,C09457,reliable,499,insufficient_funds,1,18,8,1,0.76,0.97
P001090,C06760,occasionally_late,499,insufficient_funds,1,22,6,3,1.72,0.6
P001091,C02875,occasionally_late,499,insufficient_funds,1,11,13,4,2.91,0.76
P001092,C05205,churn_risk,499,insufficient_funds,1,7,3,5,8.12,0.16
P001093,C00605,reliable,499,bank_error,2,21,14,2,0.68,0.72
P001094,C05092,reliable,499,insufficient_funds,1,11,34,2,0.54,0.89
P001095,C06469,frequent_failure,499,payment_method_issue,1,12,3,7,7.91,0.16
P001096,C04073,reliable,499,bank_error,1,13,26,2,0.12,0.7
P001097,C05803,reliable,499,authentication_failed,1,24,12,1,0.54,0.8
P001098,C06842,occasionally_late,499,insufficient_funds,1,15,17,1,1.32,0.71
P001099,C06498,reliable,499,payment_method_issue,1,13,16,1,0.48,0.72
P001100,C05976,occasionally_late,499,authentication_failed,1,16,15,1,3.43,0.72
P001101,C00308,reliable,499,payment_method_issue,1,7,19,0,0.62,0.86
P001102,C07755,reliable,499,bank_error,1,16,24,2,0.47,0.93
P001103,C08758,reliable,499,authentication_failed,1,32,31,1,0.81,0.97
P001104,C06891,reliable,499,bank_error,2,31,34,2,0.14,0.95
P001105,C07514,reliable,499,payment_method_issue,1,22,19,0,0.63,0.89
P001106,C09146,frequent_failure,499,authentication_failed,1,8,6,5,7.1,0.4
P001107,C00361,reliable,499,payment_method_issue,1,17,6,2,0.68,0.71
P001108,C08166,frequent_failure,499,insufficient_funds,1,14,10,6,6.64,0.19
P001109,C01341,reliable,499,payment_method_issue,1,18,21,0,0.25,0.87
P001110,C06181,reliable,499,payment_method_issue,1,26,30,2,0.71,0.96
P001111,C09950,occasionally_late,499,bank_error,2,17,14,1,2.3,0.46
P001112,C07955,reliable,499,payment_method_issue,2,10,23,2,0.36,0.9
P001113,C07985,occasionally_late,499,bank_error,1,12,3,3,1.43,0.48
P001114,C04948,reliable,499,payment_method_issue,1,32,7,1,0.52,0.99
P001115,C09657,occasionally_late,499,bank_error,1,12,18,4,3.15,0.74
P001116,C05391,reliable,499,authentication_failed,1,7,12,2,0.05,0.94
P001117,C01332,frequent_failure,499,insufficient_funds,1,3,2,3,6.2,0.27
P001118,C03713,occasionally_late,499,insufficient_funds,2,14,12,2,1.38,0.73
P001119,C02925,reliable,499,insufficient_funds,2,35,21,2,0.66,0.71
P001120,C05085,reliable,499,insufficient_funds,1,6,28,0,0.39,0.98
P001121,C00623,reliable,499,insufficient_funds,1,22,26,2,0.05,0.97
P001122,C02309,occasionally_late,499,insufficient_funds,1,13,15,4,2.45,0.78
P001123,C09476,reliable,499,bank_error,1,28,30,2,0.71,0.74
P001124,C09026,reliable,499,bank_error,1,11,18,2,0.29,0.91
P001125,C06985,reliable,499,authentication_failed,1,29,21,1,0.24,0.89
P001126,C00979,reliable,499,bank_error,2,29,6,0,0.23,0.95
P001127,C00015,reliable,499,bank_error,1,12,14,0,0.2,0.7
P001128,C00120,reliable,499,authentication_failed,1,6,10,0,0.36,0.97
P001129,C08289,frequent_failure,499,insufficient_funds,1,4,5,4,6.23,0.2
P001130,C04048,occasionally_late,499,authentication_failed,1,23,17,4,2.39,0.48
P001131,C05985,churn_risk,499,payment_method_issue,1,11,3,5,7.61,0.13
P001132,C09597,reliable,499,bank_error,1,30,19,2,0.14,0.87
P001133,C08240,occasionally_late,499,bank_error,1,4,9,1,3.3,0.51
P001134,C02740,churn_risk,499,payment_method_issue,1,5,1,4,10.6,0.2
P001135,C04634,reliable,499,payment_method_issue,1,34,28,2,0.0,0.79
P001136,C05742,reliable,499,bank_error,1,29,11,0,0.73,0.89
P001137,C02463,reliable,499,bank_error,1,34,36,1,0.08,0.89
P001138,C09118,occasionally_late,499,insufficient_funds,1,15,7,2,2.96,0.68
P001139,C06708,frequent_failure,499,authentication_failed,2,14,1,7,6.22,0.4
P001140,C05929,occasionally_late,499,bank_error,1,20,19,1,3.02,0.63
P001141,C04545,reliable,499,bank_error,2,29,29,0,0.9,0.95
P001142,C02452,occasionally_late,499,authentication_failed,1,23,11,3,3.72,0.52
P001143,C08172,frequent_failure,499,insufficient_funds,1,10,8,5,4.92,0.47
P001144,C07751,occasionally_late,499,authentication_failed,1,8,14,4,2.02,0.8
P001145,C00258,churn_risk,499,insufficient_funds,1,6,5,7,12.02,0.19
P001146,C08226,reliable,499,insufficient_funds,1,16,17,0,0.93,0.77
P001147,C04627,churn_risk,499,payment_method_issue,1,6,3,8,11.61,0.08
P001148,C04252,reliable,499,insufficient_funds,1,24,31,1,0.14,0.87
P001149,C05932,reliable,499,bank_error,2,30,16,2,0.7,0.85
P001150,C09227,occasionally_late,499,bank_error,1,5,19,1,3.47,0.51
P001151,C09143,reliable,499,authentication_failed,1,12,8,2,0.2,0.72
P001152,C05151,reliable,499,authentication_failed,1,34,9,2,0.55,0.9
P001153,C05653,reliable,499,payment_method_issue,2,14,11,1,0.68,0.72
P001154,C09023,occasionally_late,499,insufficient_funds,2,4,13,4,3.7,0.79
P001155,C07162,churn_risk,499,payment_method_issue,1,8,2,4,12.9,0.26
P001156,C05417,reliable,499,bank_error,1,10,22,0,0.7,0.87
P001157,C04116,reliable,499,authentication_failed,1,33,10,1,0.88,0.9
P001158,C02548,occasionally_late,499,insufficient_funds,1,10,17,1,1.76,0.58
P001159,C05443,occasionally_late,499,payment_method_issue,1,9,9,1,2.69,0.5
P001160,C02202,churn_risk,499,insufficient_funds,1,11,2,7,7.61,0.19
P001161,C05689,reliable,499,bank_error,1,28,18,2,0.03,0.91
P001162,C07418,occasionally_late,499,bank_error,1,20,4,2,1.63,0.56
P001163,C05925,frequent_failure,499,bank_error,1,3,3,6,6.73,0.32
P001164,C06117,occasionally_late,499,bank_error,1,5,5,4,1.17,0.72
P001165,C09326,frequent_failure,499,authentication_failed,1,19,5,6,6.07,0.43
P001166,C02919,reliable,499,insufficient_funds,1,16,16,0,0.52,0.99
P001167,C05974,reliable,499,insufficient_funds,1,12,11,1,0.25,0.82
P001168,C09388,reliable,499,bank_error,2,24,31,1,0.84,0.7
P001169,C06142,reliable,499,bank_error,2,15,17,0,0.23,0.78
P001170,C09572,reliable,499,payment_method_issue,1,29,22,2,0.56,0.75
P001171,C05029,reliable,499,bank_error,1,23,6,0,0.55,0.74
P001172,C03945,occasionally_late,499,payment_method_issue,1,8,4,3,3.08,0.52
P001173,C05364,occasionally_late,499,authentication_failed,2,23,19,1,1.16,0.73
P001174,C07856,reliable,499,payment_method_issue,1,22,28,1,0.93,0.95
P001175,C08868,reliable,499,payment_method_issue,1,15,16,0,0.09,0.86
P001176,C04763,reliable,499,bank_error,1,25,11,0,0.64,0.75
P001177,C03189,frequent_failure,499,insufficient_funds,2,14,8,4,3.84,0.15
P001178,C00723,occasionally_late,499,bank_error,1,9,16,4,3.39,0.58
P001179,C01775,occasionally_late,499,payment_method_issue,1,22,14,4,3.16,0.63
P001180,C01788,reliable,499,bank_error,2,35,7,2,0.98,0.85
P001181,C09848,reliable,499,insufficient_funds,2,31,26,1,0.11,0.75
P001182,C04091,frequent_failure,499,bank_error,1,14,7,3,7.85,0.49
P001183,C05777,occasionally_late,499,payment_method_issue,1,6,15,3,2.22,0.52
P001184,C02264,reliable,499,bank_error,1,35,20,2,0.21,0.8
P001185,C02517,frequent_failure,499,payment_method_issue,2,17,3,5,5.02,0.16
P001186,C06348,reliable,499,insufficient_funds,2,36,36,1,0.31,0.93
P001187,C01897,reliable,499,bank_error,2,27,27,1,0.39,0.91
P001188,C00882,reliable,499,bank_error,1,21,19,0,0.17,0.72
P001189,C08093,occasionally_late,499,insufficient_funds,2,18,7,4,3.54,0.55
P001190,C01264,reliable,499,bank_error,1,14,29,2,0.39,0.99
P001191,C05647,reliable,499,bank_error,2,16,22,2,0.58,0.81
P001192,C09430,churn_risk,499,authentication_failed,1,10,5,8,7.9,0.25
P001193,C04145,occasionally_late,499,bank_error,1,19,8,2,3.39,0.57
P001194,C08485,reliable,499,authentication_failed,1,32,28,0,0.59,0.92
P001195,C05218,occasionally_late,499,insufficient_funds,1,8,12,1,1.77,0.67
P001196,C09798,reliable,499,payment_method_issue,1,27,8,0,0.5,0.94
P001197,C03626,reliable,499,bank_error,2,7,30,2,0.81,0.99
P001198,C03035,reliable,499,payment_method_issue,1,33,27,0,0.86,0.73
P001199,C01083,reliable,499,payment_method_issue,1,16,19,1,0.27,0.74
P001200,C05392,reliable,499,bank_error,2,24,13,2,0.03,0.96
P001201,C01248,reliable,499,bank_error,1,18,26,2,0.93,0.73
P001202,C01358,frequent_failure,499,payment_method_issue,2,4,9,6,3.32,0.36
P001203,C06569,reliable,499,bank_error,1,34,14,1,0.5,0.83
P001204,C06159,reliable,499,bank_error,1,36,33,0,0.58,0.71
P001205,C06903,reliable,499,bank_error,1,23,24,0,0.23,0.85
P001206,C08206,reliable,499,authentication_failed,1,20,15,1,0.39,0.75
P001207,C02211,reliable,499,bank_error,2,14,12,2,0.75,0.86
P001208,C09503,churn_risk,499,insufficient_funds,1,9,6,4,7.42,0.23
P001209,C07591,reliable,499,authentication_failed,1,36,12,2,0.16,0.9
P001210,C02798,occasionally_late,499,payment_method_issue,1,7,18,1,3.58,0.5
P001211,C07859,frequent_failure,499,bank_error,2,16,10,5,5.54,0.43
P001212,C01104,occasionally_late,499,bank_error,1,5,18,1,2.66,0.55
P001213,C01851,frequent_failure,499,bank_error,1,5,3,5,4.65,0.34
P001214,C02156,reliable,499,bank_error,1,19,31,0,0.09,1.0
P001215,C09505,reliable,499,bank_error,1,34,8,0,0.89,0.76
P001216,C00099,reliable,499,insufficient_funds,2,10,14,2,0.7,0.86
P001217,C02763,reliable,499,bank_error,1,14,7,0,0.38,0.78
P001218,C08808,occasionally_late,499,insufficient_funds,1,22,13,1,1.0,0.64
P001219,C07857,reliable,499,payment_method_issue,1,19,19,0,0.68,0.98
P001220,C03129,reliable,499,bank_error,1,14,11,0,0.21,0.87
P001221,C06459,occasionally_late,499,insufficient_funds,1,23,17,4,3.88,0.62
P001222,C03798,churn_risk,499,authentication_failed,1,3,1,5,7.98,0.07
P001223,C01816,occasionally_late,499,payment_method_issue,1,22,11,1,2.36,0.7
P001224,C09643,reliable,499,bank_error,1,17,15,0,0.21,0.84
P001225,C07845,reliable,499,insufficient_funds,1,35,31,2,0.71,0.71
P001226,C01775,occasionally_late,499,payment_method_issue,1,22,14,4,3.16,0.63
P001227,C06021,occasionally_late,499,bank_error,1,18,18,1,1.67,0.59
P001228,C04564,occasionally_late,499,insufficient_funds,1,4,13,3,1.35,0.65
P001229,C03670,occasionally_late,499,payment_method_issue,1,22,10,3,1.19,0.52
P001230,C07057,reliable,499,authentication_failed,1,30,27,0,0.28,0.96
P001231,C08504,reliable,499,payment_method_issue,2,28,33,1,0.59,0.85
P001232,C06383,occasionally_late,499,bank_error,1,13,9,1,2.64,0.71
P001233,C01890,occasionally_late,499,bank_error,1,20,12,1,2.22,0.53
P001234,C02315,reliable,499,authentication_failed,1,8,12,2,0.14,0.91
P001235,C08673,occasionally_late,499,insufficient_funds,2,10,10,2,3.76,0.58
P001236,C05721,churn_risk,499,bank_error,1,3,3,7,6.74,0.07
P001237,C06989,reliable,499,bank_error,2,28,17,2,0.72,0.77
P001238,C03384,reliable,499,bank_error,2,21,17,2,0.82,0.76
P001239,C01739,reliable,499,bank_error,1,17,17,1,0.11,0.83
P001240,C00037,churn_risk,499,payment_method_issue,1,1,2,7,12.35,0.1
P001241,C05497,occasionally_late,499,payment_method_issue,1,15,18,4,2.65,0.71
P001242,C06278,reliable,499,authentication_failed,2,7,32,1,0.74,0.73
P001243,C01947,reliable,499,authentication_failed,1,8,31,1,0.29,0.79
P001244,C09811,reliable,499,bank_error,1,23,18,2,0.17,0.81
P001245,C03789,occasionally_late,499,insufficient_funds,2,6,14,2,3.72,0.46
P001246,C00624,reliable,499,bank_error,1,6,30,1,0.27,0.77
P001247,C01579,reliable,499,payment_method_issue,1,16,10,1,0.57,0.82
P001248,C03510,churn_risk,499,authentication_failed,1,4,0,5,8.18,0.18
P001249,C06980,occasionally_late,499,bank_error,1,22,7,3,1.17,0.7
P001250,C00112,reliable,499,insufficient_funds,2,11,23,1,0.64,0.87
P001251,C07196,reliable,499,payment_method_issue,1,33,13,2,0.81,0.73
P001252,C07272,occasionally_late,499,bank_error,1,9,8,2,2.9,0.79
P001253,C07371,frequent_failure,499,authentication_failed,1,9,4,5,5.75,0.48
P001254,C03868,reliable,499,payment_method_issue,2,15,34,1,0.85,0.93
P001255,C00920,occasionally_late,499,bank_error,1,8,17,2,3.35,0.77
P001256,C07741,occasionally_late,499,authentication_failed,1,19,17,3,1.28,0.55
P001257,C09837,reliable,499,payment_method_issue,2,31,20,2,0.49,0.92
P001258,C03910,reliable,499,bank_error,1,15,9,1,0.46,1.0
P001259,C04939,frequent_failure,499,insufficient_funds,1,13,3,3,3.96,0.3
P001260,C00284,reliable,499,authentication_failed,1,22,29,2,0.87,0.76
P001261,C04096,reliable,499,bank_error,1,27,13,2,0.94,0.93
P001262,C09084,occasionally_late,499,bank_error,1,4,16,3,2.92,0.52
P001263,C02604,occasionally_late,499,payment_method_issue,1,17,9,3,3.84,0.49
P001264,C08549,reliable,499,bank_error,2,17,26,1,0.11,0.72
P001265,C02194,occasionally_late,499,bank_error,1,24,7,1,1.69,0.45
P001266,C09556,reliable,499,payment_method_issue,1,14,28,1,0.67,0.78
P001267,C00893,frequent_failure,499,payment_method_issue,1,5,8,7,6.09,0.35
P001268,C01481,occasionally_late,499,insufficient_funds,2,11,13,2,2.81,0.49
P001269,C04575,reliable,499,authentication_failed,1,11,10,2,0.89,0.77
P001270,C00477,reliable,499,bank_error,1,8,33,2,0.76,0.73
P001271,C07374,reliable,499,payment_method_issue,1,35,25,0,0.08,0.99
P001272,C00278,reliable,499,payment_method_issue,2,29,12,0,0.66,0.73
P001273,C06604,frequent_failure,499,payment_method_issue,1,5,7,3,3.76,0.21
P001274,C08666,reliable,499,payment_method_issue,1,33,12,1,0.98,0.83
P001275,C08439,occasionally_late,499,payment_method_issue,1,16,19,1,3.67,0.5
P001276,C01881,occasionally_late,499,payment_method_issue,2,22,8,1,1.58,0.55
P001277,C04137,occasionally_late,499,payment_method_issue,2,22,14,3,2.32,0.55
P001278,C04607,reliable,499,bank_error,1,12,33,0,0.81,0.81
P001279,C09770,reliable,499,bank_error,1,31,18,0,0.69,0.84
P001280,C08621,reliable,499,payment_method_issue,1,6,25,1,0.21,0.78
P001281,C03049,reliable,499,authentication_failed,1,18,33,2,0.52,0.78
P001282,C09035,occasionally_late,499,payment_method_issue,2,9,5,4,1.02,0.75
P001283,C04200,frequent_failure,499,payment_method_issue,1,3,4,4,7.81,0.16
P001284,C03133,occasionally_late,499,bank_error,1,5,12,3,2.78,0.73
P001285,C06129,reliable,499,payment_method_issue,1,20,36,1,0.04,0.85
P001286,C06867,reliable,499,bank_error,1,23,15,1,0.07,0.94
P001287,C01703,reliable,499,authentication_failed,1,17,25,0,0.91,0.92
P001288,C00048,occasionally_late,499,bank_error,1,4,7,4,3.17,0.55
P001289,C05850,reliable,499,bank_error,2,35,29,1,0.83,0.78
P001290,C05949,occasionally_late,499,insufficient_funds,1,11,10,1,3.62,0.77
P001291,C00359,frequent_failure,499,insufficient_funds,2,10,5,6,6.19,0.38
P001292,C08858,occasionally_late,499,authentication_failed,1,19,13,3,3.53,0.74
P001293,C04293,occasionally_late,499,bank_error,1,17,18,4,2.7,0.76
P001294,C02506,churn_risk,499,authentication_failed,1,11,4,6,14.9,0.24
P001295,C05658,reliable,499,authentication_failed,1,34,26,0,0.21,0.92
P001296,C06560,churn_risk,499,authentication_failed,1,2,1,9,9.92,0.17
P001297,C03454,frequent_failure,499,payment_method_issue,2,12,2,5,7.16,0.24
P001298,C09952,occasionally_late,499,payment_method_issue,2,6,5,1,2.54,0.67
P001299,C01133,occasionally_late,499,insufficient_funds,2,8,12,3,3.07,0.55
P001300,C06865,reliable,499,payment_method_issue,2,19,22,1,0.59,0.87
P001301,C07775,occasionally_late,499,payment_method_issue,1,16,7,3,3.81,0.8
P001302,C06047,frequent_failure,499,bank_error,1,5,10,7,6.24,0.42
P001303,C04077,reliable,499,bank_error,2,34,19,0,0.53,0.73
P001304,C08927,reliable,499,insufficient_funds,1,14,23,1,0.1,0.94
P001305,C03524,reliable,499,payment_method_issue,1,12,20,1,0.19,0.92
P001306,C00417,occasionally_late,499,payment_method_issue,1,6,10,4,2.62,0.62
P001307,C01760,churn_risk,499,insufficient_funds,1,10,2,7,8.85,0.23
P001308,C07876,reliable,499,insufficient_funds,1,16,12,1,0.95,0.8
P001309,C09110,churn_risk,499,insufficient_funds,2,11,2,7,13.32,0.27
P001310,C00821,reliable,499,payment_method_issue,1,25,12,1,0.43,0.86
P001311,C07229,occasionally_late,499,payment_method_issue,1,9,6,2,1.46,0.58
P001312,C01926,reliable,499,authentication_failed,1,26,21,1,0.34,0.7
P001313,C00610,reliable,499,insufficient_funds,1,15,7,0,0.74,0.89
P001314,C04165,frequent_failure,499,bank_error,1,15,7,5,3.17,0.3
P001315,C06606,reliable,499,bank_error,1,17,36,0,0.11,0.9
P001316,C07583,reliable,499,payment_method_issue,2,26,16,0,0.88,0.82
P001317,C08406,occasionally_late,499,payment_method_issue,1,22,4,3,3.39,0.58
P001318,C01668,frequent_failure,499,payment_method_issue,2,5,8,4,4.04,0.16
P001319,C06504,occasionally_late,499,bank_error,1,19,4,1,2.36,0.67
P001320,C03934,reliable,499,payment_method_issue,1,28,28,1,0.23,0.83
P001321,C09900,frequent_failure,499,bank_error,1,6,6,5,6.99,0.2
P001322,C09079,frequent_failure,499,payment_method_issue,1,13,8,7,7.3,0.34
P001323,C04109,churn_risk,499,bank_error,2,10,3,6,10.36,0.18
P001324,C03144,reliable,499,insufficient_funds,2,19,32,0,0.4,0.99
P001325,C06061,frequent_failure,499,bank_error,1,14,4,5,6.98,0.21
P001326,C05921,occasionally_late,499,bank_error,1,19,15,3,2.46,0.5
P001327,C04592,reliable,499,bank_error,1,32,30,0,0.4,0.82
P001328,C06279,frequent_failure,499,insufficient_funds,1,8,6,6,5.54,0.29
P001329,C01242,reliable,499,insufficient_funds,1,19,17,1,0.8,0.94
P001330,C01747,reliable,499,bank_error,1,17,15,0,0.26,0.7
P001331,C08585,frequent_failure,499,insufficient_funds,1,17,7,6,3.91,0.18
P001332,C05037,occasionally_late,499,bank_error,1,6,11,3,3.54,0.47
P001333,C08615,reliable,499,bank_error,2,19,9,1,0.22,0.83
P001334,C01238,reliable,499,payment_method_issue,2,13,14,0,0.99,0.72
P001335,C06372,reliable,499,bank_error,1,8,28,1,0.72,0.9
P001336,C05701,frequent_failure,499,bank_error,1,6,2,4,3.31,0.31
P001337,C01683,reliable,499,insufficient_funds,1,34,25,2,0.4,0.92
P001338,C00411,reliable,499,insufficient_funds,2,6,15,0,0.14,0.9
P001339,C05086,occasionally_late,499,bank_error,1,11,12,4,3.27,0.51
P001340,C07963,reliable,499,payment_method_issue,1,13,29,0,0.26,0.85
P001341,C00263,occasionally_late,499,insufficient_funds,1,12,14,4,3.84,0.67
P001342,C01064,reliable,499,payment_method_issue,2,26,23,2,0.28,0.78
P001343,C00813,reliable,499,payment_method_issue,1,15,12,1,0.6,0.85
P001344,C06907,occasionally_late,499,insufficient_funds,1,10,12,2,2.24,0.66
P001345,C04224,frequent_failure,499,payment_method_issue,1,7,5,5,5.76,0.48
P001346,C03390,reliable,499,bank_error,1,35,22,2,0.29,0.84
P001347,C05778,occasionally_late,499,insufficient_funds,1,12,18,2,2.36,0.73
P001348,C08761,frequent_failure,499,payment_method_issue,1,19,10,7,3.9,0.46
P001349,C03604,frequent_failure,499,bank_error,1,17,9,5,5.8,0.38
P001350,C01451,reliable,499,authentication_failed,1,33,18,1,0.9,0.99
P001351,C05884,frequent_failure,499,insufficient_funds,1,8,6,3,4.36,0.21
P001352,C06487,reliable,499,bank_error,1,30,21,0,0.99,0.92
P001353,C06750,reliable,499,bank_error,1,15,26,2,0.25,0.73
P001354,C04073,reliable,499,authentication_failed,1,13,26,2,0.12,0.7
P001355,C08029,occasionally_late,499,insufficient_funds,1,20,11,3,2.12,0.52
P001356,C00993,reliable,499,payment_method_issue,2,9,34,1,0.96,0.83
P001357,C04933,reliable,499,payment_method_issue,1,35,7,0,0.21,0.71
P001358,C04188,occasionally_late,499,bank_error,2,13,17,4,3.6,0.63
P001359,C01192,reliable,499,payment_method_issue,1,29,8,1,0.73,0.91
P001360,C04992,reliable,499,bank_error,2,32,22,1,0.66,0.8
P001361,C07836,occasionally_late,499,payment_method_issue,1,5,14,3,3.8,0.78
P001362,C08457,frequent_failure,499,bank_error,1,18,7,7,3.99,0.43
P001363,C00292,reliable,499,authentication_failed,1,7,6,2,0.98,0.81
P001364,C08131,frequent_failure,499,insufficient_funds,1,17,11,7,6.7,0.23
P001365,C06315,occasionally_late,499,bank_error,2,8,16,3,2.74,0.7
P001366,C04059,frequent_failure,499,insufficient_funds,1,13,10,7,3.23,0.2
P001367,C07115,reliable,499,payment_method_issue,1,23,14,2,0.95,0.75
P001368,C00264,frequent_failure,499,insufficient_funds,1,17,11,5,7.47,0.34
P001369,C01852,churn_risk,499,insufficient_funds,1,8,5,8,11.35,0.18
P001370,C07793,occasionally_late,499,bank_error,2,5,3,1,1.62,0.56
P001371,C00389,reliable,499,payment_method_issue,1,35,31,1,0.21,0.95
P001372,C06634,occasionally_late,499,insufficient_funds,2,21,7,3,2.96,0.78
P001373,C08561,churn_risk,499,authentication_failed,1,3,6,5,13.39,0.23
P001374,C06822,churn_risk,499,insufficient_funds,1,6,2,7,9.63,0.09
P001375,C05020,reliable,499,authentication_failed,1,6,17,2,0.56,0.81
P001376,C06005,reliable,499,authentication_failed,1,19,15,1,0.18,0.82
P001377,C01286,churn_risk,499,insufficient_funds,1,11,6,7,13.57,0.22
P001378,C05790,reliable,499,bank_error,1,16,23,0,0.23,0.87
P001379,C01663,reliable,499,bank_error,1,19,16,2,0.13,0.97
P001380,C04904,occasionally_late,499,authentication_failed,1,12,11,3,3.14,0.5
P001381,C09118,occasionally_late,499,payment_method_issue,2,15,7,2,2.96,0.68
P001382,C00411,reliable,499,payment_method_issue,1,6,15,0,0.14,0.9
P001383,C02258,occasionally_late,499,insufficient_funds,1,6,17,1,2.59,0.76
P001384,C01739,reliable,499,bank_error,2,17,17,1,0.11,0.83
P001385,C01528,reliable,499,authentication_failed,1,21,20,1,0.81,0.88
P001386,C04455,occasionally_late,499,insufficient_funds,1,5,8,1,3.33,0.61
P001387,C04872,reliable,499,payment_method_issue,2,8,35,2,0.31,0.96
P001388,C01771,occasionally_late,499,insufficient_funds,1,10,18,3,3.54,0.57
P001389,C04656,reliable,499,payment_method_issue,2,27,34,0,0.7,0.96
P001390,C03188,reliable,499,insufficient_funds,2,19,11,1,0.46,0.75
P001391,C00708,reliable,499,payment_method_issue,1,33,15,2,0.37,0.81
P001392,C09918,reliable,499,bank_error,1,6,16,0,0.19,0.87
P001393,C01806,reliable,499,bank_error,1,14,30,1,0.55,0.7
P001394,C06411,reliable,499,payment_method_issue,1,25,21,1,0.21,0.72
P001395,C09116,occasionally_late,499,bank_error,1,14,8,2,1.66,0.66
P001396,C07848,occasionally_late,499,payment_method_issue,1,18,12,3,3.89,0.61
P001397,C06955,occasionally_late,499,insufficient_funds,2,17,9,4,2.78,0.68
P001398,C02256,frequent_failure,499,insufficient_funds,1,8,8,4,6.51,0.48
P001399,C08638,reliable,499,authentication_failed,1,8,29,0,0.64,0.83
P001400,C07250,frequent_failure,499,insufficient_funds,1,10,7,6,3.99,0.42
P001401,C06491,occasionally_late,499,authentication_failed,1,22,12,4,2.08,0.75
P001402,C08644,reliable,499,bank_error,1,27,16,0,0.37,0.72
P001403,C08049,occasionally_late,499,insufficient_funds,1,24,16,2,3.49,0.56
P001404,C07724,reliable,499,bank_error,1,11,26,0,0.3,0.98
P001405,C07932,occasionally_late,499,bank_error,1,23,4,2,2.6,0.54
P001406,C07013,reliable,499,insufficient_funds,1,20,33,1,0.5,0.83
P001407,C07327,occasionally_late,499,authentication_failed,1,11,16,4,3.23,0.65
P001408,C04152,reliable,499,bank_error,1,34,34,1,0.12,0.76
P001409,C02894,occasionally_late,499,insufficient_funds,1,24,13,2,1.37,0.48
P001410,C09839,frequent_failure,499,insufficient_funds,2,3,5,6,6.45,0.33
P001411,C03178,frequent_failure,499,bank_error,1,7,11,6,4.49,0.35
P001412,C07829,reliable,499,payment_method_issue,2,33,33,2,0.01,0.92
P001413,C02217,reliable,499,bank_error,1,11,12,2,0.49,0.76
P001414,C06380,occasionally_late,499,insufficient_funds,1,23,19,3,2.57,0.65
P001415,C06515,occasionally_late,499,authentication_failed,1,23,3,1,3.52,0.55
P001416,C02929,reliable,499,payment_method_issue,1,13,36,0,0.14,0.77
P001417,C04861,frequent_failure,499,bank_error,1,15,11,5,3.45,0.42
P001418,C06693,reliable,499,authentication_failed,1,29,14,0,0.8,0.72
P001419,C01157,reliable,499,payment_method_issue,1,14,35,0,0.0,0.75
P001420,C04570,reliable,499,authentication_failed,1,34,27,2,0.54,0.8
P001421,C08885,churn_risk,499,insufficient_funds,1,7,1,7,9.55,0.07
P001422,C06241,reliable,499,bank_error,1,8,17,2,0.56,0.92
P001423,C02641,reliable,499,payment_method_issue,1,11,15,1,0.06,0.75
P001424,C09545,reliable,499,bank_error,2,14,29,2,0.09,0.96
P001425,C02514,churn_risk,499,insufficient_funds,2,11,4,9,7.01,0.27
P001426,C05779,reliable,499,authentication_failed,1,15,23,2,0.42,0.96
P001427,C08900,occasionally_late,499,bank_error,1,9,13,3,3.58,0.75
P001428,C03886,reliable,499,authentication_failed,1,19,26,0,0.22,0.8
P001429,C00128,occasionally_late,499,bank_error,1,20,15,4,2.42,0.57
P001430,C05359,reliable,499,payment_method_issue,1,9,6,1,0.42,0.84
P001431,C00922,occasionally_late,499,authentication_failed,2,7,9,2,2.02,0.47
P001432,C07609,frequent_failure,499,payment_method_issue,1,8,9,4,4.66,0.28
P001433,C08470,occasionally_late,499,bank_error,1,21,10,3,1.01,0.78
P001434,C09049,reliable,499,authentication_failed,2,18,28,0,0.08,0.75
P001435,C02650,occasionally_late,499,payment_method_issue,2,20,19,4,2.67,0.74
P001436,C00520,frequent_failure,499,payment_method_issue,1,4,11,3,6.74,0.26
P001437,C01677,reliable,499,authentication_failed,1,18,32,2,0.01,0.96
P001438,C04926,reliable,499,payment_method_issue,2,31,27,0,0.58,0.95
P001439,C01546,reliable,499,payment_method_issue,2,16,24,0,0.69,0.8
P001440,C03138,reliable,499,payment_method_issue,1,16,31,0,0.62,0.85
P001441,C07185,reliable,499,insufficient_funds,2,7,24,1,0.01,0.96
P001442,C04410,churn_risk,499,payment_method_issue,1,7,0,4,7.92,0.06
P001443,C08943,reliable,499,authentication_failed,1,9,13,2,0.89,0.74
P001444,C09688,reliable,499,bank_error,2,21,24,0,0.57,0.93
P001445,C02670,reliable,499,bank_error,2,27,22,0,0.23,0.78
P001446,C00146,reliable,499,authentication_failed,2,18,15,0,0.68,0.84
P001447,C05013,occasionally_late,499,payment_method_issue,1,24,16,2,3.34,0.68
P001448,C08470,occasionally_late,499,authentication_failed,1,21,10,3,1.01,0.78
P001449,C05467,reliable,499,bank_error,1,14,18,0,0.59,0.92
P001450,C02968,reliable,499,bank_error,1,32,25,0,0.9,0.99
P001451,C04942,reliable,499,authentication_failed,1,24,31,2,0.44,0.89
P001452,C02599,occasionally_late,499,insufficient_funds,1,15,8,4,1.8,0.56
P001453,C00252,churn_risk,499,bank_error,1,3,3,9,9.62,0.05
P001454,C03457,reliable,499,bank_error,1,20,11,2,0.31,0.76
P001455,C00775,occasionally_late,499,bank_error,1,5,5,2,1.95,0.79
P001456,C01314,frequent_failure,499,authentication_failed,1,13,11,4,6.03,0.22
P001457,C09082,occasionally_late,499,bank_error,1,24,3,3,1.42,0.53
P001458,C03506,churn_risk,499,payment_method_issue,1,2,2,5,7.79,0.27
P001459,C07741,occasionally_late,499,insufficient_funds,1,19,17,3,1.28,0.55
P001460,C07885,reliable,499,authentication_failed,1,27,11,2,0.8,0.77
P001461,C06825,reliable,499,authentication_failed,1,18,12,1,0.52,0.74
P001462,C05102,reliable,499,bank_error,2,35,19,0,0.39,0.96
P001463,C07454,occasionally_late,499,bank_error,1,24,12,2,1.92,0.57
P001464,C01561,frequent_failure,499,insufficient_funds,1,15,7,7,7.29,0.25
P001465,C05949,occasionally_late,499,authentication_failed,1,11,10,1,3.62,0.77
P001466,C01308,reliable,499,payment_method_issue,1,33,30,0,0.85,0.9
P001467,C06008,reliable,499,bank_error,1,32,33,0,0.57,0.78
P001468,C09104,reliable,499,insufficient_funds,2,22,36,2,0.25,0.72
P001469,C06536,reliable,499,bank_error,2,6,26,0,0.91,0.71
P001470,C09884,occasionally_late,499,bank_error,1,10,7,4,1.84,0.58
P001471,C08399,reliable,499,bank_error,1,15,20,2,0.9,0.88
P001472,C06607,reliable,499,payment_method_issue,1,13,16,0,0.56,0.73
P001473,C07618,churn_risk,499,insufficient_funds,1,2,0,4,7.5,0.08
P001474,C04423,occasionally_late,499,insufficient_funds,2,8,13,1,2.48,0.56
P001475,C07676,reliable,499,bank_error,1,29,15,2,0.92,0.74
P001476,C08356,reliable,499,payment_method_issue,1,17,18,1,0.74,0.97
P001477,C06988,frequent_failure,499,bank_error,2,12,11,5,6.82,0.26
P001478,C01166,occasionally_late,499,insufficient_funds,1,10,14,3,3.46,0.55
P001479,C08450,occasionally_late,499,insufficient_funds,1,7,13,3,3.73,0.62
P001480,C01081,reliable,499,bank_error,1,32,14,1,0.12,0.88
P001481,C01899,occasionally_late,499,bank_error,2,24,16,4,3.38,0.76
P001482,C06831,frequent_failure,499,bank_error,1,17,7,4,3.76,0.45
P001483,C07237,reliable,499,bank_error,1,13,17,0,0.0,0.8
P001484,C04936,reliable,499,bank_error,1,7,12,0,0.73,0.89
P001485,C05631,reliable,499,bank_error,1,17,24,0,0.9,0.81
P001486,C03450,reliable,499,bank_error,1,8,22,0,0.37,0.74
P001487,C05832,reliable,499,authentication_failed,2,10,16,0,0.2,0.82
P001488,C01935,reliable,499,bank_error,1,8,24,1,0.43,0.77
P001489,C07614,reliable,499,authentication_failed,2,34,28,0,0.06,0.87
P001490,C01841,churn_risk,499,authentication_failed,1,8,0,7,9.97,0.12
P001491,C08371,reliable,499,payment_method_issue,1,34,11,0,0.31,0.9
P001492,C01127,occasionally_late,499,bank_error,1,9,10,3,2.89,0.46
P001493,C07378,reliable,499,payment_method_issue,1,16,27,1,0.51,0.72
P001494,C08053,churn_risk,499,insufficient_funds,1,4,1,5,10.5,0.08
P001495,C04030,reliable,499,bank_error,1,7,36,2,0.11,0.85
P001496,C02910,churn_risk,499,authentication_failed,1,9,4,4,13.35,0.1
P001497,C02385,reliable,499,authentication_failed,1,11,35,0,0.91,0.7
P001498,C05751,frequent_failure,499,bank_error,1,8,11,4,7.19,0.3
P001499,C02510,reliable,499,bank_error,1,9,25,2,0.21,0.82
P001500,C09257,frequent_failure,499,authentication_failed,2,11,8,3,3.84,0.17
P001501,C04345,reliable,499,payment_method_issue,2,32,7,2,0.87,0.92
P001502,C05879,reliable,499,bank_error,1,34,25,2,0.9,0.82
P001503,C08749,frequent_failure,499,insufficient_funds,2,12,9,5,4.53,0.36
P001504,C07258,reliable,499,insufficient_funds,1,10,32,0,0.78,0.79
P001505,C07042,occasionally_late,499,bank_error,1,18,16,1,1.72,0.56
P001506,C06608,churn_risk,499,authentication_failed,1,2,5,8,8.43,0.13
P001507,C00226,reliable,499,insufficient_funds,1,8,30,1,0.86,0.94
P001508,C08362,occasionally_late,499,payment_method_issue,1,5,19,4,2.48,0.63
P001509,C02515,reliable,499,authentication_failed,1,35,10,0,0.3,0.81
P001510,C09896,frequent_failure,499,payment_method_issue,1,18,11,7,5.42,0.47
P001511,C00297,frequent_failure,499,insufficient_funds,1,15,9,5,7.39,0.29
P001512,C05802,reliable,499,authentication_failed,1,21,20,2,0.27,0.97
P001513,C03526,occasionally_late,499,payment_method_issue,1,19,10,3,3.08,0.78
P001514,C02199,reliable,499,authentication_failed,2,32,34,2,0.06,0.88
P001515,C01639,frequent_failure,499,insufficient_funds,1,17,9,5,5.67,0.44
P001516,C06823,reliable,499,authentication_failed,1,33,20,0,0.28,0.94
P001517,C01976,occasionally_late,499,insufficient_funds,1,19,17,3,3.94,0.76
P001518,C08980,reliable,499,authentication_failed,1,20,29,0,0.9,0.81
P001519,C09765,occasionally_late,499,bank_error,2,19,17,3,1.86,0.78
P001520,C02474,reliable,499,payment_method_issue,1,29,10,2,0.59,0.8
P001521,C06454,occasionally_late,499,payment_method_issue,1,6,4,2,1.52,0.48
P001522,C01769,reliable,499,bank_error,1,34,24,1,0.48,1.0
P001523,C01395,reliable,499,payment_method_issue,1,14,6,1,0.67,0.71
P001524,C06153,reliable,499,payment_method_issue,1,27,33,1,0.65,0.77
P001525,C06096,occasionally_late,499,payment_method_issue,1,13,12,4,2.45,0.49
P001526,C08429,reliable,499,payment_method_issue,1,36,33,2,0.61,0.87
P001527,C06120,reliable,499,bank_error,1,31,27,2,0.01,0.78
P001528,C00098,reliable,499,payment_method_issue,1,33,9,1,0.39,0.77
P001529,C01663,reliable,499,payment_method_issue,1,19,16,2,0.13,0.97
P001530,C06513,reliable,499,payment_method_issue,1,29,27,1,0.41,0.9
P001531,C09088,occasionally_late,499,bank_error,1,10,10,3,3.73,0.59
P001532,C07250,frequent_failure,499,authentication_failed,1,10,7,6,3.99,0.42
P001533,C06098,reliable,499,bank_error,1,17,27,0,0.2,0.93
P001534,C05201,churn_risk,499,payment_method_issue,1,9,4,6,5.37,0.09
P001535,C03749,frequent_failure,499,insufficient_funds,2,16,10,4,7.02,0.32
P001536,C05601,reliable,499,payment_method_issue,1,11,7,2,0.52,0.81
P001537,C00932,occasionally_late,499,bank_error,1,12,19,3,3.38,0.79
P001538,C00007,occasionally_late,499,bank_error,2,6,7,3,3.04,0.61
P001539,C06632,occasionally_late,499,bank_error,1,10,14,2,1.73,0.72
P001540,C06928,occasionally_late,499,bank_error,1,23,6,3,3.06,0.53
P001541,C08856,occasionally_late,499,insufficient_funds,1,17,5,4,3.58,0.49
P001542,C09379,reliable,499,payment_method_issue,1,21,19,2,0.41,0.83
P001543,C04037,occasionally_late,499,payment_method_issue,1,6,11,1,3.74,0.68
P001544,C01480,reliable,499,payment_method_issue,1,18,16,0,0.11,0.91
P001545,C02155,reliable,499,insufficient_funds,1,19,19,0,0.2,0.7
P001546,C02291,occasionally_late,499,authentication_failed,1,23,17,2,3.06,0.56
P001547,C09418,occasionally_late,499,bank_error,1,24,12,2,1.52,0.67
P001548,C00015,reliable,499,bank_error,1,12,14,0,0.2,0.7
P001549,C07231,reliable,499,insufficient_funds,1,14,33,0,0.37,0.96
P001550,C02921,reliable,499,payment_method_issue,1,10,35,0,0.92,0.9
P001551,C01359,occasionally_late,499,insufficient_funds,1,8,4,1,2.63,0.65
P001552,C07393,reliable,499,insufficient_funds,1,28,6,1,0.68,0.91
P001553,C06672,frequent_failure,499,insufficient_funds,2,7,8,7,6.97,0.47
P001554,C06561,occasionally_late,499,bank_error,1,21,14,1,2.06,0.66
P001555,C04978,churn_risk,499,insufficient_funds,1,9,1,8,7.01,0.09
P001556,C08099,reliable,499,payment_method_issue,1,22,27,1,0.63,0.94
P001557,C06055,occasionally_late,499,payment_method_issue,1,19,6,4,1.58,0.73
P001558,C05885,reliable,499,insufficient_funds,1,17,23,1,0.53,0.8
P001559,C03960,reliable,499,bank_error,1,26,27,1,0.54,0.71
P001560,C07304,occasionally_late,499,bank_error,1,13,4,3,2.21,0.46
P001561,C08019,reliable,499,authentication_failed,1,14,8,2,0.76,0.9
P001562,C04402,reliable,499,payment_method_issue,1,16,32,0,0.44,0.9
P001563,C02999,churn_risk,499,payment_method_issue,1,3,5,5,12.73,0.26
P001564,C00187,churn_risk,499,bank_error,1,5,1,7,9.98,0.07
P001565,C01858,reliable,499,payment_method_issue,1,19,30,2,0.04,0.89
P001566,C07768,occasionally_late,499,bank_error,1,10,8,3,3.03,0.72
P001567,C01505,frequent_failure,499,insufficient_funds,1,5,7,7,4.68,0.35
P001568,C07337,reliable,499,authentication_failed,1,22,32,2,0.58,0.72
P001569,C08770,occasionally_late,499,insufficient_funds,2,12,9,4,2.01,0.46
P001570,C00799,reliable,499,insufficient_funds,1,15,12,0,0.87,0.93
P001571,C04597,reliable,499,authentication_failed,2,23,21,0,0.17,0.73
P001572,C06497,frequent_failure,499,insufficient_funds,1,12,7,7,3.12,0.21
P001573,C03451,occasionally_late,499,insufficient_funds,2,23,17,3,2.83,0.73
P001574,C03456,occasionally_late,499,insufficient_funds,1,5,8,2,1.59,0.69
P001575,C01690,reliable,499,bank_error,1,28,17,1,0.52,0.8
P001576,C09544,frequent_failure,499,insufficient_funds,1,9,10,4,7.96,0.2
P001577,C09677,reliable,499,insufficient_funds,1,15,13,1,0.07,0.81
P001578,C09267,occasionally_late,499,insufficient_funds,1,21,14,2,1.09,0.64
P001579,C02015,reliable,499,payment_method_issue,1,29,11,0,0.1,0.78
P001580,C00933,churn_risk,499,insufficient_funds,1,3,3,9,11.71,0.22
P001581,C01846,churn_risk,499,bank_error,2,5,0,8,14.84,0.26
P001582,C00647,reliable,499,bank_error,1,20,33,2,0.22,0.86
P001583,C05146,reliable,499,payment_method_issue,2,35,34,2,0.26,0.92
P001584,C08186,occasionally_late,499,insufficient_funds,1,16,6,1,1.97,0.67
P001585,C03433,churn_risk,499,bank_error,2,9,6,7,10.46,0.29
P001586,C08896,reliable,499,authentication_failed,2,8,25,1,0.21,0.84
P001587,C03434,occasionally_late,499,bank_error,1,23,15,2,1.2,0.47
P001588,C02016,reliable,499,bank_error,2,13,12,2,0.74,0.75
P001589,C01093,occasionally_late,499,payment_method_issue,1,12,15,3,1.42,0.75
P001590,C08995,churn_risk,499,insufficient_funds,1,11,1,6,7.8,0.28
P001591,C00841,reliable,499,bank_error,2,25,20,0,0.8,0.77
P001592,C08836,occasionally_late,499,payment_method_issue,1,24,5,4,3.0,0.64
P001593,C05167,reliable,499,payment_method_issue,2,29,15,2,0.92,0.77
P001594,C00165,reliable,499,bank_error,1,32,22,2,0.03,0.97
P001595,C01405,reliable,499,payment_method_issue,1,19,9,1,0.4,0.84
P001596,C09216,occasionally_late,499,authentication_failed,1,7,12,3,3.5,0.53
P001597,C03620,occasionally_late,499,authentication_failed,1,22,3,4,3.9,0.57
P001598,C02007,frequent_failure,499,payment_method_issue,2,9,4,4,5.43,0.44
P001599,C01339,occasionally_late,499,bank_error,1,24,6,3,3.8,0.59
P001600,C01680,reliable,499,payment_method_issue,1,16,14,0,0.47,0.86
P001601,C04521,occasionally_late,499,insufficient_funds,1,23,11,3,3.45,0.56
P001602,C08054,occasionally_late,499,payment_method_issue,1,18,14,3,1.53,0.67
P001603,C03472,reliable,499,bank_error,1,31,16,1,0.48,0.95
P001604,C07241,reliable,499,bank_error,1,16,31,2,0.3,0.75
P001605,C00587,occasionally_late,499,insufficient_funds,1,11,19,4,1.24,0.64
P001606,C00026,reliable,499,bank_error,1,32,35,0,0.82,0.96
P001607,C00029,occasionally_late,499,authentication_failed,1,20,19,2,3.89,0.54
P001608,C09098,reliable,499,insufficient_funds,1,17,29,1,0.93,0.88
P001609,C01437,frequent_failure,499,insufficient_funds,2,17,3,5,4.59,0.41
P001610,C08833,reliable,499,authentication_failed,1,17,28,1,0.15,0.87
P001611,C05947,reliable,499,bank_error,1,11,24,1,0.75,0.86
P001612,C05031,frequent_failure,499,insufficient_funds,1,15,5,5,5.22,0.25
P001613,C00724,reliable,499,bank_error,1,22,32,2,0.57,0.8
P001614,C09093,occasionally_late,499,payment_method_issue,1,6,5,4,1.17,0.57
P001615,C08767,occasionally_late,499,bank_error,1,17,3,4,3.5,0.5
P001616,C09298,occasionally_late,499,authentication_failed,1,6,15,3,2.11,0.66
P001617,C00861,occasionally_late,499,insufficient_funds,1,20,9,4,1.96,0.61
P001618,C06286,reliable,499,bank_error,1,7,12,2,0.89,0.84
P001619,C02191,frequent_failure,499,insufficient_funds,1,4,3,6,3.76,0.17
P001620,C04077,reliable,499,bank_error,1,34,19,0,0.53,0.73
P001621,C00901,occasionally_late,499,bank_error,1,16,19,3,1.95,0.77
P001622,C06207,reliable,499,bank_error,1,33,29,2,0.46,0.73
P001623,C03053,reliable,499,payment_method_issue,1,9,18,0,0.8,0.93
P001624,C08976,reliable,499,payment_method_issue,1,16,35,0,0.7,0.91
P001625,C02858,occasionally_late,499,insufficient_funds,1,22,5,2,1.03,0.45
P001626,C04516,occasionally_late,499,bank_error,2,5,5,3,1.85,0.6
P001627,C03824,reliable,499,payment_method_issue,2,8,15,0,0.33,0.72
P001628,C06642,occasionally_late,499,authentication_failed,1,5,17,3,2.45,0.64
P001629,C08527,reliable,499,insufficient_funds,1,12,7,1,0.1,0.71
P001630,C05528,reliable,499,insufficient_funds,1,28,21,2,0.01,0.82
P001631,C04112,reliable,499,bank_error,1,18,7,2,0.05,0.76
P001632,C05386,reliable,499,payment_method_issue,1,25,26,1,0.99,0.75
P001633,C00202,occasionally_late,499,insufficient_funds,2,9,10,1,3.71,0.68
P001634,C02640,reliable,499,bank_error,1,21,22,2,0.82,0.79
P001635,C01989,occasionally_late,499,payment_method_issue,2,16,9,3,2.66,0.53
P001636,C03461,churn_risk,499,authentication_failed,1,1,5,8,9.68,0.24
P001637,C02760,reliable,499,insufficient_funds,1,18,29,2,0.08,0.78
P001638,C03917,occasionally_late,499,authentication_failed,1,7,12,1,3.13,0.76
P001639,C00910,occasionally_late,499,insufficient_funds,1,13,11,3,1.04,0.68
P001640,C07094,reliable,499,bank_error,1,12,34,0,0.39,0.86
P001641,C09032,reliable,499,payment_method_issue,1,30,10,2,0.69,0.9
P001642,C03634,frequent_failure,499,bank_error,1,16,9,5,3.64,0.24
P001643,C02184,reliable,499,bank_error,1,10,22,1,0.13,0.94
P001644,C08661,churn_risk,499,insufficient_funds,1,6,4,8,7.69,0.06
P001645,C07853,reliable,499,payment_method_issue,1,16,15,0,0.04,0.83
P001646,C03799,reliable,499,payment_method_issue,1,28,28,1,0.35,0.76
P001647,C06782,reliable,499,bank_error,2,31,23,1,0.14,0.79
P001648,C06532,reliable,499,payment_method_issue,1,35,36,2,0.0,0.75
P001649,C09318,reliable,499,authentication_failed,1,17,14,1,0.94,0.89
P001650,C03046,reliable,499,bank_error,1,24,23,0,0.79,0.75
P001651,C04698,reliable,499,bank_error,1,6,24,0,0.81,0.87
P001652,C03896,reliable,499,insufficient_funds,1,28,7,2,0.29,0.87
P001653,C02495,reliable,499,bank_error,1,16,12,0,0.12,0.87
P001654,C08738,frequent_failure,499,bank_error,1,4,7,6,5.75,0.41
P001655,C02629,churn_risk,499,insufficient_funds,1,8,1,4,7.15,0.29
P001656,C07115,reliable,499,payment_method_issue,1,23,14,2,0.95,0.75
P001657,C01665,reliable,499,bank_error,1,12,21,2,0.33,0.88
P001658,C07932,occasionally_late,499,insufficient_funds,2,23,4,2,2.6,0.54
P001659,C03595,reliable,499,authentication_failed,1,35,15,0,0.26,0.85
P001660,C06015,churn_risk,499,authentication_failed,2,8,2,5,8.22,0.14
P001661,C05459,frequent_failure,499,insufficient_funds,1,10,10,6,5.1,0.22
P001662,C03324,reliable,499,payment_method_issue,1,32,31,2,0.1,0.89
P001663,C02061,reliable,499,bank_error,2,14,7,1,0.32,0.98
P001664,C07053,reliable,499,insufficient_funds,1,30,10,1,0.58,0.77
P001665,C08891,reliable,499,insufficient_funds,1,20,34,1,0.07,0.85
P001666,C06787,occasionally_late,499,payment_method_issue,2,5,11,1,2.15,0.65
P001667,C05051,frequent_failure,499,payment_method_issue,1,7,5,7,7.67,0.46
P001668,C02852,occasionally_late,499,insufficient_funds,1,7,16,1,3.17,0.65
P001669,C06114,churn_risk,499,bank_error,1,7,5,6,8.55,0.25
P001670,C02471,churn_risk,499,insufficient_funds,1,4,1,9,7.92,0.07
P001671,C02806,frequent_failure,499,insufficient_funds,1,12,6,3,3.2,0.42
P001672,C05190,frequent_failure,499,insufficient_funds,2,15,3,7,3.74,0.41
P001673,C05567,occasionally_late,499,payment_method_issue,1,19,11,4,2.34,0.79
P001674,C02561,reliable,499,bank_error,2,6,20,2,0.81,0.95
P001675,C08469,reliable,499,payment_method_issue,1,9,8,0,0.91,0.73
P001676,C09945,churn_risk,499,payment_method_issue,1,2,5,9,5.18,0.07
P001677,C00721,reliable,499,insufficient_funds,1,29,33,0,0.28,0.77
P001678,C08330,reliable,499,bank_error,1,23,17,2,0.18,0.83
P001679,C02423,occasionally_late,499,payment_method_issue,1,14,6,1,3.95,0.73
P001680,C01627,reliable,499,payment_method_issue,1,34,11,1,0.53,0.97
P001681,C04988,frequent_failure,499,insufficient_funds,1,16,7,7,6.9,0.34
P001682,C03262,reliable,499,bank_error,2,19,7,1,0.9,0.73
P001683,C06958,occasionally_late,499,bank_error,1,14,15,2,3.53,0.54
P001684,C00946,reliable,499,payment_method_issue,1,11,32,1,0.88,0.92
P001685,C02753,reliable,499,bank_error,1,6,32,1,0.32,0.76
P001686,C02233,reliable,499,payment_method_issue,1,16,8,1,0.9,0.86
P001687,C03776,reliable,499,authentication_failed,1,27,35,0,0.95,0.98
P001688,C09797,churn_risk,499,insufficient_funds,1,9,4,6,6.11,0.11
P001689,C00621,frequent_failure,499,bank_error,1,6,11,3,5.19,0.5
P001690,C05796,occasionally_late,499,bank_error,1,15,3,4,3.67,0.47
P001691,C03683,frequent_failure,499,authentication_failed,1,7,6,6,4.44,0.28
P001692,C03411,reliable,499,payment_method_issue,2,17,8,2,0.62,0.72
P001693,C09390,occasionally_late,499,insufficient_funds,1,18,5,4,2.43,0.8
P001694,C07885,reliable,499,insufficient_funds,1,27,11,2,0.8,0.77
P001695,C04559,occasionally_late,499,insufficient_funds,2,21,4,4,3.74,0.72
P001696,C06171,occasionally_late,499,insufficient_funds,1,23,16,2,2.65,0.53
P001697,C04462,frequent_failure,499,payment_method_issue,1,3,11,4,7.38,0.28
P001698,C03904,reliable,499,insufficient_funds,1,32,19,2,0.23,0.89
P001699,C07858,occasionally_late,499,payment_method_issue,1,18,4,2,1.61,0.58
P001700,C06960,occasionally_late,499,payment_method_issue,1,19,12,3,3.83,0.78
P001701,C01626,churn_risk,499,insufficient_funds,2,6,1,7,7.4,0.14
P001702,C01376,reliable,499,payment_method_issue,1,15,28,0,0.6,0.72
P001703,C01823,reliable,499,bank_error,1,17,20,2,0.13,0.97
P001704,C00901,occasionally_late,499,bank_error,1,16,19,3,1.95,0.77
P001705,C00191,frequent_failure,499,insufficient_funds,1,16,2,6,7.79,0.21
P001706,C08505,reliable,499,bank_error,1,25,31,2,0.39,0.89
P001707,C08625,reliable,499,bank_error,1,9,16,0,0.77,0.96
P001708,C03831,reliable,499,payment_method_issue,1,15,34,0,0.96,0.78
P001709,C00454,churn_risk,499,payment_method_issue,1,6,3,4,12.03,0.11
P001710,C08569,occasionally_late,499,bank_error,1,17,7,3,1.36,0.57
P001711,C00367,reliable,499,payment_method_issue,1,35,9,1,0.07,0.99
P001712,C08939,reliable,499,bank_error,1,9,23,0,0.32,0.92
P001713,C01890,occasionally_late,499,insufficient_funds,1,20,12,1,2.22,0.53
P001714,C04591,reliable,499,bank_error,2,6,22,0,0.62,0.95
P001715,C01566,reliable,499,bank_error,1,8,32,0,0.0,0.98
P001716,C03881,churn_risk,499,insufficient_funds,1,7,0,7,8.44,0.16
P001717,C04863,churn_risk,499,insufficient_funds,1,11,2,6,13.57,0.27
P001718,C01182,reliable,499,payment_method_issue,1,11,7,0,0.87,0.97
P001719,C02588,reliable,499,bank_error,1,22,16,0,0.52,0.75
P001720,C02748,reliable,499,payment_method_issue,1,22,35,2,0.17,0.89
P001721,C06915,reliable,499,authentication_failed,1,11,28,2,0.77,0.74
P001722,C05737,reliable,499,payment_method_issue,1,19,28,2,0.59,0.93
P001723,C06659,reliable,499,authentication_failed,1,17,22,1,0.26,0.98
P001724,C02372,occasionally_late,499,payment_method_issue,1,6,3,4,3.28,0.47
P001725,C05586,occasionally_late,499,authentication_failed,2,14,7,1,3.39,0.65
P001726,C04833,reliable,499,authentication_failed,1,11,22,1,0.32,0.92
P001727,C03322,reliable,499,authentication_failed,1,28,29,0,0.32,0.78
P001728,C05204,reliable,499,authentication_failed,2,27,12,0,0.12,0.83
P001729,C01711,occasionally_late,499,bank_error,1,8,14,4,2.24,0.62
P001730,C07330,reliable,499,payment_method_issue,1,23,36,2,0.15,0.96
P001731,C07143,occasionally_late,499,insufficient_funds,1,19,19,1,3.93,0.72
P001732,C09740,reliable,499,bank_error,2,28,24,1,0.23,0.75
P001733,C07352,reliable,499,bank_error,1,22,8,0,0.16,0.84
P001734,C01016,reliable,499,payment_method_issue,1,29,33,0,0.46,0.95
P001735,C00103,churn_risk,499,insufficient_funds,2,11,4,5,8.81,0.29
P001736,C07575,churn_risk,499,authentication_failed,1,6,6,9,7.4,0.15
P001737,C03282,frequent_failure,499,insufficient_funds,1,13,4,7,7.69,0.22
P001738,C07821,occasionally_late,499,insufficient_funds,1,12,16,1,1.84,0.68
P001739,C03129,reliable,499,payment_method_issue,1,14,11,0,0.21,0.87
P001740,C05932,reliable,499,insufficient_funds,1,30,16,2,0.7,0.85
P001741,C04397,occasionally_late,499,authentication_failed,1,16,13,4,2.83,0.63
P001742,C03857,frequent_failure,499,bank_error,2,11,1,4,3.24,0.43
P001743,C01960,frequent_failure,499,authentication_failed,1,15,9,6,4.73,0.19
P001744,C02096,reliable,499,payment_method_issue,2,9,15,1,0.21,0.79
P001745,C09654,churn_risk,499,insufficient_funds,2,11,6,6,6.4,0.09
P001746,C01793,reliable,499,bank_error,1,13,35,2,0.14,0.99
P001747,C08917,reliable,499,bank_error,1,17,10,1,0.84,0.79
P001748,C02428,occasionally_late,499,payment_method_issue,2,10,3,2,2.39,0.6
P001749,C08002,occasionally_late,499,payment_method_issue,1,12,9,3,3.35,0.6
P001750,C08915,reliable,499,bank_error,2,26,36,2,0.99,0.85
P001751,C05405,reliable,499,bank_error,1,25,32,2,0.46,0.97
P001752,C02244,reliable,499,payment_method_issue,1,20,19,2,0.76,0.8
P001753,C07203,occasionally_late,499,insufficient_funds,1,7,16,1,3.02,0.74
P001754,C06716,occasionally_late,499,payment_method_issue,1,10,3,2,1.24,0.46
P001755,C05957,reliable,499,insufficient_funds,1,17,24,1,0.82,0.79
P001756,C00869,reliable,499,bank_error,1,6,17,2,0.2,0.83
P001757,C03819,reliable,499,bank_error,1,33,16,2,0.32,0.77
P001758,C05514,occasionally_late,499,payment_method_issue,1,7,19,2,1.18,0.57
P001759,C07582,occasionally_late,499,payment_method_issue,1,20,7,3,1.63,0.78
P001760,C03183,occasionally_late,499,payment_method_issue,1,13,3,1,2.59,0.64
P001761,C03496,reliable,499,authentication_failed,1,27,21,0,0.97,0.77
P001762,C08402,frequent_failure,499,payment_method_issue,1,5,3,7,4.66,0.43
P001763,C01324,reliable,499,insufficient_funds,2,32,30,1,0.3,0.82
P001764,C07921,occasionally_late,499,payment_method_issue,1,7,6,3,3.48,0.72
P001765,C06093,churn_risk,499,payment_method_issue,1,6,2,6,10.34,0.11
P001766,C07119,reliable,499,authentication_failed,2,30,17,0,0.11,0.95
P001767,C01839,reliable,499,bank_error,1,6,9,0,0.31,0.9
P001768,C04502,frequent_failure,499,authentication_failed,2,17,4,3,7.8,0.44
P001769,C00153,reliable,499,authentication_failed,2,18,36,2,0.85,0.74
P001770,C03035,reliable,499,payment_method_issue,1,33,27,0,0.86,0.73
P001771,C01457,churn_risk,499,insufficient_funds,1,2,5,9,11.28,0.15
P001772,C00070,occasionally_late,499,bank_error,1,5,12,2,3.8,0.63
P001773,C08338,churn_risk,499,bank_error,1,1,6,7,5.84,0.14
P001774,C07381,occasionally_late,499,bank_error,1,5,18,4,2.9,0.63
P001775,C01045,reliable,499,bank_error,1,21,32,2,0.87,0.87
P001776,C07251,frequent_failure,499,payment_method_issue,1,18,4,4,6.01,0.3
P001777,C02139,frequent_failure,499,insufficient_funds,1,17,11,3,5.1,0.32
P001778,C09497,reliable,499,authentication_failed,1,27,20,0,0.53,0.78
P001779,C00350,frequent_failure,499,payment_method_issue,1,5,7,5,5.07,0.44
P001780,C04107,reliable,499,payment_method_issue,2,9,9,1,0.62,0.76
P001781,C01070,reliable,499,bank_error,2,20,7,2,0.69,0.92
P001782,C09510,churn_risk,499,insufficient_funds,1,1,2,7,13.51,0.19
P001783,C07089,reliable,499,authentication_failed,1,34,17,2,0.07,0.72
P001784,C07808,frequent_failure,499,insufficient_funds,1,12,11,5,7.82,0.28
P001785,C08206,reliable,499,authentication_failed,2,20,15,1,0.39,0.75
P001786,C05862,reliable,499,authentication_failed,1,23,13,1,0.05,0.86
P001787,C00613,reliable,499,bank_error,1,7,35,0,0.02,0.99
P001788,C03765,occasionally_late,499,insufficient_funds,1,8,16,2,2.01,0.72
P001789,C09551,reliable,499,bank_error,1,21,31,0,0.62,0.99
P001790,C07622,reliable,499,bank_error,1,36,35,2,0.14,0.98
P001791,C04603,frequent_failure,499,authentication_failed,1,19,6,5,3.58,0.32
P001792,C02222,occasionally_late,499,bank_error,1,4,7,2,1.4,0.66
P001793,C02693,occasionally_late,499,bank_error,1,24,8,1,2.38,0.48
P001794,C03202,churn_risk,499,authentication_failed,2,5,3,4,7.52,0.27
P001795,C03496,reliable,499,payment_method_issue,1,27,21,0,0.97,0.77
P001796,C09892,reliable,499,bank_error,1,10,11,2,0.0,0.94
P001797,C02063,reliable,499,payment_method_issue,1,28,16,0,0.68,0.9
P001798,C00806,reliable,499,authentication_failed,1,35,16,0,0.08,0.71
P001799,C09498,frequent_failure,499,insufficient_funds,1,12,8,4,7.95,0.41
P001800,C01677,reliable,499,bank_error,1,18,32,2,0.01,0.96
P001801,C09281,occasionally_late,499,payment_method_issue,2,23,13,3,3.93,0.67
P001802,C05344,occasionally_late,499,authentication_failed,2,18,7,3,1.59,0.71
P001803,C08716,occasionally_late,499,bank_error,1,11,5,2,3.4,0.63
P001804,C00297,frequent_failure,499,insufficient_funds,1,15,9,5,7.39,0.29
P001805,C09170,frequent_failure,499,payment_method_issue,1,3,6,4,5.14,0.28
P001806,C05914,occasionally_late,499,payment_method_issue,1,19,9,3,3.77,0.78
P001807,C01755,reliable,499,bank_error,2,18,32,1,0.25,0.84
P001808,C07706,frequent_failure,499,bank_error,1,3,6,7,4.47,0.48
P001809,C03025,reliable,499,insufficient_funds,1,31,18,0,0.62,0.74
P001810,C08046,reliable,499,bank_error,1,20,25,0,0.05,0.82
P001811,C05866,reliable,499,insufficient_funds,1,24,7,0,0.29,0.84
P001812,C02197,reliable,499,bank_error,1,21,18,0,0.11,0.98
P001813,C08303,reliable,499,bank_error,1,12,34,0,0.97,0.96
P001814,C01346,reliable,499,payment_method_issue,1,22,35,2,0.0,0.77
P001815,C00551,occasionally_late,499,payment_method_issue,1,7,17,3,3.02,0.54
P001816,C02153,occasionally_late,499,insufficient_funds,2,10,16,2,3.18,0.48
P001817,C01881,occasionally_late,499,insufficient_funds,1,22,8,1,1.58,0.55
P001818,C02494,occasionally_late,499,insufficient_funds,1,21,6,3,1.22,0.47
P001819,C06612,reliable,499,insufficient_funds,1,18,11,2,0.7,0.9
P001820,C06512,reliable,499,payment_method_issue,1,34,14,0,0.08,0.8
P001821,C02343,occasionally_late,499,payment_method_issue,2,19,4,1,3.67,0.66
P001822,C04265,occasionally_late,499,payment_method_issue,2,9,4,1,1.64,0.48
P001823,C06596,reliable,499,authentication_failed,1,33,7,2,0.84,0.89
P001824,C01211,reliable,499,payment_method_issue,1,23,28,1,0.62,0.81
P001825,C06062,reliable,499,payment_method_issue,1,26,12,2,0.45,0.9
P001826,C00568,reliable,499,authentication_failed,1,14,27,2,0.92,1.0
P001827,C03916,churn_risk,499,bank_error,1,3,6,5,8.36,0.24
P001828,C03000,reliable,499,bank_error,1,33,9,2,0.22,0.99
P001829,C07646,frequent_failure,499,payment_method_issue,2,13,7,6,7.73,0.42
P001830,C07591,reliable,499,payment_method_issue,1,36,12,2,0.16,0.9
P001831,C09000,occasionally_late,499,bank_error,1,12,7,3,2.72,0.65
P001832,C02920,reliable,499,bank_error,1,36,6,2,0.15,0.88
P001833,C02584,occasionally_late,499,authentication_failed,2,17,11,1,2.11,0.48
P001834,C02818,frequent_failure,499,payment_method_issue,2,18,1,3,4.44,0.29
P001835,C05700,churn_risk,499,bank_error,1,9,1,7,5.18,0.22
P001836,C06965,frequent_failure,499,payment_method_issue,1,9,1,5,7.05,0.21
P001837,C03659,reliable,499,payment_method_issue,1,31,6,0,0.24,0.87
P001838,C03093,reliable,499,insufficient_funds,1,16,19,1,0.65,0.77
P001839,C08600,reliable,499,bank_error,1,11,12,2,0.47,0.8
P001840,C08460,frequent_failure,499,bank_error,1,15,8,6,3.73,0.38
P001841,C07811,reliable,499,bank_error,1,22,16,1,0.94,0.84
P001842,C05346,churn_risk,499,bank_error,1,6,3,7,7.91,0.24
P001843,C02523,occasionally_late,499,payment_method_issue,1,18,12,3,2.74,0.72
P001844,C00804,reliable,499,bank_error,1,14,12,2,0.41,0.77
P001845,C09452,occasionally_late,499,insufficient_funds,1,21,5,2,3.69,0.56
P001846,C06570,reliable,499,payment_method_issue,1,22,16,1,0.15,0.84
P001847,C05124,reliable,499,bank_error,1,30,13,0,0.88,0.83
P001848,C04211,reliable,499,authentication_failed,1,10,8,0,0.75,0.95
P001849,C02538,reliable,499,bank_error,1,18,25,2,0.72,0.76
P001850,C08854,reliable,499,bank_error,1,25,12,0,0.79,0.82
P001851,C02277,frequent_failure,499,bank_error,1,16,6,5,4.31,0.39
P001852,C04530,reliable,499,authentication_failed,1,13,35,1,0.79,0.77
P001853,C09871,reliable,499,bank_error,1,10,17,1,0.39,0.79
P001854,C00204,churn_risk,499,insufficient_funds,1,7,1,8,9.73,0.13
P001855,C00968,reliable,499,payment_method_issue,2,32,31,0,0.04,0.75
P001856,C02143,reliable,499,authentication_failed,1,31,19,1,0.71,0.92
P001857,C05789,frequent_failure,499,authentication_failed,2,15,4,3,6.2,0.26
P001858,C06944,reliable,499,insufficient_funds,1,17,35,2,0.01,0.78
P001859,C08801,churn_risk,499,insufficient_funds,1,2,0,4,9.19,0.14
P001860,C07846,reliable,499,payment_method_issue,1,15,32,0,0.82,0.72
P001861,C09651,churn_risk,499,payment_method_issue,1,10,3,8,7.1,0.11
P001862,C02445,reliable,499,bank_error,1,12,27,2,0.22,0.8
P001863,C02619,reliable,499,bank_error,1,13,10,2,0.17,0.95
P001864,C09533,occasionally_late,499,insufficient_funds,1,19,4,2,2.1,0.48
P001865,C09368,frequent_failure,499,payment_method_issue,1,13,11,3,5.07,0.2
P001866,C01141,reliable,499,bank_error,1,30,7,2,0.83,0.85
P001867,C02823,reliable,499,authentication_failed,1,23,12,1,0.15,0.97
P001868,C06217,reliable,499,payment_method_issue,1,13,29,0,0.65,0.98
P001869,C01461,reliable,499,authentication_failed,2,10,31,1,0.15,0.71
P001870,C00054,reliable,499,authentication_failed,2,31,22,0,0.14,0.91
P001871,C04776,churn_risk,499,payment_method_issue,1,5,3,4,13.22,0.18
P001872,C07079,frequent_failure,499,bank_error,1,4,5,5,7.13,0.5
P001873,C05568,frequent_failure,499,payment_method_issue,1,15,2,7,4.41,0.44
P001874,C09185,churn_risk,499,bank_error,1,2,5,9,7.09,0.09
P001875,C02880,reliable,499,bank_error,1,30,6,2,0.81,0.94
P001876,C04978,churn_risk,499,insufficient_funds,1,9,1,8,7.01,0.09
P001877,C01139,reliable,499,authentication_failed,1,27,17,0,0.91,0.76
P001878,C08997,reliable,499,bank_error,1,31,31,1,0.2,0.9
P001879,C03912,reliable,499,bank_error,1,34,34,2,0.51,0.87
P001880,C08142,reliable,499,payment_method_issue,1,35,30,1,0.42,0.93
P001881,C05282,churn_risk,499,authentication_failed,2,11,3,4,12.54,0.09
P001882,C07610,reliable,499,payment_method_issue,1,13,23,2,0.04,0.93
P001883,C09483,reliable,499,bank_error,1,13,25,1,0.73,0.89
P001884,C04445,occasionally_late,499,bank_error,1,23,6,4,2.68,0.58
P001885,C08063,frequent_failure,499,authentication_failed,1,9,7,5,3.05,0.49
P001886,C07592,reliable,499,bank_error,1,34,23,2,0.26,0.99
P001887,C00856,occasionally_late,499,bank_error,1,21,8,3,2.01,0.49
P001888,C07848,occasionally_late,499,authentication_failed,1,18,12,3,3.89,0.61
P001889,C06766,churn_risk,499,payment_method_issue,2,4,1,5,6.06,0.2
P001890,C01458,reliable,499,bank_error,1,29,20,1,0.72,0.83
P001891,C07995,reliable,499,payment_method_issue,1,31,31,0,0.16,0.94
P001892,C06909,occasionally_late,499,bank_error,1,17,3,3,1.31,0.56
P001893,C02469,reliable,499,bank_error,1,19,6,2,0.6,0.9
P001894,C05982,frequent_failure,499,insufficient_funds,2,5,8,3,5.31,0.47
P001895,C02798,occasionally_late,499,payment_method_issue,1,7,18,1,3.58,0.5
P001896,C02393,frequent_failure,499,insufficient_funds,1,13,8,5,7.87,0.39
P001897,C08728,occasionally_late,499,insufficient_funds,2,17,6,4,2.52,0.48
P001898,C07389,reliable,499,bank_error,2,11,14,1,0.27,0.75
P001899,C06263,frequent_failure,499,payment_method_issue,1,12,9,3,6.82,0.29
P001900,C06422,frequent_failure,499,payment_method_issue,1,18,5,5,3.51,0.19
P001901,C04440,churn_risk,499,bank_error,1,11,1,8,8.26,0.15
P001902,C05672,occasionally_late,499,bank_error,1,15,4,1,3.58,0.57
P001903,C08655,reliable,499,authentication_failed,1,34,24,0,0.05,0.78
P001904,C00182,reliable,499,authentication_failed,1,35,14,1,0.86,0.77
P001905,C04884,occasionally_late,499,payment_method_issue,2,11,16,4,2.43,0.47
P001906,C03038,reliable,499,bank_error,1,28,6,1,0.91,0.71
P001907,C05764,reliable,499,authentication_failed,1,17,29,0,0.15,0.85
P001908,C01455,reliable,499,insufficient_funds,1,23,29,2,0.83,0.72
P001909,C02230,reliable,499,authentication_failed,1,13,22,0,0.74,0.92
P001910,C07995,reliable,499,payment_method_issue,1,31,31,0,0.16,0.94
P001911,C08134,churn_risk,499,insufficient_funds,2,4,2,7,12.48,0.25
P001912,C05911,reliable,499,insufficient_funds,1,25,22,2,0.21,0.98
P001913,C02428,occasionally_late,499,bank_error,1,10,3,2,2.39,0.6
P001914,C03399,occasionally_late,499,payment_method_issue,1,20,13,4,1.21,0.58
P001915,C02885,churn_risk,499,payment_method_issue,2,5,2,5,5.4,0.26
P001916,C02087,churn_risk,499,insufficient_funds,1,3,5,5,10.13,0.25
P001917,C01200,frequent_failure,499,bank_error,1,7,9,7,7.76,0.17
P001918,C03600,frequent_failure,499,bank_error,1,15,8,5,3.44,0.27
P001919,C06657,occasionally_late,499,payment_method_issue,1,12,8,2,2.22,0.68
P001920,C08602,reliable,499,bank_error,1,29,7,0,0.2,0.82
P001921,C02733,occasionally_late,499,bank_error,1,23,10,1,2.12,0.54
P001922,C02647,churn_risk,499,bank_error,1,5,4,9,7.36,0.28
P001923,C03227,reliable,499,bank_error,1,32,15,1,0.02,0.81
P001924,C01477,reliable,499,authentication_failed,1,22,8,0,0.17,0.93
P001925,C00113,reliable,499,authentication_failed,2,7,25,0,0.51,0.94
P001926,C08934,churn_risk,499,payment_method_issue,1,9,5,6,12.38,0.18
P001927,C00263,occasionally_late,499,authentication_failed,1,12,14,4,3.84,0.67
P001928,C06209,reliable,499,insufficient_funds,1,25,11,0,0.78,0.87
P001929,C01954,reliable,499,payment_method_issue,1,16,17,1,0.13,0.86
P001930,C00111,frequent_failure,499,insufficient_funds,2,16,2,5,4.06,0.2
P001931,C00812,frequent_failure,499,bank_error,1,19,1,5,7.96,0.25
P001932,C07086,reliable,499,payment_method_issue,1,35,27,2,0.62,0.92
P001933,C05356,reliable,499,payment_method_issue,1,13,36,1,0.67,0.84
P001934,C08797,occasionally_late,499,payment_method_issue,2,10,19,3,3.91,0.71
P001935,C00802,occasionally_late,499,bank_error,1,8,6,2,2.18,0.69
P001936,C01440,reliable,499,payment_method_issue,2,17,24,2,0.81,0.81
P001937,C00933,churn_risk,499,bank_error,2,3,3,9,11.71,0.22
P001938,C03450,reliable,499,insufficient_funds,1,8,22,0,0.37,0.74
P001939,C08442,reliable,499,bank_error,1,16,14,0,0.95,0.89
P001940,C03785,reliable,499,authentication_failed,1,9,35,2,0.42,0.83
P001941,C02259,reliable,499,payment_method_issue,1,8,11,2,0.5,0.88
P001942,C05309,churn_risk,499,authentication_failed,1,2,5,4,10.61,0.15
P001943,C09398,occasionally_late,499,payment_method_issue,2,16,16,1,3.36,0.71
P001944,C09893,reliable,499,insufficient_funds,1,18,24,0,0.75,0.88
P001945,C03548,occasionally_late,499,bank_error,2,19,16,1,2.08,0.5
P001946,C06409,occasionally_late,499,payment_method_issue,1,13,16,1,2.04,0.52
P001947,C09393,frequent_failure,499,bank_error,2,12,5,7,7.69,0.36
P001948,C03416,reliable,499,bank_error,1,21,15,1,0.21,0.89
P001949,C00652,occasionally_late,499,insufficient_funds,2,16,18,1,2.49,0.78
P001950,C05644,occasionally_late,499,bank_error,1,14,18,3,3.55,0.77
P001951,C04588,reliable,499,bank_error,1,20,26,2,0.19,0.98
P001952,C06930,reliable,499,payment_method_issue,2,29,33,1,0.91,0.92
P001953,C08963,reliable,499,bank_error,1,17,27,1,0.57,0.81
P001954,C03577,occasionally_late,499,insufficient_funds,2,6,14,4,3.56,0.51
P001955,C01599,churn_risk,499,payment_method_issue,1,2,3,6,5.63,0.2
P001956,C00766,occasionally_late,499,authentication_failed,2,17,17,4,3.43,0.74
P001957,C03985,reliable,499,authentication_failed,1,35,22,2,0.24,0.87
P001958,C08845,reliable,499,authentication_failed,2,13,13,0,0.18,0.76
P001959,C09338,reliable,499,insufficient_funds,2,15,19,1,0.71,0.93
P001960,C05929,occasionally_late,499,payment_method_issue,1,20,19,1,3.02,0.63
P001961,C06337,reliable,499,bank_error,1,29,28,2,0.86,0.75
P001962,C03894,reliable,499,payment_method_issue,2,10,32,0,0.09,0.72
P001963,C09546,reliable,499,authentication_failed,1,31,20,1,0.21,0.79
P001964,C09379,reliable,499,bank_error,2,21,19,2,0.41,0.83
P001965,C02746,occasionally_late,499,insufficient_funds,1,5,9,2,1.9,0.55
P001966,C03860,churn_risk,499,insufficient_funds,1,2,3,8,12.53,0.23
P001967,C09900,frequent_failure,499,bank_error,1,6,6,5,6.99,0.2
P001968,C05122,frequent_failure,499,payment_method_issue,1,6,8,7,3.45,0.18
P001969,C03330,occasionally_late,499,authentication_failed,1,12,13,2,2.53,0.52
P001970,C06360,reliable,499,bank_error,2,12,27,1,0.66,0.75
P001971,C00472,reliable,499,bank_error,1,8,25,1,0.12,0.97
P001972,C01137,frequent_failure,499,bank_error,1,18,4,3,3.1,0.3
P001973,C08374,reliable,499,bank_error,1,11,18,0,0.66,0.78
P001974,C09520,occasionally_late,499,bank_error,1,7,4,2,1.72,0.62
P001975,C06418,reliable,499,bank_error,2,16,10,0,0.54,0.74
P001976,C05665,churn_risk,499,insufficient_funds,1,10,4,9,11.48,0.22
P001977,C05690,frequent_failure,499,bank_error,1,18,8,4,5.94,0.28
P001978,C04390,occasionally_late,499,bank_error,1,13,15,3,2.41,0.53
P001979,C08609,reliable,499,payment_method_issue,1,28,14,2,0.63,1.0
P001980,C05592,frequent_failure,499,insufficient_funds,2,17,3,3,7.63,0.4
P001981,C00908,reliable,499,payment_method_issue,1,7,21,2,0.38,0.83
P001982,C02462,frequent_failure,499,insufficient_funds,1,6,10,6,3.48,0.39
P001983,C00931,reliable,499,payment_method_issue,1,32,16,1,0.55,0.76
P001984,C06085,frequent_failure,499,bank_error,1,7,9,3,4.57,0.43
P001985,C01127,occasionally_late,499,insufficient_funds,2,9,10,3,2.89,0.46
P001986,C06611,occasionally_late,499,insufficient_funds,1,7,19,4,3.69,0.66
P001987,C09435,reliable,499,insufficient_funds,2,12,21,2,0.01,0.82
P001988,C07983,reliable,499,bank_error,1,23,20,2,0.97,0.97
P001989,C03249,occasionally_late,499,payment_method_issue,1,18,12,3,3.5,0.62
P001990,C04166,occasionally_late,499,authentication_failed,1,16,9,1,3.86,0.56
P001991,C06173,reliable,499,bank_error,2,24,28,2,0.26,0.88
P001992,C07200,occasionally_late,499,authentication_failed,2,19,17,4,3.66,0.58
P001993,C04983,frequent_failure,499,authentication_failed,1,17,5,3,5.85,0.37
P001994,C04528,churn_risk,499,insufficient_funds,1,7,3,4,6.83,0.13
P001995,C02854,reliable,499,authentication_failed,1,23,9,2,0.86,0.98
P001996,C05997,reliable,499,payment_method_issue,2,26,36,1,0.13,0.77
P001997,C05385,frequent_failure,499,insufficient_funds,2,14,8,6,6.21,0.26
P001998,C08336,reliable,499,authentication_failed,2,31,32,1,0.69,0.73
P001999,C00771,occasionally_late,499,payment_method_issue,2,6,6,3,2.21,0.74
P002000,C09054,reliable,499,bank_error,1,8,22,2,0.6,0.89
P002001,C08411,churn_risk,499,bank_error,1,8,2,6,13.26,0.29
P002002,C02362,reliable,499,payment_method_issue,1,26,27,2,0.04,0.77
P002003,C01407,frequent_failure,499,bank_error,1,9,3,3,4.94,0.27
P002004,C06398,reliable,499,payment_method_issue,1,15,25,0,0.66,0.97
P002005,C06991,occasionally_late,499,insufficient_funds,2,10,17,2,3.96,0.49
P002006,C06448,reliable,499,bank_error,2,8,9,0,0.08,0.83
P002007,C03616,reliable,499,authentication_failed,1,23,29,2,0.72,0.76
P002008,C04153,frequent_failure,499,payment_method_issue,2,9,6,5,5.61,0.3
P002009,C09050,reliable,499,payment_method_issue,1,9,11,0,0.77,0.76
P002010,C03366,occasionally_late,499,bank_error,1,12,14,1,1.96,0.61
P002011,C02406,reliable,499,bank_error,1,9,32,0,0.45,0.96
P002012,C08810,frequent_failure,499,insufficient_funds,1,10,6,7,5.97,0.35
P002013,C08339,reliable,499,bank_error,1,17,23,2,0.33,0.88
P002014,C02781,frequent_failure,499,insufficient_funds,2,17,7,7,5.92,0.49
P002015,C00778,reliable,499,payment_method_issue,1,23,10,0,0.43,0.92
P002016,C06689,occasionally_late,499,bank_error,1,11,12,3,2.82,0.76
P002017,C07643,occasionally_late,499,insufficient_funds,1,9,14,2,3.63,0.69
P002018,C09616,churn_risk,499,authentication_failed,1,9,2,6,9.57,0.14
P002019,C05914,occasionally_late,499,insufficient_funds,1,19,9,3,3.77,0.78
P002020,C08333,churn_risk,499,authentication_failed,1,5,3,8,9.47,0.27
P002021,C06746,reliable,499,payment_method_issue,1,15,29,1,0.56,0.92
P002022,C01279,reliable,499,payment_method_issue,1,29,17,0,0.54,0.89
P002023,C00462,reliable,499,bank_error,2,27,35,0,0.4,0.73
P002024,C09414,reliable,499,bank_error,1,27,19,0,0.54,0.93
P002025,C02739,occasionally_late,499,payment_method_issue,2,5,14,4,2.5,0.69
P002026,C05107,reliable,499,payment_method_issue,1,15,14,2,0.92,0.83
P002027,C07001,reliable,499,payment_method_issue,1,22,25,1,0.19,0.83
P002028,C08051,reliable,499,bank_error,1,35,33,2,0.74,0.98
P002029,C09858,occasionally_late,499,payment_method_issue,2,4,7,1,1.91,0.66
P002030,C02173,churn_risk,499,payment_method_issue,1,7,6,5,5.64,0.09
P002031,C02304,reliable,499,bank_error,1,12,33,0,0.39,0.78
P002032,C06792,occasionally_late,499,payment_method_issue,1,9,6,1,1.26,0.73
P002033,C04463,reliable,499,payment_method_issue,1,21,18,1,0.79,0.83
P002034,C02941,frequent_failure,499,bank_error,2,18,6,4,7.75,0.4
P002035,C03069,churn_risk,499,bank_error,1,11,0,5,5.87,0.23
P002036,C07050,frequent_failure,499,bank_error,1,13,11,6,4.51,0.38
P002037,C07750,reliable,499,bank_error,2,22,33,2,0.23,0.73
P002038,C03710,reliable,499,authentication_failed,2,35,7,0,0.32,0.97
P002039,C02124,occasionally_late,499,bank_error,2,12,11,4,3.55,0.6
P002040,C00635,reliable,499,bank_error,1,30,6,1,0.16,0.75
P002041,C07825,reliable,499,bank_error,1,26,34,0,0.95,0.97
P002042,C06657,occasionally_late,499,bank_error,1,12,8,2,2.22,0.68
P002043,C09089,reliable,499,bank_error,1,8,7,1,0.78,0.72
P002044,C00896,reliable,499,bank_error,2,11,28,2,0.67,0.85
P002045,C00990,reliable,499,bank_error,1,27,21,1,0.58,0.84
P002046,C07291,reliable,499,bank_error,1,8,28,1,0.95,0.84
P002047,C04827,reliable,499,bank_error,2,10,34,2,0.2,0.99
P002048,C04461,reliable,499,authentication_failed,1,26,28,0,0.33,0.94
P002049,C03869,reliable,499,payment_method_issue,1,7,24,0,0.49,0.75
P002050,C03893,churn_risk,499,bank_error,1,5,6,5,10.34,0.12
P002051,C06043,reliable,499,insufficient_funds,1,17,35,1,0.86,0.86
P002052,C08650,occasionally_late,499,authentication_failed,1,15,9,4,3.93,0.8
P002053,C02214,reliable,499,authentication_failed,1,31,34,1,0.96,0.78
P002054,C00042,frequent_failure,499,authentication_failed,1,5,9,5,7.87,0.25
P002055,C00037,churn_risk,499,payment_method_issue,1,1,2,7,12.35,0.1
P002056,C02962,occasionally_late,499,insufficient_funds,1,18,10,4,1.73,0.52
P002057,C01095,reliable,499,bank_error,1,36,29,0,0.78,0.96
P002058,C04368,frequent_failure,499,bank_error,1,7,8,5,5.47,0.31
P002059,C09737,occasionally_late,499,insufficient_funds,1,16,18,1,2.76,0.66
P002060,C02258,occasionally_late,499,payment_method_issue,1,6,17,1,2.59,0.76
P002061,C09043,reliable,499,payment_method_issue,1,36,31,0,0.07,0.98
P002062,C00667,frequent_failure,499,insufficient_funds,1,15,7,4,6.79,0.16
P002063,C07866,reliable,499,bank_error,2,20,29,1,0.22,0.91
P002064,C07860,occasionally_late,499,insufficient_funds,2,14,17,3,3.77,0.68
P002065,C08901,reliable,499,bank_error,1,25,18,0,0.55,0.98
P002066,C04400,frequent_failure,499,authentication_failed,1,5,11,7,6.41,0.43
P002067,C06795,occasionally_late,499,bank_error,1,14,7,3,3.62,0.64
P002068,C00231,occasionally_late,499,payment_method_issue,1,16,15,1,3.64,0.73
P002069,C05140,reliable,499,bank_error,1,33,23,2,0.64,0.81
P002070,C05257,reliable,499,bank_error,2,27,17,0,0.5,0.75
P002071,C08604,reliable,499,payment_method_issue,1,29,8,2,0.64,0.97
P002072,C06356,reliable,499,payment_method_issue,1,27,6,2,0.9,0.79
P002073,C01301,frequent_failure,499,insufficient_funds,1,8,6,5,5.74,0.38
P002074,C05836,occasionally_late,499,authentication_failed,1,17,15,4,1.93,0.73
P002075,C01697,occasionally_late,499,payment_method_issue,2,13,14,2,1.78,0.79
P002076,C03498,occasionally_late,499,bank_error,1,5,9,4,3.16,0.57
P002077,C09685,reliable,499,authentication_failed,1,17,27,1,0.92,0.82
P002078,C01249,reliable,499,payment_method_issue,2,13,12,2,0.37,0.75
P002079,C04161,occasionally_late,499,bank_error,1,7,15,2,3.49,0.64
P002080,C03431,occasionally_late,499,bank_error,1,5,3,1,3.8,0.7
P002081,C04957,occasionally_late,499,bank_error,1,17,4,2,3.19,0.54
P002082,C06458,reliable,499,payment_method_issue,1,24,33,2,0.01,0.83
P002083,C01381,churn_risk,499,payment_method_issue,2,3,0,8,12.33,0.13
P002084,C08137,churn_risk,499,insufficient_funds,1,4,4,7,11.12,0.14
P002085,C01430,occasionally_late,499,authentication_failed,2,16,10,4,3.35,0.65
P002086,C05144,reliable,499,payment_method_issue,1,19,34,0,0.72,0.86
P002087,C09942,reliable,499,bank_error,2,17,29,2,0.71,0.85
P002088,C04932,reliable,499,bank_error,1,33,33,2,0.63,0.99
P002089,C01310,reliable,499,bank_error,1,18,36,1,0.21,0.86
P002090,C06335,occasionally_late,499,insufficient_funds,1,13,19,4,2.57,0.59
P002091,C07963,reliable,499,insufficient_funds,1,13,29,0,0.26,0.85
P002092,C07491,churn_risk,499,payment_method_issue,2,8,6,7,6.17,0.1
P002093,C04270,occasionally_late,499,insufficient_funds,1,19,9,4,3.18,0.52
P002094,C01672,reliable,499,authentication_failed,1,31,17,2,0.49,0.74
P002095,C04175,occasionally_late,499,payment_method_issue,1,4,17,4,1.84,0.55
P002096,C04612,reliable,499,bank_error,1,30,31,0,0.5,0.9
P002097,C04157,frequent_failure,499,bank_error,1,3,6,7,4.88,0.18
P002098,C04698,reliable,499,insufficient_funds,1,6,24,0,0.81,0.87
P002099,C01876,reliable,499,authentication_failed,1,34,33,0,0.59,0.91
P002100,C02360,occasionally_late,499,insufficient_funds,1,21,6,1,2.87,0.68
P002101,C03557,churn_risk,499,insufficient_funds,1,4,3,4,12.03,0.24
P002102,C08169,frequent_failure,499,payment_method_issue,1,5,3,4,5.15,0.33
P002103,C07869,reliable,499,payment_method_issue,1,34,6,2,0.51,0.72
P002104,C04082,frequent_failure,499,authentication_failed,1,4,4,3,3.78,0.4
P002105,C00540,occasionally_late,499,authentication_failed,1,9,3,4,2.36,0.54
P002106,C01720,occasionally_late,499,bank_error,1,23,11,1,3.05,0.73
P002107,C06071,occasionally_late,499,insufficient_funds,1,20,5,3,3.16,0.64
P002108,C05374,occasionally_late,499,insufficient_funds,1,23,18,2,1.07,0.68
P002109,C03101,churn_risk,499,payment_method_issue,1,9,5,7,11.96,0.2
P002110,C05836,occasionally_late,499,insufficient_funds,1,17,15,4,1.93,0.73
P002111,C06235,churn_risk,499,bank_error,1,2,0,5,6.97,0.24
P002112,C06308,occasionally_late,499,insufficient_funds,1,9,17,3,3.98,0.54
P002113,C07064,reliable,499,payment_method_issue,1,35,17,2,0.23,0.96
P002114,C04877,occasionally_late,499,payment_method_issue,1,21,10,1,3.15,0.65
P002115,C09217,reliable,499,payment_method_issue,1,15,30,1,0.4,0.93
P002116,C08234,reliable,499,payment_method_issue,1,33,23,1,0.04,0.84
P002117,C04966,frequent_failure,499,insufficient_funds,1,4,10,4,6.92,0.5
P002118,C05665,churn_risk,499,payment_method_issue,1,10,4,9,11.48,0.22
P002119,C00319,occasionally_late,499,bank_error,2,14,12,1,2.17,0.66
P002120,C06657,occasionally_late,499,payment_method_issue,1,12,8,2,2.22,0.68
P002121,C00586,reliable,499,bank_error,1,20,27,2,0.22,0.93
P002122,C01276,reliable,499,bank_error,1,16,29,0,0.27,1.0
P002123,C07162,churn_risk,499,insufficient_funds,2,8,2,4,12.9,0.26
P002124,C00564,reliable,499,payment_method_issue,1,29,23,1,0.86,0.88
P002125,C04922,occasionally_late,499,bank_error,1,23,17,1,3.06,0.58
P002126,C02616,frequent_failure,499,authentication_failed,1,3,7,4,4.3,0.32
P002127,C01981,occasionally_late,499,payment_method_issue,1,21,9,1,3.92,0.47
P002128,C00548,churn_risk,499,insufficient_funds,1,9,6,8,10.31,0.21
P002129,C08128,reliable,499,bank_error,1,19,24,1,0.49,0.89
P002130,C08048,occasionally_late,499,insufficient_funds,1,20,5,1,2.8,0.63
P002131,C05236,churn_risk,499,insufficient_funds,1,1,3,4,8.86,0.21
P002132,C08898,reliable,499,payment_method_issue,1,29,33,2,0.49,0.71
P002133,C00656,occasionally_late,499,authentication_failed,1,19,11,4,3.26,0.61
P002134,C09283,reliable,499,bank_error,1,9,35,1,0.45,0.88
P002135,C07465,churn_risk,499,payment_method_issue,1,9,4,8,12.92,0.12
P002136,C08278,occasionally_late,499,insufficient_funds,1,11,13,2,2.89,0.71
P002137,C03188,reliable,499,authentication_failed,1,19,11,1,0.46,0.75
P002138,C01870,reliable,499,bank_error,1,27,22,2,0.35,0.78
P002139,C00783,occasionally_late,499,bank_error,1,7,19,1,1.63,0.75
P002140,C00229,reliable,499,authentication_failed,1,33,10,0,0.85,0.85
P002141,C04092,reliable,499,bank_error,2,11,14,2,0.72,0.72
P002142,C07351,churn_risk,499,insufficient_funds,1,10,3,5,12.33,0.17
P002143,C07215,reliable,499,authentication_failed,1,31,24,2,0.04,0.85
P002144,C08426,frequent_failure,499,payment_method_issue,1,16,7,5,3.39,0.38
P002145,C05778,occasionally_late,499,payment_method_issue,2,12,18,2,2.36,0.73
P002146,C02176,occasionally_late,499,insufficient_funds,1,11,12,2,1.4,0.59
P002147,C02354,reliable,499,bank_error,1,18,33,1,0.07,0.78
P002148,C07709,reliable,499,payment_method_issue,1,28,12,1,0.51,0.81
P002149,C06204,occasionally_late,499,payment_method_issue,1,7,8,1,2.18,0.68
P002150,C00416,reliable,499,payment_method_issue,2,34,14,1,0.75,0.87
P002151,C02228,frequent_failure,499,insufficient_funds,2,14,3,7,5.21,0.33
P002152,C08310,frequent_failure,499,authentication_failed,1,13,5,3,7.9,0.42
P002153,C04334,frequent_failure,499,bank_error,1,18,6,4,6.9,0.24
P002154,C08111,frequent_failure,499,bank_error,1,15,9,5,4.52,0.49
P002155,C06108,reliable,499,payment_method_issue,1,33,10,2,0.8,0.94
P002156,C06649,churn_risk,499,bank_error,2,1,3,7,14.75,0.05
P002157,C00236,reliable,499,payment_method_issue,1,19,32,0,0.56,0.73
P002158,C05836,occasionally_late,499,insufficient_funds,1,17,15,4,1.93,0.73
P002159,C03816,reliable,499,bank_error,1,20,20,0,0.02,0.76
P002160,C02496,reliable,499,insufficient_funds,1,35,36,1,0.18,0.7
P002161,C08636,frequent_failure,499,insufficient_funds,1,11,2,6,5.16,0.47
P002162,C05903,churn_risk,499,bank_error,1,1,6,5,11.54,0.22
P002163,C01584,reliable,499,payment_method_issue,1,21,25,1,0.65,0.71
P002164,C06599,churn_risk,499,authentication_failed,2,5,6,6,6.79,0.19
P002165,C06454,occasionally_late,499,payment_method_issue,1,6,4,2,1.52,0.48
P002166,C06576,reliable,499,bank_error,1,10,7,1,0.74,0.96
P002167,C09427,reliable,499,bank_error,1,32,11,0,0.62,0.96
P002168,C04765,frequent_failure,499,insufficient_funds,1,11,11,7,5.38,0.17
P002169,C09036,churn_risk,499,insufficient_funds,1,2,0,8,12.99,0.19
P002170,C06540,churn_risk,499,insufficient_funds,1,6,3,6,14.88,0.2
P002171,C08272,occasionally_late,499,insufficient_funds,2,8,9,1,1.74,0.77
P002172,C01287,frequent_failure,499,bank_error,2,18,1,5,5.61,0.16
P002173,C01321,occasionally_late,499,insufficient_funds,2,17,18,2,3.76,0.54
P002174,C05567,occasionally_late,499,bank_error,1,19,11,4,2.34,0.79
P002175,C05680,reliable,499,authentication_failed,1,26,10,2,0.2,0.93
P002176,C08230,occasionally_late,499,bank_error,1,15,9,3,1.23,0.61
P002177,C03933,reliable,499,bank_error,1,35,8,2,0.19,1.0
P002178,C09442,reliable,499,insufficient_funds,2,20,32,1,0.49,0.85
P002179,C04620,churn_risk,499,payment_method_issue,1,5,5,7,9.05,0.18
P002180,C06179,reliable,499,authentication_failed,1,16,8,1,0.24,0.77
P002181,C07397,churn_risk,499,authentication_failed,1,3,4,9,10.48,0.27
P002182,C09450,reliable,499,payment_method_issue,1,20,8,2,0.43,0.98
P002183,C02748,reliable,499,insufficient_funds,1,22,35,2,0.17,0.89
P002184,C03622,occasionally_late,499,insufficient_funds,2,19,19,1,2.58,0.76
P002185,C01613,frequent_failure,499,bank_error,1,12,7,5,4.68,0.36
P002186,C09746,occasionally_late,499,payment_method_issue,1,23,11,2,1.41,0.78
P002187,C07841,reliable,499,payment_method_issue,1,14,11,2,0.4,0.97
P002188,C05723,reliable,499,bank_error,1,26,18,1,0.14,0.95
P002189,C01345,reliable,499,authentication_failed,2,15,31,2,0.36,0.88
P002190,C06297,reliable,499,payment_method_issue,1,14,21,1,0.76,0.94
P002191,C00239,frequent_failure,499,insufficient_funds,1,6,4,6,3.34,0.26
P002192,C02139,frequent_failure,499,payment_method_issue,1,17,11,3,5.1,0.32
P002193,C08206,reliable,499,bank_error,1,20,15,1,0.39,0.75
P002194,C04988,frequent_failure,499,insufficient_funds,1,16,7,7,6.9,0.34
P002195,C04970,reliable,499,authentication_failed,1,7,20,0,0.01,0.84
P002196,C05986,frequent_failure,499,insufficient_funds,1,19,7,7,3.12,0.26
P002197,C08627,reliable,499,insufficient_funds,1,31,9,0,0.69,0.92
P002198,C07937,churn_risk,499,insufficient_funds,1,5,6,8,9.94,0.07
P002199,C02131,occasionally_late,499,payment_method_issue,1,7,10,1,1.63,0.78
P002200,C08109,frequent_failure,499,payment_method_issue,1,17,7,6,4.9,0.43
P002201,C04809,occasionally_late,499,payment_method_issue,1,22,11,4,1.18,0.56
P002202,C05169,reliable,499,payment_method_issue,1,33,32,1,0.87,0.93
P002203,C08655,reliable,499,bank_error,2,34,24,0,0.05,0.78
P002204,C00917,occasionally_late,499,insufficient_funds,2,17,7,3,1.45,0.5
P002205,C02786,occasionally_late,499,bank_error,1,16,3,3,2.04,0.69
P002206,C03846,frequent_failure,499,insufficient_funds,1,4,5,4,6.72,0.41
P002207,C04168,frequent_failure,499,bank_error,1,6,3,4,4.05,0.16
P002208,C08343,occasionally_late,499,bank_error,2,21,17,2,3.1,0.75
P002209,C09409,reliable,499,payment_method_issue,1,27,33,1,0.53,0.76
P002210,C07816,frequent_failure,499,authentication_failed,2,10,10,5,7.9,0.49
P002211,C01646,reliable,499,insufficient_funds,1,15,29,0,0.52,0.76
P002212,C06327,reliable,499,bank_error,2,31,25,0,0.75,0.93
P002213,C03270,churn_risk,499,authentication_failed,1,5,2,8,8.37,0.15
P002214,C03204,reliable,499,authentication_failed,1,11,23,1,0.68,0.85
P002215,C08865,frequent_failure,499,authentication_failed,2,10,2,6,7.17,0.38
P002216,C06240,churn_risk,499,insufficient_funds,2,4,3,6,8.82,0.2
P002217,C06621,reliable,499,payment_method_issue,2,15,8,1,0.68,0.83
P002218,C06577,reliable,499,authentication_failed,1,16,36,0,0.24,0.84
P002219,C00621,frequent_failure,499,payment_method_issue,1,6,11,3,5.19,0.5
P002220,C00228,reliable,499,payment_method_issue,1,32,10,1,0.53,0.99
P002221,C01426,frequent_failure,499,bank_error,2,10,5,6,7.98,0.22
P002222,C00916,frequent_failure,499,insufficient_funds,1,9,2,6,4.05,0.49
P002223,C08045,churn_risk,499,insufficient_funds,1,7,2,7,9.51,0.26
P002224,C08430,occasionally_late,499,insufficient_funds,1,7,11,3,2.36,0.63
P002225,C04088,reliable,499,bank_error,2,11,17,2,0.19,0.86
P002226,C08973,occasionally_late,499,bank_error,1,21,15,2,2.73,0.47
P002227,C07263,reliable,499,authentication_failed,2,24,20,2,0.92,0.95
P002228,C04250,occasionally_late,499,authentication_failed,2,8,8,3,2.32,0.68
P002229,C06777,reliable,499,payment_method_issue,1,25,28,1,0.9,0.87
P002230,C06570,reliable,499,payment_method_issue,1,22,16,1,0.15,0.84
P002231,C02620,reliable,499,payment_method_issue,1,19,26,1,0.92,0.87
P002232,C00229,reliable,499,payment_method_issue,1,33,10,0,0.85,0.85
P002233,C08484,churn_risk,499,authentication_failed,1,5,4,5,5.55,0.12
P002234,C02390,reliable,499,authentication_failed,2,14,28,0,0.24,0.79
P002235,C03936,reliable,499,payment_method_issue,1,17,8,1,0.07,0.92
P002236,C00855,occasionally_late,499,bank_error,2,21,19,1,1.54,0.54
P002237,C04777,reliable,499,payment_method_issue,2,12,8,2,0.82,0.81
P002238,C09834,reliable,499,bank_error,1,32,24,2,0.96,0.8
P002239,C02436,frequent_failure,499,insufficient_funds,1,3,3,7,7.84,0.48
P002240,C05898,reliable,499,payment_method_issue,1,21,36,0,0.43,0.73
P002241,C07283,churn_risk,499,authentication_failed,1,11,4,4,6.13,0.18
P002242,C09991,reliable,499,insufficient_funds,1,18,29,1,0.89,0.98
P002243,C03838,reliable,499,bank_error,1,21,6,2,0.64,0.98
P002244,C04409,occasionally_late,499,insufficient_funds,1,20,11,4,2.65,0.75
P002245,C02804,occasionally_late,499,insufficient_funds,2,4,12,4,2.96,0.69
P002246,C02856,frequent_failure,499,bank_error,1,17,11,5,3.78,0.24
P002247,C02327,reliable,499,payment_method_issue,1,12,33,2,0.9,0.74
P002248,C00631,reliable,499,bank_error,1,33,11,1,0.5,0.86
P002249,C01575,reliable,499,bank_error,1,6,8,0,0.91,0.95
P002250,C01162,reliable,499,authentication_failed,1,6,33,0,0.08,0.93
P002251,C06553,reliable,499,authentication_failed,1,33,28,2,0.89,0.74
P002252,C05715,occasionally_late,499,bank_error,1,19,6,2,1.47,0.57
P002253,C07245,reliable,499,bank_error,1,34,19,1,0.85,0.82
P002254,C04169,frequent_failure,499,insufficient_funds,1,4,11,4,5.51,0.48
P002255,C01532,occasionally_late,499,bank_error,1,15,11,1,2.22,0.49
P002256,C07990,reliable,499,bank_error,1,21,29,0,0.31,0.81
P002257,C08942,frequent_failure,499,authentication_failed,1,10,2,7,6.52,0.41
P002258,C00535,reliable,499,payment_method_issue,1,33,13,1,0.2,0.97
P002259,C08429,reliable,499,bank_error,1,36,33,2,0.61,0.87
P002260,C00872,reliable,499,insufficient_funds,2,36,19,2,0.61,0.77
P002261,C09012,reliable,499,payment_method_issue,1,25,22,0,0.33,0.71
P002262,C01784,occasionally_late,499,bank_error,2,15,17,2,1.01,0.77
P002263,C09389,reliable,499,bank_error,1,6,11,2,0.6,0.95
P002264,C03921,churn_risk,499,authentication_failed,2,4,2,5,6.56,0.2
P002265,C09738,frequent_failure,499,payment_method_issue,2,7,6,6,6.87,0.46
P002266,C08646,reliable,499,bank_error,1,15,10,0,0.82,0.79
P002267,C04394,reliable,499,bank_error,1,18,32,0,0.85,0.83
P002268,C04093,occasionally_late,499,bank_error,1,18,3,2,3.84,0.64
P002269,C00503,reliable,499,payment_method_issue,1,8,32,0,0.51,0.89
P002270,C02700,frequent_failure,499,payment_method_issue,1,14,7,6,4.27,0.32
P002271,C01348,occasionally_late,499,payment_method_issue,1,11,15,4,2.49,0.6
P002272,C05320,churn_risk,499,authentication_failed,1,3,5,8,7.71,0.14
P002273,C09536,reliable,499,bank_error,1,34,9,1,0.05,0.87
P002274,C09477,occasionally_late,499,payment_method_issue,1,19,4,4,3.93,0.71
P002275,C02651,occasionally_late,499,authentication_failed,1,10,13,3,3.71,0.48
P002276,C00185,occasionally_late,499,bank_error,1,10,11,2,2.94,0.6
P002277,C09107,frequent_failure,499,insufficient_funds,1,10,6,6,6.05,0.33
P002278,C00649,reliable,499,authentication_failed,1,35,33,2,0.56,0.82
P002279,C05397,reliable,499,authentication_failed,1,14,28,1,0.66,0.76
P002280,C05602,churn_risk,499,insufficient_funds,1,7,6,8,9.34,0.14
P002281,C00730,occasionally_late,499,insufficient_funds,1,5,19,2,4.0,0.72
P002282,C00939,reliable,499,authentication_failed,2,34,30,1,0.06,0.82
P002283,C02024,reliable,499,bank_error,1,33,28,0,0.61,0.91
P002284,C09450,reliable,499,payment_method_issue,1,20,8,2,0.43,0.98
P002285,C07835,churn_risk,499,authentication_failed,1,5,0,6,8.41,0.09
P002286,C02493,occasionally_late,499,insufficient_funds,1,8,16,2,2.61,0.64
P002287,C08808,occasionally_late,499,bank_error,1,22,13,1,1.0,0.64
P002288,C01118,frequent_failure,499,insufficient_funds,1,5,3,6,7.91,0.47
P002289,C08474,frequent_failure,499,bank_error,1,3,4,6,7.62,0.22
P002290,C04490,churn_risk,499,insufficient_funds,2,3,1,7,10.76,0.19
P002291,C03211,occasionally_late,499,payment_method_issue,1,20,8,1,3.61,0.76
P002292,C01411,reliable,499,insufficient_funds,1,24,14,0,0.6,0.85
P002293,C08438,reliable,499,insufficient_funds,1,36,27,2,0.97,0.88
P002294,C00579,frequent_failure,499,insufficient_funds,2,10,4,4,6.87,0.27
P002295,C08770,occasionally_late,499,authentication_failed,1,12,9,4,2.01,0.46
P002296,C00104,frequent_failure,499,insufficient_funds,1,15,1,4,3.18,0.2
P002297,C07418,occasionally_late,499,payment_method_issue,1,20,4,2,1.63,0.56
P002298,C09815,frequent_failure,499,bank_error,1,13,1,6,4.59,0.24
P002299,C01748,occasionally_late,499,authentication_failed,1,20,5,3,2.77,0.61
P002300,C00739,reliable,499,authentication_failed,1,13,14,0,0.23,0.8
P002301,C02483,occasionally_late,499,payment_method_issue,1,8,11,4,1.58,0.68
P002302,C07965,reliable,499,bank_error,1,7,26,1,0.24,0.82
P002303,C09505,reliable,499,authentication_failed,1,34,8,0,0.89,0.76
P002304,C03708,reliable,499,authentication_failed,2,25,22,0,0.74,0.7
P002305,C06749,reliable,499,bank_error,1,18,22,1,0.57,0.88
P002306,C03257,frequent_failure,499,insufficient_funds,1,4,8,6,7.98,0.18
P002307,C08519,reliable,499,payment_method_issue,1,11,31,0,0.6,0.76
P002308,C09519,churn_risk,499,insufficient_funds,1,10,0,7,12.21,0.17
P002309,C07968,reliable,499,payment_method_issue,1,29,29,2,0.11,0.9
P002310,C07757,reliable,499,payment_method_issue,1,14,14,0,0.27,0.71
P002311,C02062,frequent_failure,499,authentication_failed,2,4,9,4,4.18,0.46
P002312,C07849,reliable,499,payment_method_issue,2,26,20,0,0.74,0.97
P002313,C08041,occasionally_late,499,bank_error,2,14,8,2,2.66,0.73
P002314,C00485,frequent_failure,499,insufficient_funds,1,17,5,4,7.5,0.19
P002315,C02168,reliable,499,bank_error,1,36,7,0,0.92,0.91
P002316,C05220,occasionally_late,499,authentication_failed,1,10,15,2,3.01,0.58
P002317,C03869,reliable,499,authentication_failed,1,7,24,0,0.49,0.75
P002318,C02588,reliable,499,payment_method_issue,2,22,16,0,0.52,0.75
P002319,C08286,occasionally_late,499,bank_error,1,16,6,3,2.91,0.53
P002320,C04337,reliable,499,bank_error,1,15,25,0,0.42,0.73
P002321,C02498,reliable,499,bank_error,1,30,29,0,0.27,0.87
P002322,C03708,reliable,499,payment_method_issue,1,25,22,0,0.74,0.7
P002323,C02211,reliable,499,payment_method_issue,1,14,12,2,0.75,0.86
P002324,C04314,frequent_failure,499,authentication_failed,1,15,2,5,3.96,0.24
P002325,C07571,occasionally_late,499,bank_error,1,9,18,1,2.94,0.8
P002326,C03595,reliable,499,bank_error,1,35,15,0,0.26,0.85
P002327,C02591,reliable,499,payment_method_issue,2,14,17,2,0.6,0.87
P002328,C04044,churn_risk,499,insufficient_funds,1,2,3,7,9.1,0.21
P002329,C06686,reliable,499,bank_error,1,11,7,1,0.88,0.71
P002330,C09785,reliable,499,authentication_failed,1,20,16,2,0.7,0.77
P002331,C09549,frequent_failure,499,insufficient_funds,1,16,4,6,5.84,0.4
P002332,C09875,reliable,499,authentication_failed,1,9,24,1,0.56,0.76
P002333,C02571,occasionally_late,499,insufficient_funds,2,6,3,4,2.42,0.71
P002334,C03965,occasionally_late,499,payment_method_issue,2,17,9,4,2.62,0.59
P002335,C02714,churn_risk,499,bank_error,2,10,3,7,9.11,0.11
P002336,C05378,occasionally_late,499,authentication_failed,1,17,13,3,3.34,0.72
P002337,C08135,frequent_failure,499,payment_method_issue,1,7,10,3,6.28,0.15
P002338,C01879,reliable,499,bank_error,1,16,31,2,0.82,0.79
P002339,C09173,reliable,499,bank_error,1,25,24,2,0.05,0.92
P002340,C04750,reliable,499,payment_method_issue,1,24,20,2,0.32,0.84
P002341,C07757,reliable,499,bank_error,1,14,14,0,0.27,0.71
P002342,C02481,occasionally_late,499,payment_method_issue,1,4,9,2,3.38,0.5
P002343,C08508,churn_risk,499,insufficient_funds,1,11,2,7,9.6,0.14
P002344,C07733,frequent_failure,499,insufficient_funds,2,13,10,5,6.03,0.44
P002345,C08963,reliable,499,bank_error,1,17,27,1,0.57,0.81
P002346,C05537,occasionally_late,499,authentication_failed,1,11,11,3,1.31,0.71
P002347,C02036,reliable,499,bank_error,1,7,6,2,0.64,0.7
P002348,C01757,occasionally_late,499,bank_error,1,6,16,2,1.7,0.71
P002349,C06995,reliable,499,payment_method_issue,1,12,36,2,0.9,0.73
P002350,C08467,reliable,499,payment_method_issue,1,8,33,2,0.56,0.89
P002351,C07250,frequent_failure,499,insufficient_funds,1,10,7,6,3.99,0.42
P002352,C02460,reliable,499,bank_error,1,34,30,2,0.11,0.76
P002353,C08230,occasionally_late,499,bank_error,1,15,9,3,1.23,0.61
P002354,C03188,reliable,499,payment_method_issue,1,19,11,1,0.46,0.75
P002355,C07837,reliable,499,bank_error,1,19,26,1,0.41,0.9
P002356,C03439,frequent_failure,499,insufficient_funds,1,10,2,3,4.16,0.27
P002357,C01021,occasionally_late,499,bank_error,1,11,14,1,1.3,0.72
P002358,C00231,occasionally_late,499,insufficient_funds,1,16,15,1,3.64,0.73
P002359,C07877,occasionally_late,499,bank_error,1,16,14,3,2.0,0.63
P002360,C00744,frequent_failure,499,bank_error,1,5,8,5,7.25,0.18
P002361,C02837,reliable,499,payment_method_issue,1,30,22,2,0.66,0.78
P002362,C02124,occasionally_late,499,payment_method_issue,1,12,11,4,3.55,0.6
P002363,C03222,reliable,499,authentication_failed,1,9,33,0,0.82,0.99
P002364,C05372,reliable,499,authentication_failed,1,20,11,2,0.45,0.91
P002365,C07575,churn_risk,499,bank_error,1,6,6,9,7.4,0.15
P002366,C08483,occasionally_late,499,payment_method_issue,1,15,7,3,3.72,0.72
P002367,C08530,occasionally_late,499,payment_method_issue,1,12,14,2,1.92,0.72
P002368,C05107,reliable,499,bank_error,1,15,14,2,0.92,0.83
P002369,C05955,churn_risk,499,bank_error,1,7,3,9,13.99,0.06
P002370,C02708,occasionally_late,499,insufficient_funds,1,17,11,3,2.33,0.68
P002371,C02824,reliable,499,authentication_failed,1,12,13,0,0.88,0.99
P002372,C04711,reliable,499,payment_method_issue,2,15,12,2,0.89,0.72
P002373,C06593,frequent_failure,499,insufficient_funds,1,16,6,4,3.68,0.2
P002374,C03326,reliable,499,payment_method_issue,1,24,20,2,0.39,0.83
P002375,C04758,occasionally_late,499,bank_error,2,5,15,4,1.54,0.61
P002376,C06479,reliable,499,payment_method_issue,1,24,29,2,0.9,0.75
P002377,C07826,reliable,499,payment_method_issue,1,15,8,0,0.09,0.93
P002378,C06184,churn_risk,499,authentication_failed,2,10,5,7,14.49,0.19
P002379,C01663,reliable,499,bank_error,2,19,16,2,0.13,0.97
P002380,C00463,occasionally_late,499,insufficient_funds,2,24,9,3,3.62,0.62
P002381,C00882,reliable,499,payment_method_issue,2,21,19,0,0.17,0.72
P002382,C04173,occasionally_late,499,bank_error,1,13,11,1,3.45,0.46
P002383,C04316,occasionally_late,499,bank_error,1,21,3,3,1.88,0.76
P002384,C03682,reliable,499,bank_error,1,11,15,0,0.09,0.86
P002385,C05145,frequent_failure,499,bank_error,2,15,5,6,3.26,0.16
P002386,C00592,churn_risk,499,authentication_failed,2,7,1,8,13.62,0.12
P002387,C02241,reliable,499,payment_method_issue,2,24,27,2,0.85,0.71
P002388,C06406,reliable,499,payment_method_issue,1,9,14,0,0.37,0.84
P002389,C02324,reliable,499,bank_error,1,26,30,0,0.25,0.96
P002390,C02326,reliable,499,payment_method_issue,1,20,26,1,0.28,0.83
P002391,C06948,reliable,499,payment_method_issue,1,12,34,1,0.79,0.96
P002392,C09671,reliable,499,bank_error,1,18,25,1,0.12,0.97
P002393,C05803,reliable,499,authentication_failed,1,24,12,1,0.54,0.8
P002394,C06692,reliable,499,bank_error,1,11,13,2,0.2,0.71
P002395,C04956,reliable,499,bank_error,1,30,21,1,0.14,0.79
P002396,C08300,reliable,499,authentication_failed,1,7,13,2,0.54,0.98
P002397,C03601,reliable,499,payment_method_issue,1,30,27,1,0.58,0.84
P002398,C05566,reliable,499,bank_error,1,17,17,1,0.12,0.98
P002399,C04300,reliable,499,payment_method_issue,2,35,9,1,0.17,0.93
P002400,C02300,reliable,499,bank_error,1,10,7,2,0.44,0.85
P002401,C01481,occasionally_late,499,bank_error,1,11,13,2,2.81,0.49
P002402,C01469,frequent_failure,499,insufficient_funds,1,13,7,6,3.33,0.5
P002403,C09187,reliable,499,authentication_failed,1,18,26,2,0.64,0.98
P002404,C06743,occasionally_late,499,payment_method_issue,1,8,4,2,2.96,0.53
P002405,C01538,reliable,499,payment_method_issue,1,36,34,0,0.64,0.71
P002406,C06960,occasionally_late,499,authentication_failed,1,19,12,3,3.83,0.78
P002407,C00346,occasionally_late,499,bank_error,1,18,11,3,1.72,0.5
P002408,C07788,reliable,499,payment_method_issue,2,26,35,1,0.38,0.93
P002409,C03480,frequent_failure,499,payment_method_issue,2,12,1,7,4.84,0.32
P002410,C01776,churn_risk,499,insufficient_funds,2,7,6,8,10.84,0.28
P002411,C09588,occasionally_late,499,bank_error,2,24,7,2,2.03,0.76
P002412,C00863,reliable,499,payment_method_issue,2,36,12,0,0.12,0.96
P002413,C05343,reliable,499,payment_method_issue,1,20,7,1,0.64,0.9
P002414,C02310,reliable,499,bank_error,1,23,26,2,0.55,0.86
P002415,C09542,frequent_failure,499,authentication_failed,1,5,9,3,3.88,0.17
P002416,C05876,reliable,499,payment_method_issue,1,24,24,2,0.03,0.91
P002417,C04250,occasionally_late,499,payment_method_issue,1,8,8,3,2.32,0.68
P002418,C03674,occasionally_late,499,bank_error,1,11,4,3,3.58,0.5
P002419,C05743,reliable,499,bank_error,1,34,13,2,0.46,0.7
P002420,C04971,reliable,499,insufficient_funds,1,15,10,2,0.61,0.82
P002421,C03001,churn_risk,499,authentication_failed,1,6,3,4,5.49,0.16
P002422,C00910,occasionally_late,499,bank_error,1,13,11,3,1.04,0.68
P002423,C06881,churn_risk,499,authentication_failed,1,2,6,5,6.73,0.15
P002424,C06973,occasionally_late,499,bank_error,1,14,17,4,3.2,0.74
P002425,C02024,reliable,499,authentication_failed,1,33,28,0,0.61,0.91
P002426,C03065,reliable,499,bank_error,1,36,30,0,0.18,0.88
P002427,C03020,occasionally_late,499,bank_error,1,14,5,1,1.03,0.52
P002428,C03914,frequent_failure,499,payment_method_issue,1,13,11,4,4.92,0.37
P002429,C03998,occasionally_late,499,authentication_failed,2,23,13,4,2.28,0.61
P002430,C02073,churn_risk,499,bank_error,1,2,4,9,5.04,0.06
P002431,C08890,frequent_failure,499,authentication_failed,1,3,8,6,3.25,0.2
P002432,C05568,frequent_failure,499,insufficient_funds,2,15,2,7,4.41,0.44
P002433,C06501,frequent_failure,499,insufficient_funds,1,7,11,7,3.4,0.24
P002434,C04795,reliable,499,payment_method_issue,1,20,36,1,0.58,0.92
P002435,C00387,occasionally_late,499,insufficient_funds,2,8,18,2,2.68,0.65
P002436,C05075,frequent_failure,499,bank_error,1,12,6,7,3.48,0.23
P002437,C09396,reliable,499,bank_error,2,17,9,1,0.09,1.0
P002438,C04406,reliable,499,bank_error,1,16,15,2,0.65,0.8
P002439,C07809,frequent_failure,499,authentication_failed,1,3,8,4,5.93,0.36
P002440,C05241,frequent_failure,499,insufficient_funds,1,5,10,6,7.44,0.37
P002441,C05265,reliable,499,payment_method_issue,1,18,31,2,0.7,0.91
P002442,C08008,occasionally_late,499,bank_error,1,21,17,2,2.37,0.75
P002443,C09102,churn_risk,499,insufficient_funds,1,6,3,6,6.27,0.13
P002444,C05588,reliable,499,bank_error,1,21,17,1,0.32,0.75
P002445,C00829,occasionally_late,499,bank_error,1,17,9,2,1.4,0.48
P002446,C07378,reliable,499,bank_error,1,16,27,1,0.51,0.72
P002447,C07072,frequent_failure,499,bank_error,1,3,8,5,4.06,0.2
P002448,C05311,frequent_failure,499,insufficient_funds,1,13,6,7,5.24,0.43
P002449,C09293,reliable,499,payment_method_issue,1,16,8,0,0.98,0.81
P002450,C04980,reliable,499,bank_error,1,19,27,0,0.97,0.79
P002451,C03605,reliable,499,bank_error,1,36,22,2,0.65,0.72
P002452,C00989,frequent_failure,499,insufficient_funds,1,9,4,7,6.72,0.31
P002453,C04232,churn_risk,499,payment_method_issue,1,6,1,8,13.58,0.27
P002454,C03274,churn_risk,499,authentication_failed,1,11,3,6,5.17,0.13
P002455,C00399,occasionally_late,499,insufficient_funds,1,9,11,2,1.68,0.5
P002456,C00347,reliable,499,bank_error,2,35,19,2,0.18,0.91
P002457,C06434,occasionally_late,499,bank_error,1,8,17,1,3.45,0.63
P002458,C00184,reliable,499,bank_error,1,22,23,2,0.51,0.92
P002459,C09236,churn_risk,499,authentication_failed,1,1,0,9,14.11,0.26
P002460,C09455,reliable,499,authentication_failed,1,36,9,0,0.59,0.95
P002461,C03510,churn_risk,499,authentication_failed,1,4,0,5,8.18,0.18
P002462,C02393,frequent_failure,499,authentication_failed,1,13,8,5,7.87,0.39
P002463,C00340,occasionally_late,499,bank_error,1,5,3,4,2.82,0.5
P002464,C02054,occasionally_late,499,bank_error,2,16,8,1,1.95,0.64
P002465,C08756,reliable,499,insufficient_funds,1,10,7,1,0.92,0.8
P002466,C04313,occasionally_late,499,bank_error,1,8,16,3,3.71,0.48
P002467,C00197,reliable,499,authentication_failed,1,22,6,0,0.7,0.88
P002468,C03187,reliable,499,bank_error,2,17,33,1,0.93,0.96
P002469,C02365,churn_risk,499,insufficient_funds,1,9,3,8,5.74,0.25
P002470,C02632,reliable,499,payment_method_issue,1,19,34,1,0.09,0.83
P002471,C07147,frequent_failure,499,bank_error,1,4,2,4,6.75,0.25
P002472,C03380,reliable,499,payment_method_issue,1,12,28,1,0.9,0.86
P002473,C03197,reliable,499,payment_method_issue,1,11,33,2,0.03,0.83
P002474,C05885,reliable,499,bank_error,1,17,23,1,0.53,0.8
P002475,C02063,reliable,499,payment_method_issue,2,28,16,0,0.68,0.9
P002476,C05984,occasionally_late,499,payment_method_issue,1,11,13,1,3.88,0.75
P002477,C09306,reliable,499,authentication_failed,1,30,13,2,0.55,0.73
P002478,C02895,occasionally_late,499,insufficient_funds,1,15,11,4,2.83,0.61
P002479,C04317,reliable,499,bank_error,2,34,26,1,0.91,0.71
P002480,C07005,reliable,499,payment_method_issue,2,30,23,0,0.2,0.93
P002481,C02982,reliable,499,payment_method_issue,1,13,27,2,0.86,0.85
P002482,C02520,occasionally_late,499,insufficient_funds,1,16,17,4,1.27,0.48
P002483,C00189,reliable,499,authentication_failed,1,36,11,2,0.6,0.88
P002484,C09628,reliable,499,payment_method_issue,1,15,7,0,0.39,0.72
P002485,C09159,reliable,499,payment_method_issue,1,25,14,2,0.83,0.77
P002486,C02820,frequent_failure,499,insufficient_funds,1,11,3,6,3.39,0.22
P002487,C08325,reliable,499,authentication_failed,1,8,35,1,0.55,0.74
P002488,C06900,churn_risk,499,bank_error,1,3,1,9,11.25,0.09
P002489,C09224,reliable,499,bank_error,1,6,27,0,0.75,0.88
P002490,C04507,churn_risk,499,insufficient_funds,1,5,4,9,7.24,0.23
P002491,C05973,frequent_failure,499,insufficient_funds,1,16,3,4,7.27,0.47
P002492,C00412,reliable,499,bank_error,1,15,7,2,0.65,0.86
P002493,C07191,occasionally_late,499,authentication_failed,1,9,7,2,2.56,0.68
P002494,C03469,reliable,499,payment_method_issue,1,12,15,2,0.61,0.7
P002495,C04362,occasionally_late,499,authentication_failed,1,4,11,2,2.03,0.53
P002496,C01330,occasionally_late,499,payment_method_issue,2,9,5,2,3.3,0.79
P002497,C08055,churn_risk,499,bank_error,1,7,1,4,13.92,0.07
P002498,C09000,occasionally_late,499,insufficient_funds,1,12,7,3,2.72,0.65
P002499,C02951,reliable,499,payment_method_issue,1,35,12,2,0.81,0.89
P002500,C07115,reliable,499,authentication_failed,1,23,14,2,0.95,0.75
P002501,C01421,reliable,499,bank_error,1,34,6,2,0.64,0.87
P002502,C00798,reliable,499,payment_method_issue,1,27,34,2,0.87,0.73
P002503,C08011,churn_risk,499,payment_method_issue,1,7,4,7,9.24,0.1
P002504,C08926,reliable,499,payment_method_issue,1,23,23,1,0.43,0.77
P002505,C07935,occasionally_late,499,authentication_failed,1,13,6,2,3.43,0.58
P002506,C04924,reliable,499,authentication_failed,1,16,27,0,0.54,0.94
P002507,C00492,churn_risk,499,insufficient_funds,1,2,2,7,9.02,0.3
P002508,C02911,reliable,499,payment_method_issue,2,19,33,1,0.22,0.72
P002509,C01157,reliable,499,bank_error,2,14,35,0,0.0,0.75
P002510,C04101,reliable,499,payment_method_issue,1,15,30,2,0.23,0.98
P002511,C04933,reliable,499,bank_error,1,35,7,0,0.21,0.71
P002512,C03572,occasionally_late,499,payment_method_issue,2,12,18,4,2.92,0.73
P002513,C01250,frequent_failure,499,bank_error,1,10,7,6,3.24,0.21
P002514,C09482,occasionally_late,499,insufficient_funds,1,4,11,2,1.21,0.54
P002515,C06449,reliable,499,authentication_failed,1,22,13,2,0.11,0.75
P002516,C06557,frequent_failure,499,insufficient_funds,1,9,10,4,6.12,0.21
P002517,C09454,occasionally_late,499,bank_error,1,8,6,3,3.72,0.5
P002518,C06035,frequent_failure,499,payment_method_issue,2,15,11,3,7.91,0.35
P002519,C06990,frequent_failure,499,insufficient_funds,1,18,3,6,4.71,0.15
P002520,C08264,reliable,499,authentication_failed,1,21,27,1,0.6,0.8
P002521,C00720,frequent_failure,499,insufficient_funds,1,6,7,3,6.71,0.25
P002522,C08113,reliable,499,authentication_failed,1,6,24,2,0.27,0.76
P002523,C03797,reliable,499,insufficient_funds,1,20,6,1,0.09,0.97
P002524,C03255,reliable,499,bank_error,1,10,32,0,0.68,0.97
P002525,C00432,occasionally_late,499,payment_method_issue,1,21,13,1,2.31,0.65
P002526,C03346,reliable,499,authentication_failed,1,36,25,1,0.83,0.72
P002527,C07094,reliable,499,authentication_failed,1,12,34,0,0.39,0.86
P002528,C05949,occasionally_late,499,bank_error,2,11,10,1,3.62,0.77
P002529,C08573,reliable,499,authentication_failed,1,16,6,0,0.72,0.77
P002530,C08133,reliable,499,payment_method_issue,1,30,23,1,0.29,0.82
P002531,C00507,churn_risk,499,authentication_failed,2,8,6,9,5.14,0.23
P002532,C00401,reliable,499,authentication_failed,2,35,27,2,0.25,0.97
P002533,C04184,occasionally_late,499,bank_error,2,19,8,3,3.12,0.73
P002534,C00243,reliable,499,bank_error,1,24,16,1,0.0,0.75
P002535,C02469,reliable,499,payment_method_issue,2,19,6,2,0.6,0.9
P002536,C09216,occasionally_late,499,insufficient_funds,1,7,12,3,3.5,0.53
P002537,C01490,reliable,499,bank_error,1,23,16,2,0.18,0.73
P002538,C00771,occasionally_late,499,authentication_failed,2,6,6,3,2.21,0.74
P002539,C07184,reliable,499,insufficient_funds,1,6,27,2,0.52,0.77
P002540,C09146,frequent_failure,499,bank_error,1,8,6,5,7.1,0.4
P002541,C08075,reliable,499,authentication_failed,1,30,27,1,0.26,0.79
P002542,C08982,churn_risk,499,insufficient_funds,2,11,4,7,8.54,0.08
P002543,C00427,occasionally_late,499,insufficient_funds,1,4,6,1,3.47,0.52
P002544,C01483,reliable,499,payment_method_issue,1,13,27,1,0.84,0.87
P002545,C00308,reliable,499,bank_error,2,7,19,0,0.62,0.86
P002546,C02975,reliable,499,bank_error,1,13,18,2,0.91,0.79
P002547,C02213,churn_risk,499,payment_method_issue,2,11,6,6,11.76,0.3
P002548,C04710,reliable,499,bank_error,1,20,32,1,0.74,0.71
P002549,C03294,occasionally_late,499,insufficient_funds,2,7,14,3,3.02,0.57
P002550,C02328,churn_risk,499,insufficient_funds,1,4,5,9,9.96,0.18
P002551,C00789,occasionally_late,499,authentication_failed,1,12,16,3,2.81,0.51
P002552,C00307,frequent_failure,499,insufficient_funds,2,6,11,5,3.3,0.48
P002553,C03205,frequent_failure,499,payment_method_issue,2,9,5,5,4.6,0.2
P002554,C02055,reliable,499,bank_error,1,28,15,2,0.24,0.96
P002555,C06554,reliable,499,payment_method_issue,2,23,18,0,0.29,0.98
P002556,C08861,churn_risk,499,insufficient_funds,2,3,1,8,9.52,0.12
P002557,C09829,frequent_failure,499,authentication_failed,1,12,6,6,4.97,0.29
P002558,C01583,reliable,499,payment_method_issue,2,14,13,2,0.61,0.96
P002559,C05448,frequent_failure,499,authentication_failed,2,13,10,5,4.59,0.48
P002560,C04494,reliable,499,payment_method_issue,1,19,10,1,0.59,0.81
P002561,C01083,reliable,499,bank_error,1,16,19,1,0.27,0.74
P002562,C07789,occasionally_late,499,payment_method_issue,2,9,10,1,3.45,0.51
P002563,C03525,churn_risk,499,payment_method_issue,2,2,0,7,12.12,0.11
P002564,C04568,reliable,499,bank_error,1,28,16,1,0.57,0.71
P002565,C02293,frequent_failure,499,authentication_failed,1,7,7,3,5.53,0.29
P002566,C01655,reliable,499,payment_method_issue,2,27,32,1,0.0,0.79
P002567,C06539,reliable,499,bank_error,1,35,28,1,0.01,0.89
P002568,C09346,occasionally_late,499,authentication_failed,1,6,13,3,3.23,0.51
P002569,C01714,occasionally_late,499,insufficient_funds,2,24,10,1,3.73,0.46
P002570,C00889,occasionally_late,499,bank_error,2,22,5,3,1.72,0.76
P002571,C09885,occasionally_late,499,authentication_failed,2,14,14,4,2.98,0.78
P002572,C06211,occasionally_late,499,insufficient_funds,2,22,8,1,3.26,0.68
P002573,C05378,occasionally_late,499,bank_error,1,17,13,3,3.34,0.72
P002574,C01865,frequent_failure,499,bank_error,1,18,10,3,6.66,0.36
P002575,C01435,reliable,499,authentication_failed,1,30,8,2,0.75,0.77
P002576,C06486,churn_risk,499,payment_method_issue,1,5,1,9,10.12,0.29
P002577,C07684,reliable,499,insufficient_funds,1,28,19,1,0.36,0.91
P002578,C04821,occasionally_late,499,bank_error,1,12,7,3,1.63,0.76
P002579,C00672,churn_risk,499,authentication_failed,1,11,6,4,10.85,0.08
P002580,C09281,occasionally_late,499,bank_error,2,23,13,3,3.93,0.67
P002581,C03121,occasionally_late,499,payment_method_issue,1,17,10,1,2.79,0.62
P002582,C05592,frequent_failure,499,insufficient_funds,1,17,3,3,7.63,0.4
P002583,C02228,frequent_failure,499,insufficient_funds,1,14,3,7,5.21,0.33
P002584,C09638,occasionally_late,499,insufficient_funds,1,5,15,4,2.39,0.79
P002585,C04561,occasionally_late,499,insufficient_funds,1,22,14,1,1.84,0.69
P002586,C04719,reliable,499,payment_method_issue,1,8,29,0,0.27,0.74
P002587,C02706,occasionally_late,499,payment_method_issue,1,9,4,3,3.38,0.46
P002588,C04428,churn_risk,499,insufficient_funds,1,5,6,7,14.81,0.23
P002589,C06953,frequent_failure,499,payment_method_issue,2,4,8,6,6.81,0.27
P002590,C08186,occasionally_late,499,insufficient_funds,1,16,6,1,1.97,0.67
P002591,C06413,reliable,499,bank_error,1,28,19,0,0.6,0.9
P002592,C08737,reliable,499,bank_error,1,18,18,2,0.58,0.86
P002593,C00515,reliable,499,bank_error,1,32,27,0,0.58,0.95
P002594,C08504,reliable,499,authentication_failed,1,28,33,1,0.59,0.85
P002595,C08625,reliable,499,bank_error,2,9,16,0,0.77,0.96
P002596,C08459,occasionally_late,499,authentication_failed,1,18,17,1,3.36,0.7
P002597,C01332,frequent_failure,499,payment_method_issue,1,3,2,3,6.2,0.27
P002598,C01142,churn_risk,499,payment_method_issue,1,5,2,8,14.84,0.12
P002599,C00848,churn_risk,499,payment_method_issue,2,5,5,8,8.16,0.06
P002600,C03644,occasionally_late,499,authentication_failed,1,24,11,4,2.83,0.58
P002601,C06762,reliable,499,bank_error,1,7,15,1,0.54,0.85
P002602,C08682,churn_risk,499,insufficient_funds,1,11,3,5,7.65,0.18
P002603,C01431,reliable,499,insufficient_funds,1,6,21,1,0.28,0.8
P002604,C07368,frequent_failure,499,insufficient_funds,1,19,1,4,4.13,0.34
P002605,C03524,reliable,499,bank_error,1,12,20,1,0.19,0.92
P002606,C05461,reliable,499,bank_error,1,6,12,0,0.46,0.89
P002607,C03701,reliable,499,authentication_failed,1,24,21,0,0.31,0.91
P002608,C09134,reliable,499,authentication_failed,2,11,35,1,0.41,0.73
P002609,C07396,reliable,499,payment_method_issue,1,14,27,1,0.55,0.81
P002610,C04026,reliable,499,bank_error,1,32,28,0,0.64,0.89
P002611,C04009,reliable,499,insufficient_funds,1,9,25,0,0.39,0.72
P002612,C00105,reliable,499,payment_method_issue,1,28,11,0,0.53,0.92
P002613,C00467,frequent_failure,499,insufficient_funds,1,16,7,7,7.15,0.16
P002614,C02588,reliable,499,authentication_failed,1,22,16,0,0.52,0.75
P002615,C05641,reliable,499,bank_error,1,11,17,1,0.33,0.75
P002616,C01662,reliable,499,bank_error,1,15,12,0,0.61,0.91
P002617,C09812,frequent_failure,499,payment_method_issue,1,18,6,6,7.49,0.3
P002618,C03213,occasionally_late,499,insufficient_funds,2,12,17,1,3.89,0.65
P002619,C06770,reliable,499,authentication_failed,1,10,6,1,0.77,0.73
P002620,C06288,reliable,499,bank_error,1,35,18,2,0.47,0.95
P002621,C09510,churn_risk,499,insufficient_funds,1,1,2,7,13.51,0.19
P002622,C03586,churn_risk,499,payment_method_issue,1,5,6,6,9.56,0.06
P002623,C00017,churn_risk,499,payment_method_issue,2,10,0,7,13.63,0.21
P002624,C06154,reliable,499,payment_method_issue,1,12,19,1,0.08,0.82
P002625,C04528,churn_risk,499,bank_error,2,7,3,4,6.83,0.13
P002626,C02365,churn_risk,499,payment_method_issue,1,9,3,8,5.74,0.25
P002627,C07558,frequent_failure,499,insufficient_funds,1,18,10,6,5.97,0.5
P002628,C08682,churn_risk,499,insufficient_funds,1,11,3,5,7.65,0.18
P002629,C09970,reliable,499,bank_error,1,27,33,0,0.86,0.8
P002630,C03083,reliable,499,authentication_failed,1,11,27,0,0.14,0.9
P002631,C03749,frequent_failure,499,authentication_failed,1,16,10,4,7.02,0.32
P002632,C09815,frequent_failure,499,insufficient_funds,1,13,1,6,4.59,0.24
P002633,C06713,reliable,499,authentication_failed,1,27,16,2,0.5,1.0
P002634,C04723,reliable,499,insufficient_funds,2,17,35,1,0.97,0.95
P002635,C06114,churn_risk,499,bank_error,2,7,5,6,8.55,0.25
P002636,C09127,reliable,499,bank_error,1,35,31,1,0.43,0.97
P002637,C06187,reliable,499,insufficient_funds,1,10,17,0,0.17,0.81
P002638,C00989,frequent_failure,499,authentication_failed,1,9,4,7,6.72,0.31
P002639,C07301,frequent_failure,499,bank_error,2,17,4,3,6.58,0.21
P002640,C02967,reliable,499,payment_method_issue,1,33,19,0,0.74,0.78
P002641,C05899,occasionally_late,499,payment_method_issue,1,16,18,1,2.48,0.51
P002642,C08516,frequent_failure,499,bank_error,1,14,8,6,4.3,0.18
P002643,C01962,churn_risk,499,payment_method_issue,1,9,0,8,14.25,0.09
P002644,C05386,reliable,499,payment_method_issue,1,25,26,1,0.99,0.75
P002645,C04145,occasionally_late,499,bank_error,1,19,8,2,3.39,0.57
P002646,C07923,occasionally_late,499,insufficient_funds,1,9,11,2,2.07,0.52
P002647,C09635,frequent_failure,499,authentication_failed,1,12,9,7,4.77,0.21
P002648,C01970,reliable,499,bank_error,1,25,11,0,0.93,0.8
P002649,C00690,occasionally_late,499,payment_method_issue,1,17,13,4,2.36,0.69
P002650,C00961,churn_risk,499,authentication_failed,1,11,4,8,6.39,0.16
P002651,C07147,frequent_failure,499,payment_method_issue,1,4,2,4,6.75,0.25
P002652,C08617,reliable,499,insufficient_funds,1,9,21,2,0.13,0.98
P002653,C04149,reliable,499,payment_method_issue,1,8,16,0,0.71,0.73
P002654,C07338,reliable,499,payment_method_issue,2,17,29,2,0.7,0.9
P002655,C06115,reliable,499,payment_method_issue,1,35,7,1,0.98,0.83
P002656,C06214,reliable,499,payment_method_issue,1,11,10,0,0.68,0.71
P002657,C09133,occasionally_late,499,payment_method_issue,1,23,18,4,3.88,0.69
P002658,C09733,occasionally_late,499,insufficient_funds,1,20,7,1,3.2,0.5
P002659,C07880,occasionally_late,499,authentication_failed,1,12,3,4,1.46,0.58
P002660,C03793,reliable,499,authentication_failed,1,6,15,2,0.6,0.94
P002661,C06155,reliable,499,bank_error,1,15,7,2,0.29,0.79
P002662,C08242,occasionally_late,499,insufficient_funds,1,8,13,1,3.11,0.72
P002663,C03694,occasionally_late,499,bank_error,1,23,19,1,2.83,0.46
P002664,C03414,reliable,499,payment_method_issue,1,26,8,1,0.7,0.98
P002665,C08248,churn_risk,499,insufficient_funds,2,11,1,6,5.07,0.15
P002666,C03711,occasionally_late,499,authentication_failed,1,16,15,2,1.47,0.65
P002667,C08851,frequent_failure,499,insufficient_funds,1,12,3,7,7.19,0.25
P002668,C05268,occasionally_late,499,bank_error,1,13,4,1,3.18,0.5
P002669,C05024,frequent_failure,499,payment_method_issue,1,12,10,7,6.04,0.32
P002670,C08726,frequent_failure,499,payment_method_issue,1,9,2,5,6.62,0.23
P002671,C06915,reliable,499,bank_error,1,11,28,2,0.77,0.74
P002672,C08491,reliable,499,bank_error,1,31,34,0,0.77,0.89
P002673,C08363,reliable,499,bank_error,1,22,15,0,0.22,0.74
P002674,C00105,reliable,499,bank_error,1,28,11,0,0.53,0.92
P002675,C02451,frequent_failure,499,bank_error,2,7,1,5,6.57,0.4
P002676,C02542,churn_risk,499,insufficient_funds,1,2,2,7,12.36,0.05
P002677,C08443,reliable,499,authentication_failed,2,26,34,0,0.71,0.73
P002678,C05104,occasionally_late,499,authentication_failed,1,5,12,4,3.89,0.58
P002679,C07668,occasionally_late,499,insufficient_funds,1,13,6,1,2.1,0.76
P002680,C05057,occasionally_late,499,insufficient_funds,1,8,13,3,2.31,0.68
P002681,C07521,reliable,499,bank_error,1,26,8,2,0.1,0.74
P002682,C08944,occasionally_late,499,insufficient_funds,1,20,11,2,1.43,0.48
P002683,C05211,churn_risk,499,payment_method_issue,1,4,5,9,5.73,0.18
P002684,C01875,occasionally_late,499,authentication_failed,1,19,3,3,2.59,0.5
P002685,C02163,occasionally_late,499,bank_error,1,13,18,1,3.26,0.46
P002686,C04520,churn_risk,499,payment_method_issue,2,5,6,6,8.39,0.21
P002687,C01076,reliable,499,payment_method_issue,1,33,34,2,0.58,0.8
P002688,C08086,reliable,499,bank_error,1,34,24,2,0.21,0.84
P002689,C04083,occasionally_late,499,insufficient_funds,1,15,16,3,1.07,0.63
P002690,C05744,reliable,499,payment_method_issue,1,12,20,2,0.04,0.77
P002691,C00545,frequent_failure,499,bank_error,1,11,11,3,6.03,0.25
P002692,C08627,reliable,499,payment_method_issue,1,31,9,0,0.69,0.92
P002693,C03283,occasionally_late,499,bank_error,1,4,6,4,1.31,0.66
P002694,C05015,occasionally_late,499,insufficient_funds,1,18,14,3,3.88,0.46
P002695,C06501,frequent_failure,499,insufficient_funds,2,7,11,7,3.4,0.24
P002696,C09045,frequent_failure,499,bank_error,1,12,10,6,7.97,0.44
P002697,C01959,reliable,499,payment_method_issue,1,36,30,0,0.27,0.91
P002698,C05730,reliable,499,authentication_failed,1,8,11,0,0.95,0.81
P002699,C04640,churn_risk,499,bank_error,1,11,2,6,11.74,0.15
P002700,C06882,reliable,499,authentication_failed,1,11,7,1,0.13,0.99
P002701,C03516,frequent_failure,499,insufficient_funds,1,4,2,3,7.98,0.27
P002702,C04334,frequent_failure,499,authentication_failed,2,18,6,4,6.9,0.24
P002703,C00703,reliable,499,authentication_failed,2,26,28,0,0.67,0.97
P002704,C09730,frequent_failure,499,insufficient_funds,1,12,11,3,7.12,0.45
P002705,C08261,churn_risk,499,authentication_failed,2,10,6,8,10.21,0.18
P002706,C02378,reliable,499,payment_method_issue,1,28,28,0,0.81,0.74
P002707,C07937,churn_risk,499,insufficient_funds,1,5,6,8,9.94,0.07
P002708,C07440,frequent_failure,499,insufficient_funds,1,18,11,6,4.36,0.37
P002709,C09282,reliable,499,bank_error,1,16,6,1,0.33,0.89
P002710,C02763,reliable,499,payment_method_issue,1,14,7,0,0.38,0.78
P002711,C04017,churn_risk,499,insufficient_funds,2,6,1,9,14.03,0.09
P002712,C06955,occasionally_late,499,authentication_failed,1,17,9,4,2.78,0.68
P002713,C05757,reliable,499,insufficient_funds,2,6,20,0,0.05,0.92
P002714,C02190,occasionally_late,499,insufficient_funds,1,22,6,1,3.46,0.48
P002715,C09382,reliable,499,insufficient_funds,1,26,26,1,0.18,0.9
P002716,C03555,occasionally_late,499,insufficient_funds,2,24,5,2,2.88,0.55
P002717,C00354,churn_risk,499,authentication_failed,1,4,0,6,7.66,0.21
P002718,C05824,frequent_failure,499,bank_error,1,8,4,7,3.15,0.45
P002719,C01499,churn_risk,499,insufficient_funds,1,4,4,9,7.57,0.17
P002720,C06668,churn_risk,499,authentication_failed,1,10,0,8,12.71,0.21
P002721,C08276,reliable,499,bank_error,1,33,35,1,0.86,0.86
P002722,C03925,reliable,499,bank_error,1,31,29,0,0.47,0.81
P002723,C09494,reliable,499,payment_method_issue,1,30,13,2,0.76,0.77
P002724,C08780,reliable,499,bank_error,1,28,26,1,0.76,0.83
P002725,C04351,reliable,499,authentication_failed,1,15,31,1,0.59,0.83
P002726,C04906,reliable,499,bank_error,1,36,24,0,0.44,0.88
P002727,C05244,frequent_failure,499,insufficient_funds,1,8,2,5,3.5,0.48
P002728,C05166,churn_risk,499,authentication_failed,1,11,5,8,13.03,0.18
P002729,C07605,churn_risk,499,bank_error,2,4,4,8,8.37,0.15
P002730,C08960,occasionally_late,499,bank_error,1,11,9,3,3.34,0.54
P002731,C06832,reliable,499,authentication_failed,1,31,25,0,0.69,1.0
P002732,C08442,reliable,499,payment_method_issue,1,16,14,0,0.95,0.89
P002733,C02415,churn_risk,499,insufficient_funds,1,10,1,7,9.49,0.29
P002734,C07467,occasionally_late,499,bank_error,2,24,7,1,2.41,0.76
P002735,C02107,occasionally_late,499,bank_error,2,4,9,1,2.24,0.48
P002736,C04560,reliable,499,payment_method_issue,1,8,22,1,0.5,0.71
P002737,C02969,frequent_failure,499,bank_error,1,10,3,4,6.87,0.41
P002738,C07701,occasionally_late,499,bank_error,2,5,16,1,1.67,0.5
P002739,C06217,reliable,499,insufficient_funds,1,13,29,0,0.65,0.98
P002740,C00247,churn_risk,499,payment_method_issue,1,5,2,7,8.98,0.12
P002741,C01642,reliable,499,bank_error,1,14,22,2,0.09,0.71
P002742,C00922,occasionally_late,499,authentication_failed,2,7,9,2,2.02,0.47
P002743,C02501,reliable,499,bank_error,2,20,20,1,0.3,0.78
P002744,C06991,occasionally_late,499,payment_method_issue,1,10,17,2,3.96,0.49
P002745,C04018,reliable,499,payment_method_issue,1,31,12,0,0.13,0.98
P002746,C08811,reliable,499,bank_error,2,28,14,2,0.54,0.75
P002747,C08456,frequent_failure,499,insufficient_funds,1,19,2,5,7.63,0.43
P002748,C05328,occasionally_late,499,bank_error,1,23,17,4,3.1,0.67
P002749,C06716,occasionally_late,499,payment_method_issue,2,10,3,2,1.24,0.46
P002750,C01157,reliable,499,bank_error,1,14,35,0,0.0,0.75
P002751,C07156,occasionally_late,499,bank_error,1,21,9,1,1.37,0.74
P002752,C01373,reliable,499,authentication_failed,1,17,13,1,0.9,0.75
P002753,C08458,frequent_failure,499,insufficient_funds,1,8,7,3,4.42,0.21
P002754,C00420,frequent_failure,499,authentication_failed,1,7,5,3,4.98,0.47
P002755,C02202,churn_risk,499,authentication_failed,1,11,2,7,7.61,0.19
P002756,C04307,reliable,499,insufficient_funds,1,8,32,0,0.73,0.92
P002757,C03625,frequent_failure,499,payment_method_issue,1,8,11,5,6.12,0.38
P002758,C08938,frequent_failure,499,insufficient_funds,1,19,11,4,6.04,0.36
P002759,C02066,reliable,499,payment_method_issue,1,10,31,0,0.5,0.71
P002760,C08682,churn_risk,499,insufficient_funds,1,11,3,5,7.65,0.18
P002761,C02581,reliable,499,payment_method_issue,1,17,21,1,0.23,0.82
P002762,C05839,occasionally_late,499,insufficient_funds,1,18,12,3,3.6,0.56
P002763,C09037,reliable,499,payment_method_issue,1,29,28,2,0.24,0.77
P002764,C06267,occasionally_late,499,payment_method_issue,2,18,13,2,1.78,0.6
P002765,C06326,occasionally_late,499,insufficient_funds,1,7,8,3,1.39,0.73
P002766,C03095,occasionally_late,499,payment_method_issue,1,4,12,1,2.67,0.46
P002767,C01582,reliable,499,payment_method_issue,1,9,36,0,0.01,0.95
P002768,C07391,reliable,499,insufficient_funds,1,29,19,0,0.84,0.99
P002769,C05297,churn_risk,499,insufficient_funds,2,3,0,9,12.29,0.19
P002770,C04945,occasionally_late,499,insufficient_funds,1,24,12,2,3.14,0.74
P002771,C02221,reliable,499,bank_error,1,6,27,2,0.17,0.93
P002772,C01655,reliable,499,payment_method_issue,2,27,32,1,0.0,0.79
P002773,C07017,occasionally_late,499,bank_error,1,8,15,4,3.96,0.55
P002774,C01170,occasionally_late,499,payment_method_issue,2,6,15,3,2.42,0.74
P002775,C07108,reliable,499,bank_error,2,28,17,2,0.7,0.89
P002776,C01940,occasionally_late,499,bank_error,1,4,10,4,1.75,0.53
P002777,C02875,occasionally_late,499,insufficient_funds,1,11,13,4,2.91,0.76
P002778,C02977,frequent_failure,499,payment_method_issue,1,11,5,3,5.26,0.33
P002779,C01271,reliable,499,authentication_failed,1,25,30,2,0.08,0.76
P002780,C02158,reliable,499,payment_method_issue,1,9,12,0,0.03,0.88
P002781,C03069,churn_risk,499,insufficient_funds,1,11,0,5,5.87,0.23
P002782,C01377,reliable,499,bank_error,2,21,12,0,0.69,0.88
P002783,C04132,reliable,499,bank_error,2,29,23,1,0.75,0.89
P002784,C06353,occasionally_late,499,authentication_failed,1,10,19,4,2.01,0.64
P002785,C07200,occasionally_late,499,insufficient_funds,2,19,17,4,3.66,0.58
P002786,C01010,occasionally_late,499,authentication_failed,2,14,6,2,3.44,0.54
P002787,C01115,occasionally_late,499,insufficient_funds,1,22,9,4,2.39,0.73
P002788,C01879,reliable,499,payment_method_issue,2,16,31,2,0.82,0.79
P002789,C09358,reliable,499,bank_error,1,28,30,0,0.01,0.73
P002790,C06288,reliable,499,authentication_failed,1,35,18,2,0.47,0.95
P002791,C07662,reliable,499,authentication_failed,1,6,15,0,0.05,0.71
P002792,C00511,occasionally_late,499,payment_method_issue,1,17,15,1,3.09,0.45
P002793,C08707,occasionally_late,499,insufficient_funds,1,5,19,2,3.88,0.72
P002794,C03353,occasionally_late,499,bank_error,1,5,4,2,3.16,0.57
P002795,C01255,reliable,499,payment_method_issue,1,18,15,0,0.72,0.73
P002796,C09856,churn_risk,499,payment_method_issue,1,11,0,6,11.66,0.06
P002797,C03748,occasionally_late,499,insufficient_funds,1,22,15,2,2.88,0.62
P002798,C01000,reliable,499,payment_method_issue,1,21,24,1,0.21,0.96
P002799,C02428,occasionally_late,499,insufficient_funds,1,10,3,2,2.39,0.6
P002800,C09202,occasionally_late,499,bank_error,1,12,17,3,2.24,0.61
P002801,C06059,reliable,499,payment_method_issue,1,24,13,2,0.5,0.81
P002802,C01545,frequent_failure,499,bank_error,1,12,9,5,7.41,0.35
P002803,C00081,reliable,499,bank_error,1,32,24,0,0.05,0.99
P002804,C03438,frequent_failure,499,insufficient_funds,1,5,5,5,7.81,0.26
P002805,C01965,reliable,499,bank_error,2,30,26,2,0.68,0.86
P002806,C06693,reliable,499,bank_error,1,29,14,0,0.8,0.72
P002807,C00329,reliable,499,authentication_failed,1,28,21,0,0.3,0.99
P002808,C07904,occasionally_late,499,bank_error,1,23,8,1,3.53,0.76
P002809,C06812,reliable,499,payment_method_issue,1,31,25,2,0.47,0.79
P002810,C04160,reliable,499,bank_error,2,7,14,1,0.96,0.9
P002811,C05006,reliable,499,bank_error,1,32,11,1,0.36,0.91
P002812,C00965,occasionally_late,499,authentication_failed,1,13,19,1,3.49,0.68
P002813,C05060,churn_risk,499,authentication_failed,1,11,3,9,7.29,0.29
P002814,C07263,reliable,499,payment_method_issue,1,24,20,2,0.92,0.95
P002815,C04963,reliable,499,bank_error,2,14,20,0,0.45,0.96
P002816,C08437,occasionally_late,499,authentication_failed,1,19,14,1,2.41,0.5
P002817,C09009,churn_risk,499,insufficient_funds,2,1,5,9,6.87,0.28
P002818,C08623,frequent_failure,499,bank_error,1,12,10,4,5.67,0.21
P002819,C03545,occasionally_late,499,authentication_failed,1,23,7,4,3.24,0.62
P002820,C02777,reliable,499,payment_method_issue,2,35,36,0,0.52,0.87
P002821,C00708,reliable,499,payment_method_issue,1,33,15,2,0.37,0.81
P002822,C00749,reliable,499,bank_error,1,32,21,0,0.01,0.76
P002823,C06454,occasionally_late,499,authentication_failed,1,6,4,2,1.52,0.48
P002824,C03128,churn_risk,499,bank_error,2,8,2,4,5.5,0.17
P002825,C04402,reliable,499,authentication_failed,1,16,32,0,0.44,0.9
P002826,C03701,reliable,499,payment_method_issue,1,24,21,0,0.31,0.91
P002827,C03484,occasionally_late,499,bank_error,1,10,5,1,2.16,0.45
P002828,C05483,reliable,499,payment_method_issue,2,35,13,1,0.6,0.96
P002829,C02881,reliable,499,bank_error,1,25,11,1,0.9,0.76
P002830,C04069,frequent_failure,499,insufficient_funds,1,4,6,6,5.12,0.23
P002831,C07782,occasionally_late,499,authentication_failed,1,21,7,3,3.99,0.47
P002832,C02155,reliable,499,bank_error,1,19,19,0,0.2,0.7
P002833,C03091,reliable,499,payment_method_issue,1,13,15,1,0.92,0.83
P002834,C03598,reliable,499,authentication_failed,1,14,33,2,0.26,0.86
P002835,C02185,occasionally_late,499,insufficient_funds,1,5,19,4,1.32,0.63
P002836,C03133,occasionally_late,499,payment_method_issue,1,5,12,3,2.78,0.73
P002837,C07795,reliable,499,authentication_failed,2,19,29,0,0.32,0.87
P002838,C09812,frequent_failure,499,insufficient_funds,1,18,6,6,7.49,0.3
P002839,C04144,reliable,499,bank_error,1,26,21,1,0.69,0.82
P002840,C01037,reliable,499,authentication_failed,1,18,21,1,0.36,0.98
P002841,C02281,churn_risk,499,insufficient_funds,1,9,4,8,13.63,0.15
P002842,C05027,occasionally_late,499,bank_error,2,22,14,4,2.51,0.47
P002843,C04794,occasionally_late,499,insufficient_funds,1,14,6,3,3.28,0.79
P002844,C03405,reliable,499,bank_error,2,8,32,2,0.34,0.75
P002845,C09973,frequent_failure,499,payment_method_issue,1,9,5,7,6.33,0.19
P002846,C03257,frequent_failure,499,insufficient_funds,1,4,8,6,7.98,0.18
P002847,C08629,churn_risk,499,bank_error,1,10,5,6,9.57,0.12
P002848,C02288,frequent_failure,499,payment_method_issue,1,4,2,5,6.78,0.36
P002849,C02433,reliable,499,bank_error,1,28,8,1,0.86,0.8
P002850,C04098,reliable,499,bank_error,1,8,28,1,0.67,0.78
P002851,C05019,frequent_failure,499,insufficient_funds,2,14,11,5,4.88,0.26
P002852,C03389,frequent_failure,499,insufficient_funds,1,17,7,7,7.03,0.38
P002853,C00448,frequent_failure,499,payment_method_issue,1,11,6,3,7.95,0.37
P002854,C03496,reliable,499,payment_method_issue,1,27,21,0,0.97,0.77
P002855,C06698,reliable,499,authentication_failed,1,23,8,2,0.09,0.83
P002856,C05355,churn_risk,499,authentication_failed,1,10,1,8,13.25,0.1
P002857,C01222,reliable,499,payment_method_issue,1,21,22,0,0.5,0.78
P002858,C03558,reliable,499,authentication_failed,1,30,15,0,0.88,0.94
P002859,C04435,reliable,499,insufficient_funds,1,30,17,1,0.16,0.75
P002860,C04833,reliable,499,bank_error,1,11,22,1,0.32,0.92
P002861,C05781,churn_risk,499,authentication_failed,1,10,0,7,7.57,0.26
P002862,C05550,reliable,499,payment_method_issue,1,31,24,0,0.04,0.78
P002863,C04211,reliable,499,bank_error,2,10,8,0,0.75,0.95
P002864,C02523,occasionally_late,499,authentication_failed,1,18,12,3,2.74,0.72
P002865,C00125,occasionally_late,499,insufficient_funds,1,17,9,3,3.69,0.63
P002866,C06243,reliable,499,insufficient_funds,1,35,21,1,0.82,0.87
P002867,C08689,reliable,499,bank_error,1,18,34,0,0.39,0.96
P002868,C04149,reliable,499,payment_method_issue,1,8,16,0,0.71,0.73
P002869,C02913,reliable,499,insufficient_funds,2,26,36,0,0.52,0.71
P002870,C06855,reliable,499,payment_method_issue,2,18,22,1,0.09,0.88
P002871,C04026,reliable,499,insufficient_funds,2,32,28,0,0.64,0.89
P002872,C02566,frequent_failure,499,bank_error,2,13,2,4,3.89,0.47
P002873,C06391,reliable,499,bank_error,1,6,10,1,0.01,0.97
P002874,C08754,reliable,499,insufficient_funds,2,12,6,0,0.83,0.9
P002875,C01028,reliable,499,authentication_failed,1,12,31,1,0.58,0.74
P002876,C02254,reliable,499,authentication_failed,1,28,18,2,0.06,0.72
P002877,C03636,reliable,499,payment_method_issue,1,36,14,1,0.15,0.83
P002878,C00636,reliable,499,insufficient_funds,1,15,33,0,0.75,0.92
P002879,C02570,reliable,499,bank_error,1,18,24,1,0.82,0.84
P002880,C07169,frequent_failure,499,insufficient_funds,1,4,1,7,5.72,0.18
P002881,C07919,churn_risk,499,authentication_failed,1,8,4,6,12.01,0.29
P002882,C02376,reliable,499,payment_method_issue,1,25,13,2,0.52,0.87
P002883,C02703,frequent_failure,499,bank_error,2,17,8,3,4.04,0.31
P002884,C06677,reliable,499,insufficient_funds,1,29,17,2,0.23,0.92
P002885,C08013,reliable,499,bank_error,1,18,27,2,0.0,0.9
P002886,C02446,occasionally_late,499,bank_error,2,18,12,2,2.21,0.78
P002887,C02724,occasionally_late,499,payment_method_issue,1,22,13,4,2.61,0.72
P002888,C07921,occasionally_late,499,insufficient_funds,1,7,6,3,3.48,0.72
P002889,C05229,reliable,499,payment_method_issue,2,11,8,1,0.03,0.81
P002890,C04330,reliable,499,authentication_failed,1,11,24,0,0.8,0.82
P002891,C09864,reliable,499,insufficient_funds,1,33,25,0,0.4,0.8
P002892,C07014,occasionally_late,499,payment_method_issue,1,6,3,3,2.98,0.77
P002893,C09532,reliable,499,payment_method_issue,1,26,26,0,0.8,0.75
P002894,C05744,reliable,499,payment_method_issue,1,12,20,2,0.04,0.77
P002895,C04698,reliable,499,authentication_failed,1,6,24,0,0.81,0.87
P002896,C03137,reliable,499,payment_method_issue,2,15,23,2,0.73,0.84
P002897,C05269,reliable,499,payment_method_issue,1,6,23,2,0.18,0.91
P002898,C09014,frequent_failure,499,payment_method_issue,1,11,10,4,5.81,0.38
P002899,C00399,occasionally_late,499,insufficient_funds,1,9,11,2,1.68,0.5
P002900,C05441,reliable,499,bank_error,1,18,22,2,0.62,0.71
P002901,C02335,reliable,499,bank_error,1,10,35,0,0.36,0.77
P002902,C09450,reliable,499,authentication_failed,1,20,8,2,0.43,0.98
P002903,C06476,reliable,499,bank_error,1,22,29,0,0.21,0.88
P002904,C06954,reliable,499,authentication_failed,1,24,16,1,0.92,0.81
P002905,C00021,reliable,499,bank_error,1,18,24,2,0.9,0.84
P002906,C07184,reliable,499,bank_error,1,6,27,2,0.52,0.77
P002907,C04872,reliable,499,payment_method_issue,1,8,35,2,0.31,0.96
P002908,C08005,frequent_failure,499,bank_error,2,18,1,7,4.29,0.48
P002909,C08780,reliable,499,authentication_failed,1,28,26,1,0.76,0.83
P002910,C09958,reliable,499,payment_method_issue,1,26,18,1,0.56,0.75
P002911,C04101,reliable,499,authentication_failed,2,15,30,2,0.23,0.98
P002912,C09645,reliable,499,bank_error,1,35,24,1,0.34,0.92
P002913,C09340,occasionally_late,499,bank_error,1,4,13,3,3.86,0.55
P002914,C08450,occasionally_late,499,bank_error,1,7,13,3,3.73,0.62
P002915,C02861,occasionally_late,499,insufficient_funds,1,16,9,3,1.63,0.78
P002916,C00516,occasionally_late,499,insufficient_funds,2,24,15,1,1.64,0.6
P002917,C04473,reliable,499,payment_method_issue,1,29,9,0,0.91,0.94
P002918,C01602,reliable,499,bank_error,1,9,34,0,0.03,0.91
P002919,C03986,reliable,499,bank_error,2,14,27,2,0.61,0.85
P002920,C01871,reliable,499,bank_error,2,16,6,0,0.9,0.88
P002921,C07247,reliable,499,authentication_failed,1,12,25,1,0.89,0.88
P002922,C03997,churn_risk,499,authentication_failed,2,5,4,6,12.27,0.14
P002923,C07769,occasionally_late,499,payment_method_issue,1,23,11,1,1.5,0.71
P002924,C00161,reliable,499,bank_error,1,19,10,0,0.17,0.76
P002925,C06433,reliable,499,bank_error,2,23,24,1,0.54,0.84
P002926,C06373,frequent_failure,499,payment_method_issue,1,15,3,7,4.79,0.43
P002927,C05427,occasionally_late,499,payment_method_issue,1,12,5,3,1.82,0.5
P002928,C01939,occasionally_late,499,payment_method_issue,1,5,5,1,3.96,0.56
P002929,C09618,reliable,499,bank_error,1,7,15,1,0.49,0.81
P002930,C04321,reliable,499,bank_error,2,27,20,0,0.89,0.98
P002931,C02954,occasionally_late,499,insufficient_funds,1,23,19,3,1.81,0.47
P002932,C00090,frequent_failure,499,bank_error,1,8,3,7,4.89,0.4
P002933,C04056,reliable,499,bank_error,2,24,19,2,0.26,0.76
P002934,C00625,reliable,499,payment_method_issue,2,34,23,2,0.22,0.88
P002935,C05073,frequent_failure,499,insufficient_funds,1,7,11,7,7.18,0.43
P002936,C04959,reliable,499,authentication_failed,1,18,10,1,0.44,0.94
P002937,C03499,occasionally_late,499,payment_method_issue,2,5,6,4,1.45,0.62
P002938,C09488,frequent_failure,499,insufficient_funds,1,14,10,5,5.91,0.34
P002939,C09418,occasionally_late,499,authentication_failed,1,24,12,2,1.52,0.67
P002940,C05610,reliable,499,authentication_failed,1,7,31,0,0.82,0.92
P002941,C03094,reliable,499,authentication_failed,1,20,31,2,0.32,0.79
P002942,C01870,reliable,499,payment_method_issue,1,27,22,2,0.35,0.78
P002943,C09063,reliable,499,insufficient_funds,2,24,29,0,0.38,0.98
P002944,C00211,reliable,499,bank_error,1,15,7,1,0.0,0.76
P002945,C05873,occasionally_late,499,payment_method_issue,1,7,14,2,3.47,0.76
P002946,C00086,occasionally_late,499,insufficient_funds,1,14,13,2,3.91,0.69
P002947,C01807,occasionally_late,499,payment_method_issue,1,17,14,4,3.45,0.66
P002948,C02513,reliable,499,bank_error,1,17,21,0,0.65,0.81
P002949,C07636,occasionally_late,499,payment_method_issue,1,9,8,2,1.35,0.5
P002950,C01800,occasionally_late,499,authentication_failed,1,19,4,3,3.32,0.76
P002951,C07763,reliable,499,insufficient_funds,1,29,18,1,0.74,0.7
P002952,C08675,frequent_failure,499,insufficient_funds,1,14,3,4,4.96,0.26
P002953,C07405,occasionally_late,499,insufficient_funds,2,17,7,1,2.49,0.48
P002954,C02049,frequent_failure,499,payment_method_issue,1,11,2,7,4.51,0.16
P002955,C01206,frequent_failure,499,insufficient_funds,2,14,9,3,7.81,0.33
P002956,C06135,occasionally_late,499,insufficient_funds,2,17,4,2,1.47,0.6
P002957,C06022,frequent_failure,499,bank_error,1,8,5,5,6.71,0.37
P002958,C01160,reliable,499,insufficient_funds,1,35,15,1,0.02,0.97
P002959,C01183,reliable,499,payment_method_issue,1,23,32,0,0.49,0.76
P002960,C03992,reliable,499,bank_error,2,36,12,2,0.99,0.87
P002961,C00359,frequent_failure,499,insufficient_funds,2,10,5,6,6.19,0.38
P002962,C06003,frequent_failure,499,authentication_failed,1,10,6,7,5.33,0.43
P002963,C06223,reliable,499,bank_error,1,6,20,2,0.26,0.74
P002964,C09680,reliable,499,authentication_failed,1,6,18,0,0.48,0.89
P002965,C05916,frequent_failure,499,payment_method_issue,1,9,5,5,6.52,0.23
P002966,C01543,churn_risk,499,bank_error,1,7,3,6,10.56,0.23
P002967,C06720,reliable,499,bank_error,1,15,13,2,0.86,0.77
P002968,C08008,occasionally_late,499,authentication_failed,1,21,17,2,2.37,0.75
P002969,C07279,reliable,499,bank_error,1,19,11,1,0.39,0.99
P002970,C08129,reliable,499,payment_method_issue,1,27,17,0,0.65,0.99
P002971,C03368,occasionally_late,499,insufficient_funds,1,5,13,1,3.37,0.77
P002972,C05476,frequent_failure,499,insufficient_funds,1,3,10,7,6.36,0.43
P002973,C04519,frequent_failure,499,bank_error,1,17,3,6,3.08,0.21
P002974,C01269,occasionally_late,499,insufficient_funds,1,19,11,1,3.8,0.7
P002975,C02881,reliable,499,authentication_failed,1,25,11,1,0.9,0.76
P002976,C00402,reliable,499,authentication_failed,1,21,21,1,0.43,0.95
P002977,C07854,occasionally_late,499,insufficient_funds,1,19,13,2,2.77,0.61
P002978,C09654,churn_risk,499,payment_method_issue,2,11,6,6,6.4,0.09
P002979,C09591,reliable,499,authentication_failed,1,22,17,1,0.14,0.79
P002980,C02309,occasionally_late,499,insufficient_funds,1,13,15,4,2.45,0.78
P002981,C00348,occasionally_late,499,authentication_failed,2,7,9,4,3.44,0.67
P002982,C05974,reliable,499,bank_error,1,12,11,1,0.25,0.82
P002983,C08324,occasionally_late,499,insufficient_funds,1,11,12,2,1.55,0.65
P002984,C03530,reliable,499,authentication_failed,1,26,25,2,0.36,0.75
P002985,C08100,occasionally_late,499,payment_method_issue,1,22,15,3,1.26,0.71
P002986,C09727,frequent_failure,499,payment_method_issue,1,5,1,7,6.07,0.43
P002987,C04150,reliable,499,insufficient_funds,1,14,8,1,0.13,0.82
P002988,C08757,reliable,499,authentication_failed,1,30,22,1,0.4,0.99
P002989,C06274,reliable,499,insufficient_funds,2,17,31,0,0.82,0.84
P002990,C03264,occasionally_late,499,payment_method_issue,1,23,6,2,3.64,0.79
P002991,C01245,reliable,499,bank_error,2,17,17,0,0.96,0.88
P002992,C07786,reliable,499,authentication_failed,1,19,8,1,0.45,0.95
P002993,C04964,frequent_failure,499,insufficient_funds,1,18,3,3,5.97,0.25
P002994,C02115,occasionally_late,499,insufficient_funds,1,11,17,2,3.98,0.48
P002995,C00760,reliable,499,bank_error,1,34,34,1,0.42,0.94
P002996,C04577,churn_risk,499,authentication_failed,1,7,6,5,12.51,0.3
P002997,C03832,frequent_failure,499,payment_method_issue,1,18,5,3,4.01,0.29
P002998,C03593,reliable,499,bank_error,2,34,34,0,0.51,0.82
P002999,C05471,frequent_failure,499,insufficient_funds,1,13,2,6,7.29,0.45
P003000,C03381,occasionally_late,499,bank_error,1,20,6,4,2.47,0.64
